"amonth";"word";"n";"tf";"idf";"tf_idf"
2016-01-01;"score";134;0,00342851294647426;0,85566611005772;0,00293366233619216
2016-01-01;"lyft";18;0,000460546515198035;2,59026716544583;0,00119293851647797
2016-01-01;"agu";21;0,000537304267731041;1,89711998488588;0,00101933066427703
2016-01-01;"uae";19;0,000486132432709037;2,07944154167984;0,00101088397533305
2016-01-01;"verdict";30;0,000767577525330058;1,29098418131557;0,000990930443134453
2016-01-01;"dechristopher";10;0,000255859175110019;3,68887945411394;0,000943833654209891
2016-01-01;"pdo";10;0,000255859175110019;3,68887945411394;0,000943833654209891
2016-01-01;"ridgwell";10;0,000255859175110019;3,68887945411394;0,000943833654209891
2016-01-01;"murres";14;0,000358202845154027;2,59026716544583;0,000927841068371752
2016-01-01;"illustrators";9;0,000230273257599017;3,68887945411394;0,000849450288788902
2016-01-01;"chubb";14;0,000358202845154027;2,30258509299405;0,000824792531519718
2016-01-01;"davos";25;0,000639647937775049;1,20397280432594;0,000770118721424327
2016-01-01;"wef";12;0,000307031010132023;2,30258509299405;0,000706965027016901
2016-01-01;"zeebe";10;0,000255859175110019;2,59026716544583;0,000662743620265538
2016-01-01;"defendants";19;0,000486132432709037;1,29098418131557;0,00062758928065182
2016-02-01;"argo";29;0,000774655411902981;1,74296930505862;0,00135020060494444
2016-02-01;"rspo";18;0,000480820600491505;2,59026716544583;0,00124545381392309
2016-02-01;"masdar";17;0,000454108344908644;2,59026716544583;0,00117626193537181
2016-02-01;"vesey";18;0,000480820600491505;2,30258509299405;0,00110713034709619
2016-02-01;"whetton";10;0,000267122555828614;3,68887945411394;0,000985382907926578
2016-02-01;"csiro";94;0,00251095202478897;0,321583624127462;0,000807481052141828
2016-02-01;"mushers";10;0,000267122555828614;2,99573227355399;0,000800227661490007
2016-02-01;"scalia’s";10;0,000267122555828614;2,99573227355399;0,000800227661490007
2016-02-01;"pemba";8;0,000213698044662891;3,68887945411394;0,000788306326341262
2016-02-01;"gcf";14;0,00037397157816006;1,89711998488588;0,000709468954706762
2016-02-01;"abortion";23;0,000614381878405813;1,1239300966524;0,000690522283978128
2016-02-01;"haymet";7;0,00018698578908003;3,68887945411394;0,000689768035548604
2016-02-01;"wan";7;0,00018698578908003;3,68887945411394;0,000689768035548604
2016-02-01;"rubio";19;0,000507532856074367;1,29098418131557;0,000655216888689917
2016-02-01;"musher";8;0,000213698044662891;2,99573227355399;0,000640182129192006
2016-03-01;"buffett";19;0,000432397988211465;2,59026716544583;0,00112002631126899
2016-03-01;"pachauri";16;0,00036412462165176;2,99573227355399;0,00109081988067781
2016-03-01;"faison";11;0,000250335677385585;3,68887945411394;0,00092345813693938
2016-03-01;"gillenwater";9;0,000204820099679115;3,68887945411394;0,000755556657495856
2016-03-01;"ommen";9;0,000204820099679115;3,68887945411394;0,000755556657495856
2016-03-01;"iditarod";17;0,000386882410504995;1,89711998488588;0,00073396235276985
2016-03-01;"rubio";23;0,000523429143624406;1,29098418131557;0,000675738744458661
2016-03-01;"billiot";8;0,00018206231082588;3,68887945411394;0,000671605917774095
2016-03-01;"windsor";15;0,000341366832798525;1,74296930505862;0,000594991911332909
2016-03-01;"helwig";7;0,000159304521972645;3,68887945411394;0,000587655178052333
2016-03-01;"cefc";17;0,000386882410504995;1,49165487677772;0,000577095034369295
2016-03-01;"cáceres";11;0,000250335677385585;2,30258509299405;0,000576419198992615
2016-03-01;"rss";14;0,00031860904394529;1,74296930505862;0,000555325783910715
2016-03-01;"comardelle";8;0,00018206231082588;2,99573227355399;0,000545409940338907
2016-03-01;"chappellaz";6;0,00013654673311941;3,68887945411394;0,000503704438330571
2016-03-01;"cryoconite";6;0,00013654673311941;3,68887945411394;0,000503704438330571
2016-03-01;"naquin";6;0,00013654673311941;3,68887945411394;0,000503704438330571
2016-03-01;"rettig";6;0,00013654673311941;3,68887945411394;0,000503704438330571
2016-04-01;"dpf";16;0,000313565633206601;2,99573227355399;0,000939358687274406
2016-04-01;"loomis";11;0,000215576372829538;3,68887945411394;0,000795235252523288
2016-04-01;"e360";13;0,000254772076980363;2,99573227355399;0,000763228933410455
2016-04-01;"bellemare";10;0,000195978520754125;3,68887945411394;0,000722941138657535
2016-04-01;"enso";13;0,000254772076980363;2,59026716544583;0,000659927745674671
2016-04-01;"talbot";11;0,000215576372829538;2,99573227355399;0,000645809097501154
2016-04-01;"tata";11;0,000215576372829538;2,99573227355399;0,000645809097501154
2016-04-01;"faulconer";7;0,000137184964527888;3,68887945411394;0,000506058797060274
2016-04-01;"moehrenschlager";7;0,000137184964527888;3,68887945411394;0,000506058797060274
2016-04-01;"obbard";7;0,000137184964527888;3,68887945411394;0,000506058797060274
2016-04-01;"oettinger";7;0,000137184964527888;3,68887945411394;0,000506058797060274
2016-04-01;"playlist";7;0,000137184964527888;3,68887945411394;0,000506058797060274
2016-04-01;"mot";8;0,0001567828166033;2,99573227355399;0,000469679343637203
2016-04-01;"palin";11;0,000215576372829538;2,07944154167984;0,000448278465066401
2016-04-01;"anthropocene";64;0,0012542625328264;0,356674943938732;0,000447364018580309
2016-05-01;"frisby";13;0,000256998260319469;3,68887945411394;0,000948035602235513
2016-05-01;"seiu";13;0,000256998260319469;3,68887945411394;0,000948035602235513
2016-05-01;"gk";12;0,000237229163371817;3,68887945411394;0,000875109786678935
2016-05-01;"mcmurray";17;0,000336074648110074;2,59026716544583;0,000870523126138286
2016-05-01;"qbe";11;0,000217460066424166;3,68887945411394;0,000802183971122357
2016-05-01;"markham";10;0,000197690969476514;3,68887945411394;0,000729258155565779
2016-05-01;"sundt";9;0,000177921872528863;3,68887945411394;0,000656332340009201
2016-05-01;"gbr";19;0,000375612842005377;1,74296930505862;0,000654681654201207
2016-05-01;"ffos";11;0,000217460066424166;2,99573227355399;0,000651452139196068
2016-05-01;"xenophon";24;0,000474458326743634;1,1239300966524;0,000533257993034509
2016-05-01;"randol";10;0,000197690969476514;2,59026716544583;0,000512072427140168
2016-05-01;"nxt";11;0,000217460066424166;2,30258509299405;0,000500720307269779
2016-05-01;"400ppm";19;0,000375612842005377;1,29098418131557;0,000484910237327925
2016-05-01;"energetics";8;0,000158152775581211;2,99573227355399;0,000473783373960777
2016-05-01;"cramer";10;0,000197690969476514;2,30258509299405;0,000455200279336163
2016-05-01;"mergers";10;0,000197690969476514;2,30258509299405;0,000455200279336163
2016-06-01;"vitol";13;0,00036046028004991;3,68887945411394;0,00132969452110027
2016-06-01;"louvre";11;0,000305004852349924;3,68887945411394;0,00112512613323869
2016-06-01;"cefc";27;0,000748648273949813;1,49165487677772;0,00111672484882846
2016-06-01;"ppas";10;0,000277277138499931;3,68887945411394;0,0010228419393079
2016-06-01;"keever";9;0,000249549424649938;3,68887945411394;0,000920557745377109
2016-06-01;"melomys";17;0,000471371135449882;1,89711998488588;0,000894247601360321
2016-06-01;"xbt";10;0,000277277138499931;2,99573227355399;0,000830648072522942
2016-06-01;"gynther";8;0,000221821710799945;3,68887945411394;0,000818273551446319
2016-06-01;"foe";14;0,000388187993899903;2,07944154167984;0,000807214240496817
2016-06-01;"cay";20;0,000554554276999861;1,38629436111989;0,000768775467139826
2016-06-01;"wentworth";20;0,000554554276999861;1,38629436111989;0,000768775467139826
2016-06-01;"thunder";13;0,00036046028004991;1,89711998488588;0,000683836401040246
2016-06-01;"bleachings";6;0,000166366283099958;3,68887945411394;0,000613705163584739
2016-06-01;"fizza";6;0,000166366283099958;3,68887945411394;0,000613705163584739
2016-06-01;"vevers";7;0,000194093996949951;2,99573227355399;0,000581453650766059
2016-07-01;"regen";20;0,000536250536250536;3,68887945411394;0,00197816358543218
2016-07-01;"smokejumpers";16;0,000429000429000429;3,68887945411394;0,00158253086834575
2016-07-01;"estes";15;0,000402187902187902;3,68887945411394;0,00148362268907414
2016-07-01;"otters";20;0,000536250536250536;2,07944154167984;0,00111510164182745
2016-07-01;"possingham";11;0,000294937794937795;3,68887945411394;0,0010879899719877
2016-07-01;"krebs";21;0,000563063063063063;1,89711998488588;0,001068198189688
2016-07-01;"decc";18;0,000482625482625483;2,07944154167984;0,00100359147764471
2016-07-01;"slye";10;0,000268125268125268;3,68887945411394;0,000989081792716092
2016-07-01;"leadsom";26;0,000697125697125697;1,38629436111989;0,000966421422917127
2016-07-01;"otter";15;0,000402187902187902;2,30258509299405;0,000926071868160411
2016-07-01;"kelp";29;0,000777563277563278;1,1239300966524;0,000873926769705051
2016-07-01;"nouakchott";8;0,000214500214500215;3,68887945411394;0,000791265434172874
2016-07-01;"np";8;0,000214500214500215;3,68887945411394;0,000791265434172874
2016-07-01;"ridley";16;0,000429000429000429;1,74296930505862;0,000747734579604729
2016-07-01;"chr";9;0,000241312741312741;2,99573227355399;0,000722908367170365
2016-07-01;"gormley";9;0,000241312741312741;2,99573227355399;0,000722908367170365
2016-08-01;"wadhams";17;0,000535433070866142;2,59026716544583;0,0013869147027584
2016-08-01;"nps";14;0,000440944881889764;2,99573227355399;0,00132095281353562
2016-08-01;"lorge";9;0,000283464566929134;3,68887945411394;0,00104566661691419
2016-08-01;"tortoises";11;0,000346456692913386;2,99573227355399;0,00103789149634941
2016-08-01;"wernberg";11;0,000346456692913386;2,99573227355399;0,00103789149634941
2016-08-01;"linx";8;0,000251968503937008;3,68887945411394;0,000929481437257055
2016-08-01;"yarts";8;0,000251968503937008;3,68887945411394;0,000929481437257055
2016-08-01;"shishmaref";13;0,000409448818897638;2,07944154167984;0,000851424883207492
2016-08-01;"stein";10;0,00031496062992126;2,30258509299405;0,000725223651336707
2016-08-01;"roberts";52;0,00163779527559055;0,430782916092454;0,000705534224781342
2016-08-01;"clexit";6;0,000188976377952756;3,68887945411394;0,000697111077942791
2016-08-01;"glikson";6;0,000188976377952756;3,68887945411394;0,000697111077942791
2016-08-01;"zalasiewicz";7;0,000220472440944882;2,99573227355399;0,000660476406767809
2016-08-01;"speckled";12;0,000377952755905512;1,74296930505862;0,000658760052305621
2016-08-01;"yosemite";12;0,000377952755905512;1,74296930505862;0,000658760052305621
2016-09-01;"marshallese";34;0,000711758671942054;2,30258509299405;0,00163888490782301
2016-09-01;"dosan";10;0,00020934078586531;3,68887945411394;0,000772232923886608
2016-09-01;"springdale";10;0,00020934078586531;3,68887945411394;0,000772232923886608
2016-09-01;"finnigan";9;0,000188406707278779;3,68887945411394;0,000695009631497947
2016-09-01;"qut";10;0,00020934078586531;2,99573227355399;0,000627128948387865
2016-09-01;"burtynsky";8;0,000167472628692248;3,68887945411394;0,000617786339109286
2016-09-01;"callender";8;0,000167472628692248;3,68887945411394;0,000617786339109286
2016-09-01;"tisa";8;0,000167472628692248;3,68887945411394;0,000617786339109286
2016-09-01;"hangzhou";12;0,000251208943038372;2,30258509299405;0,000578429967466946
2016-09-01;"turbulence";19;0,000397747493144089;1,38629436111989;0,000551395106895223
2016-09-01;"rizzo";7;0,000146538550105717;3,68887945411394;0,000540563046720625
2016-09-01;"xi";22;0,000460549728903682;1,1239300966524;0,000517625701319952
2016-09-01;"hamilton";20;0,00041868157173062;1,20397280432594;0,000504081226036105
2016-09-01;"greenhill";6;0,000125604471519186;3,68887945411394;0,000463339754331965
2016-09-01;"ohi’a";6;0,000125604471519186;3,68887945411394;0,000463339754331965
2016-10-01;"hfcs";43;0,00094981445485068;1,6094379124341;0,00152866739341461
2016-10-01;"norilsk";15;0,000331330623785121;2,99573227355399;0,000992577842889863
2016-10-01;"kress";11;0,000242975790775755;3,68887945411394;0,000896308402439771
2016-10-01;"hfc";17;0,000375508040289804;2,30258509299405;0,00086463921587071
2016-10-01;"heathrow";46;0,0010160805796077;0,744440474947496;0,000756411509268086
2016-10-01;"brandt";9;0,000198798374271073;3,68887945411394;0,000733343238359812
2016-10-01;"macrocritical";9;0,000198798374271073;3,68887945411394;0,000733343238359812
2016-10-01;"imo";17;0,000375508040289804;1,89711998488588;0,00071238380771912
2016-10-01;"corbell";10;0,000220887082523414;2,99573227355399;0,000661718561926575
2016-10-01;"waal";10;0,000220887082523414;2,99573227355399;0,000661718561926575
2016-10-01;"ucg";8;0,000176709666018731;3,68887945411394;0,000651860656319833
2016-10-01;"catholics";14;0,00030924191553278;2,07944154167984;0,000643050485587509
2016-10-01;"runway";45;0,000993991871355363;0,59783700075562;0,000594245119146557
2016-10-01;"kerimov";7;0,00015462095776639;3,68887945411394;0,000570378074279854
2016-10-01;"reykjavík";7;0,00015462095776639;3,68887945411394;0,000570378074279854
2016-11-01;"marrakech";73;0,00114317929122884;1,6094379124341;0,00183987609201324
2016-11-01;"boko";21;0,000328859796106926;2,30258509299405;0,00075722766420087
2016-11-01;"haram";21;0,000328859796106926;2,30258509299405;0,00075722766420087
2016-11-01;"morocco";48;0,000751679533958689;0,85566611005772;0,000643186702832431
2016-11-01;"lyon";11;0,000172259893198866;3,68887945411394;0,000635445980789159
2016-11-01;"marijuana";17;0,000266219834943702;2,30258509299405;0,000612993823400704
2016-11-01;"cranking";13;0,000203579873780478;2,99573227355399;0,000609870798130227
2016-11-01;"mezouar";10;0,00015659990290806;3,68887945411394;0,00057767816435378
2016-11-01;"voepel";10;0,00015659990290806;3,68887945411394;0,00057767816435378
2016-11-01;"cop22";19;0,000297539815525314;1,89711998488588;0,000564468730332332
2016-11-01;"csp";9;0,000140939912617254;3,68887945411394;0,000519910347918402
2016-11-01;"rachman";9;0,000140939912617254;3,68887945411394;0,000519910347918402
2016-11-01;"lignite";19;0,000297539815525314;1,74296930505862;0,000518602765493428
2016-11-01;"xbt";11;0,000172259893198866;2,99573227355399;0,000516044521494807
2016-11-01;"sporton";14;0,000219239864071284;2,30258509299405;0,00050481844280058
2016-12-01;"basu";15;0,000270631111752607;3,68887945411394;0,000998325547788205
2016-12-01;"tillerson";50;0,000902103705842024;0,916290731874155;0,000826589264852375
2016-12-01;"katoatau";14;0,000252589037635767;2,99573227355399;0,00075668913199141
2016-12-01;"murmansk";13;0,000234546963518926;2,99573227355399;0,000702639908277738
2016-12-01;"ecb";10;0,000180420741168405;3,68887945411394;0,000665550365192137
2016-12-01;"husley";10;0,000180420741168405;3,68887945411394;0,000665550365192137
2016-12-01;"tillerson’s";13;0,000234546963518926;2,59026716544583;0,000607539298358095
2016-12-01;"elect";41;0,000739725038790459;0,693147180559945;0,000512738325027203
2016-12-01;"soot";26;0,000469093927037852;1,04982212449868;0,000492465183072306
2016-12-01;"kiribati";34;0,000613430519972576;0,798507696217772;0,000489828991292971
2016-12-01;"centrica";9;0,000162378667051564;2,99573227355399;0,000486443013423049
2016-12-01;"sellers";10;0,000180420741168405;2,59026716544583;0,000467337921813919
2016-12-01;"zivin";7;0,000126294518817883;3,68887945411394;0,000465885255634496
2016-12-01;"reindeer";25;0,000451051852921012;0,980829253011726;0,000442404851970071
2016-12-01;"katoatau’s";8;0,000144336592934724;2,99573227355399;0,000432393789709377
2016-12-01;"uwa";8;0,000144336592934724;2,99573227355399;0,000432393789709377
2017-01-01;"willcox";17;0,000364830353885443;3,68887945411394;0,00134581519668513
2017-01-01;"pennings";14;0,000300448526729189;3,68887945411394;0,00110831839727011
2017-01-01;"ladybird";16;0,000343369744833358;2,99573227355399;0,00102864382635929
2017-01-01;"koalas";11;0,000236066699572934;3,68887945411394;0,000870821597855083
2017-01-01;"sark";11;0,000236066699572934;3,68887945411394;0,000870821597855083
2017-01-01;"dory";13;0,000278987917677104;2,99573227355399;0,000835773108916923
2017-01-01;"ulaanbaatar";15;0,000321909135781273;2,59026716544583;0,000833830664671275
2017-01-01;"kutubdia";10;0,000214606090520849;3,68887945411394;0,000791655998050075
2017-01-01;"majic";9;0,000193145481468764;3,68887945411394;0,000712490398245068
2017-01-01;"badlands";8;0,000171684872416679;3,68887945411394;0,00063332479844006
2017-01-01;"xi";26;0,000557975835354207;1,1239300966524;0,000627125834559358
2017-01-01;"tillerson";30;0,000643818271562547;0,916290731874155;0,000589924715244
2017-01-01;"dzud";9;0,000193145481468764;2,99573227355399;0,000578612152327101
2017-01-01;"davos";22;0,000472133399145868;1,20397280432594;0,000568435772585587
2017-01-01;"eti";7;0,000150224263364594;3,68887945411394;0,000554159198635053
2017-01-01;"ovink";7;0,000150224263364594;3,68887945411394;0,000554159198635053
2017-02-01;"xi’s";15;0,000474428313881772;2,99573227355399;0,00142126021138343
2017-02-01;"happer";33;0,0010437422905399;1,29098418131557;0,00134745478645709
2017-02-01;"teabags";9;0,000284656988329063;3,68887945411394;0,00105006531571703
2017-02-01;"xi";27;0,00085397096498719;1,1239300966524;0,000959803669216396
2017-02-01;"sweetman";8;0,000253028434070279;3,68887945411394;0,000933391391748474
2017-02-01;"bernardi";17;0,000537685422399342;1,49165487677772;0,000802041082494265
2017-02-01;"rose’s";9;0,000284656988329063;2,59026716544583;0,000737337650283469
2017-02-01;"evs";18;0,000569313976658127;1,29098418131557;0,000734975338067501
2017-02-01;"inglis";11;0,000347914096846633;2,07944154167984;0,000723467025918911
2017-02-01;"humphries";6;0,000189771325552709;3,68887945411394;0,000700043543811355
2017-02-01;"macreadie";6;0,000189771325552709;3,68887945411394;0,000700043543811355
2017-02-01;"desch";7;0,000221399879811494;2,99573227355399;0,000663254765312267
2017-02-01;"bates";11;0,000347914096846633;1,89711998488588;0,00066003478615127
2017-02-01;"ebell";14;0,000442799759622988;1,38629436111989;0,000613850809870591
2017-02-01;"lump";13;0,000411171205364203;1,49165487677772;0,000613325533672085
2017-03-01;"www.epa.gov";13;0,00031672554513339;3,68887945411394;0,0011683623560356
2017-03-01;"morwell";11;0,000267998538189792;3,68887945411394;0,000988614301260892
2017-03-01;"hazelwood";41;0,000998903642343769;0,798507696217772;0,000797632246191464
2017-03-01;"dieback";17;0,000414179559020587;1,74296930505862;0,0007219022581556
2017-03-01;"naughton";8;0,000194908027774394;3,68887945411394;0,00071899221909883
2017-03-01;"tamera";8;0,000194908027774394;3,68887945411394;0,00071899221909883
2017-03-01;"eis";12;0,000292362041661591;2,30258509299405;0,000673188478887284
2017-03-01;"greenleft";7;0,000170544524302595;3,68887945411394;0,000629118191711476
2017-03-01;"mueller";13;0,00031672554513339;1,74296930505862;0,000552042903295459
2017-03-01;"hamilton";18;0,000438543062492386;1,20397280432594;0,000527993920766643
2017-03-01;"aurelia";7;0,000170544524302595;2,99573227355399;0,000510905735531196
2017-03-01;"mangroves";22;0,000535997076379583;0,916290731874155;0,000491129153398256
2017-03-01;"westacott";10;0,000243635034717992;1,89711998488588;0,000462204893381869
2017-03-01;"lockman";5;0,000121817517358996;3,68887945411394;0,000449370136936769
2017-03-01;"wootton";5;0,000121817517358996;3,68887945411394;0,000449370136936769
2017-04-01;"derwin";18;0,000520110957004161;3,68887945411394;0,00191862662315219
2017-04-01;"perú";12;0,000346740638002774;3,68887945411394;0,00127908441543479
2017-04-01;"violets";13;0,000375635691169672;2,99573227355399;0,00112530396313575
2017-04-01;"scheffers";10;0,000288950531668978;3,68887945411394;0,00106590367952899
2017-04-01;"stuttgart";10;0,000288950531668978;3,68887945411394;0,00106590367952899
2017-04-01;"ama";16;0,000462320850670365;2,30258509299405;0,00106453309893391
2017-04-01;"slims";12;0,000346740638002774;2,99573227355399;0,00103874211981761
2017-04-01;"del";25;0,000722376329172446;1,38629436111989;0,00100142623173825
2017-04-01;"gannon";10;0,000288950531668978;2,99573227355399;0,000865618433181343
2017-04-01;"inundaciones";8;0,000231160425335183;3,68887945411394;0,000852722943623194
2017-04-01;"renforth";8;0,000231160425335183;3,68887945411394;0,000852722943623194
2017-04-01;"undulations";8;0,000231160425335183;3,68887945411394;0,000852722943623194
2017-04-01;"agua";11;0,000317845584835876;2,59026716544583;0,000823304982082296
2017-04-01;"más";11;0,000317845584835876;2,59026716544583;0,000823304982082296
2017-04-01;"las";24;0,000693481276005548;1,1239300966524;0,000779424477567545
2017-05-01;"armyworms";17;0,000550553792344064;3,68887945411394;0,00203092657296253
2017-05-01;"dawood";13;0,000421011723557225;3,68887945411394;0,00155306149697134
2017-05-01;"armyworm";12;0,000388626206360516;3,68887945411394;0,00143359522797355
2017-05-01;"stephens";20;0,000647710343934193;1,6094379124341;0,00104244958380342
2017-05-01;"galiana";8;0,000259084137573677;3,68887945411394;0,000955730151982366
2017-05-01;"ipo";11;0,000356240689163806;2,59026716544583;0,000922758560136799
2017-05-01;"tectonics";10;0,000323855171967096;2,59026716544583;0,000838871418306181
2017-05-01;"daff";6;0,000194313103180258;3,68887945411394;0,000716797613986774
2017-05-01;"farge";6;0,000194313103180258;3,68887945411394;0,000716797613986774
2017-05-01;"mcfarland";6;0,000194313103180258;3,68887945411394;0,000716797613986774
2017-05-01;"spodoptera";6;0,000194313103180258;3,68887945411394;0,000716797613986774
2017-05-01;"westpac";12;0,000388626206360516;1,74296930505862;0,000677363548827757
2017-05-01;"g7";28;0,00090679448150787;0,744440474947496;0,000675054514493487
2017-05-01;"ri";8;0,000259084137573677;2,59026716544583;0,000671097134644945
2017-05-01;"inoculation";10;0,000323855171967096;1,89711998488588;0,000614392118947432
2017-06-01;"agua";40;0,000566251415628539;2,59026716544583;0,00146674244928982
2017-06-01;"pittsburgh";70;0,000990939977349943;1,38629436111989;0,0013737345028085
2017-06-01;"morton";54;0,000764439411098528;1,49165487677772;0,0011402797755662
2017-06-01;"finkel";123;0,00174122310305776;0,59783700075562;0,00104096759757844
2017-06-01;"cet";33;0,000467157417893545;2,07944154167984;0,000971426541271724
2017-06-01;"morton’s";22;0,000311438278595697;2,99573227355399;0,000932985702409227
2017-06-01;"bbcqt";17;0,000240656851642129;3,68887945411394;0,000887754115514396
2017-06-01;"del";32;0,000453001132502831;1,38629436111989;0,000627992915569599
2017-06-01;"nicaragua";32;0,000453001132502831;1,38629436111989;0,000627992915569599
2017-06-01;"esval";12;0,000169875424688562;3,68887945411394;0,000626649963892515
2017-06-01;"wadden";12;0,000169875424688562;3,68887945411394;0,000626649963892515
2017-06-01;"corbyn";54;0,000764439411098528;0,693147180559945;0,000529869022511849
2017-06-01;"nord";10;0,000141562853907135;3,68887945411394;0,000522208303243762
2017-06-01;"servicios";10;0,000141562853907135;3,68887945411394;0,000522208303243762
2017-06-01;"finkel’s";20;0,00028312570781427;1,74296930505862;0,000493479418193268
2017-07-01;"nye";24;0,000590289733877712;1,89711998488588;0,00111985045101238
2017-07-01;"capercaillie";12;0,000295144866938856;3,68887945411394;0,00108875383563794
2017-07-01;"mofs";12;0,000295144866938856;3,68887945411394;0,00108875383563794
2017-07-01;"peatlands";44;0,00108219784544247;0,916290731874155;0,000991607855833116
2017-07-01;"mof";10;0,00024595405578238;3,68887945411394;0,000907294863031614
2017-07-01;"cynics";13;0,000319740272517094;2,59026716544583;0,000828212729371729
2017-07-01;"yarsha";9;0,000221358650204142;3,68887945411394;0,000816565376728453
2017-07-01;"jafari";11;0,000270549461360618;2,99573227355399;0,000810493752990651
2017-07-01;"mpa";10;0,00024595405578238;2,99573227355399;0,000736812502718774
2017-07-01;"volvo";13;0,000319740272517094;2,07944154167984;0,000664881205220076
2017-07-01;"kolka";9;0,000221358650204142;2,99573227355399;0,000663131252446896
2017-07-01;"bernstein";7;0,000172167839047666;3,68887945411394;0,00063510640412213
2017-07-01;"cemex";7;0,000172167839047666;3,68887945411394;0,00063510640412213
2017-07-01;"hartono";7;0,000172167839047666;3,68887945411394;0,00063510640412213
2017-07-01;"hfos";7;0,000172167839047666;3,68887945411394;0,00063510640412213
2017-07-01;"yaghi";7;0,000172167839047666;3,68887945411394;0,00063510640412213
2017-08-01;"clovis";19;0,000568453805648636;2,99573227355399;0,00170293541160621
2017-08-01;"dh";11;0,00032910483484921;3,68887945411394;0,00121402806352481
2017-08-01;"vtc";11;0,00032910483484921;3,68887945411394;0,00121402806352481
2017-08-01;"tibet";23;0,000688128291048348;1,6094379124341;0,0011074997602317
2017-08-01;"edmondson";10;0,000299186213499282;3,68887945411394;0,00110366187593165
2017-08-01;"e360";11;0,00032910483484921;2,99573227355399;0,000985909975140435
2017-08-01;"nickel";23;0,000688128291048348;1,38629436111989;0,000953948369607392
2017-08-01;"alligator";7;0,000209430349449497;3,68887945411394;0,000772563313152153
2017-08-01;"wbt";7;0,000209430349449497;3,68887945411394;0,000772563313152153
2017-08-01;"marohasy";11;0,00032910483484921;2,30258509299405;0,000757791886756059
2017-08-01;"usda";11;0,00032910483484921;2,30258509299405;0,000757791886756059
2017-08-01;"hogg";8;0,000239348970799426;2,99573227355399;0,000717025436465771
2017-08-01;"brum";9;0,000269267592149354;2,59026716544583;0,00069747500266313
2017-08-01;"bingham";6;0,000179511728099569;3,68887945411394;0,000662197125558988
2017-08-01;"hayhoe’s";6;0,000179511728099569;3,68887945411394;0,000662197125558988
2017-08-01;"vail";6;0,000179511728099569;3,68887945411394;0,000662197125558988
2017-09-01;"irma";78;0,00179372197309417;1,1239300966524;0,00201601811058726
2017-09-01;"huber";17;0,000390939404392319;3,68887945411394;0,00144212833666637
2017-09-01;"parasites";23;0,000528918017707255;2,30258509299405;0,00121787874298869
2017-09-01;"hufkens";13;0,000298953662182362;3,68887945411394;0,00110280402215663
2017-09-01;"amos";17;0,000390939404392319;2,30258509299405;0,000900171244817725
2017-09-01;"harvey";59;0,00135678969759687;0,553385238184787;0,00075082738997131
2017-09-01;"ipso";10;0,000229964355524894;2,99573227355399;0,000688911641612968
2017-09-01;"irma’s";10;0,000229964355524894;2,99573227355399;0,000688911641612968
2017-09-01;"parasite";11;0,000252960791077383;2,59026716544583;0,000655236031272947
2017-09-01;"camaguey";7;0,000160975048867426;3,68887945411394;0,000593817550392033
2017-09-01;"nfip";7;0,000160975048867426;3,68887945411394;0,000593817550392033
2017-09-01;"vertessy";12;0,000275957226629872;2,07944154167984;0,000573836920780914
2017-09-01;"desi";6;0,000137978613314936;3,68887945411394;0,0005089864717646
2017-09-01;"platoon";6;0,000137978613314936;3,68887945411394;0,0005089864717646
2017-09-01;"rapa";6;0,000137978613314936;3,68887945411394;0,0005089864717646
2017-09-01;"snider";6;0,000137978613314936;3,68887945411394;0,0005089864717646
2017-09-01;"toad’s";6;0,000137978613314936;3,68887945411394;0,0005089864717646
2017-10-01;"akomfrah";7;0,000221785691654521;3,68887945411394;0,000818140681160812
2017-10-01;"akomfrah’s";7;0,000221785691654521;3,68887945411394;0,000818140681160812
2017-10-01;"brum";9;0,000285153032127242;2,59026716544583;0,000738622536246513
2017-10-01;"coudert";6;0,000190102021418161;3,68887945411394;0,000701263440994982
2017-10-01;"ropert";6;0,000190102021418161;3,68887945411394;0,000701263440994982
2017-10-01;"cli";10;0,000316836702363602;2,07944154167984;0,000658843400823723
2017-10-01;"abbott’s";40;0,00126734680945441;0,470003629245736;0,000595657599956575
2017-10-01;"borden";5;0,000158418351181801;3,68887945411394;0,000584386200829152
2017-10-01;"copra";5;0,000158418351181801;3,68887945411394;0,000584386200829152
2017-10-01;"eslake";5;0,000158418351181801;3,68887945411394;0,000584386200829152
2017-10-01;"narragansett";5;0,000158418351181801;3,68887945411394;0,000584386200829152
2017-10-01;"combet";7;0,000221785691654521;2,59026716544583;0,000574484194858399
2017-10-01;"ebrd";6;0,000190102021418161;2,99573227355399;0,000569494760830237
2017-10-01;"ardern";9;0,000285153032127242;1,89711998488588;0,000540969515999396
2017-10-01;"adélie";7;0,000221785691654521;2,30258509299405;0,000510680427443075
2017-11-01;"bonn";90;0,00217396555472354;0,980829253011726;0,00213228901111272
2017-11-01;"tailings";17;0,000410637938114447;2,59026716544583;0,00106366196798423
2017-11-01;"cop23";19;0,00045894828377497;2,07944154167984;0,000954356126764339
2017-11-01;"truffle";13;0,000314017246793401;2,99573227355399;0,000940711600671559
2017-11-01;"married";27;0,000652189666417063;1,38629436111989;0,000904126856934637
2017-11-01;"loy";19;0,00045894828377497;1,89711998488588;0,000870679961178573
2017-11-01;"bridenstine";15;0,000362327592453924;2,30258509299405;0,000834290113164827
2017-11-01;"kochs";15;0,000362327592453924;2,30258509299405;0,000834290113164827
2017-11-01;"peterloo";11;0,000265706901132878;2,99573227355399;0,000795986739029781
2017-11-01;"swidden";8;0,000193241382642093;3,68887945411394;0,000712844166112986
2017-11-01;"brooch";9;0,000217396555472354;2,99573227355399;0,000651261877388003
2017-11-01;"léa";7;0,000169086209811831;3,68887945411394;0,000623738645348862
2017-11-01;"sidanius";7;0,000169086209811831;3,68887945411394;0,000623738645348862
2017-11-01;"strugnell";7;0,000169086209811831;3,68887945411394;0,000623738645348862
2017-11-01;"yang";17;0,000410637938114447;1,49165487677772;0,000612530082978362
2017-12-01;"api";39;0,0012218810702425;1,74296930505862;0,00212970119986485
2017-12-01;"gfw";12;0,00037596340622846;2,99573227355399;0,00112628570971389
2017-12-01;"oira";9;0,000281972554671345;3,68887945411394;0,00104016276355114
2017-12-01;"lingang";8;0,000250642270818974;3,68887945411394;0,000924589123156573
2017-12-01;"nss";7;0,000219311986966602;3,68887945411394;0,000809015482762001
2017-12-01;"tozzi";7;0,000219311986966602;3,68887945411394;0,000809015482762001
2017-12-01;"ecs";7;0,000219311986966602;2,99573227355399;0,000656999997333102
2017-12-01;"weisse";7;0,000219311986966602;2,99573227355399;0,000656999997333102
2017-12-01;"andrae";5;0,000156651419261859;3,68887945411394;0,000577868201972858
2017-12-01;"macroalgae";5;0,000156651419261859;3,68887945411394;0,000577868201972858
2017-12-01;"unibail";5;0,000156651419261859;3,68887945411394;0,000577868201972858
2017-12-01;"belize";7;0,000219311986966602;2,30258509299405;0,000504984511904202
2017-12-01;"parkinson";10;0,000313302838523717;1,6094379124341;0,000504241466393289
2017-12-01;"ventura";9;0,000281972554671345;1,74296930505862;0,000491469507661119
2017-12-01;"plimer";6;0,00018798170311423;2,59026716544583;0,000486922833281376
2018-01-01;"montoya";13;0,000607760635811127;3,68887945411394;0,00224195572246289
2018-01-01;"microwaves";19;0,000888265544647031;2,30258509299405;0,00204530700172449
2018-01-01;"bitcoin";21;0,000981767180925666;2,07944154167984;0,00204152746027473
2018-01-01;"omics";9;0,000420757363253857;3,68887945411394;0,00155212319247431
2018-01-01;"tetrodotoxin";9;0,000420757363253857;3,68887945411394;0,00155212319247431
2018-01-01;"mercer";18;0,000841514726507714;1,74296930505862;0,00146673433805775
2018-01-01;"toadfish";8;0,00037400654511454;3,68887945411394;0,00137966505997716
2018-01-01;"hildyard";7;0,000327255726975222;3,68887945411394;0,00120720692748002
2018-01-01;"pufferfish";7;0,000327255726975222;3,68887945411394;0,00120720692748002
2018-01-01;"lia";8;0,00037400654511454;2,99573227355399;0,00112042347772005
2018-01-01;"wef";10;0,000467508181393174;2,30258509299405;0,00107647736932868
2018-01-01;"mörner";6;0,000280504908835905;3,68887945411394;0,00103474879498287
2018-01-01;"davos";18;0,000841514726507714;1,20397280432594;0,00101316084515507
2018-01-01;"metcalfe";7;0,000327255726975222;2,99573227355399;0,000980370543005046
2018-01-01;"qantas";7;0,000327255726975222;2,99573227355399;0,000980370543005046
2018-02-01;"ahn";14;0,000728294230869271;3,68887945411394;0,00268658962480337
2018-02-01;"pesquet";13;0,000676273214378609;3,68887945411394;0,00249469036588884
2018-02-01;"saiga";11;0,000572231181397285;3,68887945411394;0,00211089184805979
2018-02-01;"mmes";9;0,00046818914841596;3,68887945411394;0,00172709333023074
2018-02-01;"mme";8;0,000416168131925298;3,68887945411394;0,00153519407131621
2018-02-01;"balearics";7;0,000364147115434636;3,68887945411394;0,00134329481240168
2018-02-01;"drones";16;0,000832336263850596;1,38629436111989;0,00115386306913168
2018-02-01;"cig";6;0,000312126098943973;3,68887945411394;0,00115139555348716
2018-02-01;"kock";6;0,000312126098943973;3,68887945411394;0,00115139555348716
2018-02-01;"wilcox";5;0,000260105082453311;3,68887945411394;0,000959496294572631
2018-02-01;"eggborough";6;0,000312126098943973;2,99573227355399;0,000935046228024967
2018-02-01;"mni";4;0,000208084065962649;3,68887945411394;0,000767597035658105
2018-02-01;"ukccsrc";4;0,000208084065962649;3,68887945411394;0,000767597035658105
2018-02-01;"woc’oni";4;0,000208084065962649;3,68887945411394;0,000767597035658105
2018-02-01;"batman";7;0,000364147115434636;2,07944154167984;0,000757222639117664
2018-03-01;"avery";9;0,000398371104815864;3,68887945411394;0,00146954298366791
2018-03-01;"tabasco";10;0,000442634560906516;2,99573227355399;0,00132601463949805
2018-03-01;"nt";12;0,000531161473087819;2,30258509299405;0,00122304448990477
2018-03-01;"seagrass";20;0,000885269121813031;1,20397280432594;0,00106583994717239
2018-03-01;"rfas";9;0,000398371104815864;2,59026716544583;0,00103188759246691
2018-03-01;"chevron’s";8;0,000354107648725212;2,59026716544583;0,000917233415526143
2018-03-01;"finding’s";5;0,000221317280453258;3,68887945411394;0,000816412768704394
2018-03-01;"rfa";5;0,000221317280453258;3,68887945411394;0,000816412768704394
2018-03-01;"alsup";6;0,000265580736543909;2,99573227355399;0,000795608783698829
2018-03-01;"dishes";9;0,000398371104815864;1,89711998488588;0,000755757784347244
2018-03-01;"tinto";14;0,000619688385269122;1,20397280432594;0,000746087963020676
2018-03-01;"cawl";4;0,000177053824362606;3,68887945411394;0,000653130214963516
2018-03-01;"duggin";4;0,000177053824362606;3,68887945411394;0,000653130214963516
2018-03-01;"masala";4;0,000177053824362606;3,68887945411394;0,000653130214963516
2018-03-01;"ncc";4;0,000177053824362606;3,68887945411394;0,000653130214963516
2018-03-01;"ntepa";4;0,000177053824362606;3,68887945411394;0,000653130214963516
2018-03-01;"pieri";4;0,000177053824362606;3,68887945411394;0,000653130214963516
2018-03-01;"riversdale";4;0,000177053824362606;3,68887945411394;0,000653130214963516
2018-03-01;"tikka";4;0,000177053824362606;3,68887945411394;0,000653130214963516
2018-03-01;"time2choose";4;0,000177053824362606;3,68887945411394;0,000653130214963516
2018-03-01;"tutorial";4;0,000177053824362606;3,68887945411394;0,000653130214963516
2018-04-01;"vegan";107;0,00474690563861408;0,553385238184787;0,00262686750746516
2018-04-01;"amoc";22;0,000975999290182334;2,59026716544583;0,00252809891485773
2018-04-01;"hillman";15;0,000665454061487955;2,30258509299405;0,00153226460205451
2018-04-01;"maputo";10;0,00044363604099197;2,99573227355399;0,00132901480571137
2018-04-01;"utqiaġvik";13;0,000576726853289561;2,30258509299405;0,00132796265511391
2018-04-01;"veganism";27;0,00119781731067832;0,980829253011726;0,00117485425807713
2018-04-01;"pompeo";11;0,000487999645091167;2,30258509299405;0,00112366070817331
2018-04-01;"brereton";6;0,000266181624595182;3,68887945411394;0,000981911926031836
2018-04-01;"orchid’s";6;0,000266181624595182;3,68887945411394;0,000981911926031836
2018-04-01;"ofcom";7;0,000310545228694379;2,99573227355399;0,000930310363997957
2018-04-01;"hillman’s";5;0,000221818020495985;3,68887945411394;0,000818259938359863
2018-04-01;"ice911";5;0,000221818020495985;3,68887945411394;0,000818259938359863
2018-04-01;"methanesat";5;0,000221818020495985;3,68887945411394;0,000818259938359863
2018-04-01;"orchid";8;0,000354908832793576;2,30258509299405;0,000817207787762405
2018-04-01;"composite";6;0,000266181624595182;2,99573227355399;0,00079740888342682
2018-04-01;"graphene";6;0,000266181624595182;2,99573227355399;0,00079740888342682
2018-04-01;"veined";6;0,000266181624595182;2,99573227355399;0,00079740888342682
2018-05-01;"sayer";27;0,00105398758636843;3,68887945411394;0,00388803315224563
2018-05-01;"shiwak";9;0,000351329195456142;3,68887945411394;0,00129601105074854
2018-05-01;"inuit";23;0,000897841277276808;1,29098418131557;0,00115909888629652
2018-05-01;"labrador’s";8;0,000312292618183238;3,68887945411394;0,00115200982288759
2018-05-01;"freedman";10;0,000390365772729047;2,59026716544583;0,00101115164361394
2018-05-01;"nses";7;0,000273256040910333;3,68887945411394;0,00100800859502664
2018-05-01;"napa";13;0,000507475504547761;1,89711998488588;0,000962741921517604
2018-05-01;"cricket";22;0,000858804700003904;1,04982212449868;0,000901592174687548
2018-05-01;"finlayson";6;0,000234219463637428;3,68887945411394;0,000864007367165695
2018-05-01;"nunatsiavut";6;0,000234219463637428;3,68887945411394;0,000864007367165695
2018-05-01;"pistachio";6;0,000234219463637428;3,68887945411394;0,000864007367165695
2018-05-01;"pottle";6;0,000234219463637428;3,68887945411394;0,000864007367165695
2018-05-01;"rigolet";6;0,000234219463637428;3,68887945411394;0,000864007367165695
2018-05-01;"tenenbaum";6;0,000234219463637428;3,68887945411394;0,000864007367165695
2018-05-01;"photios";7;0,000273256040910333;2,99573227355399;0,000818601940698674
2018-06-01;"steers";55;0,00168659920269856;1,89711998488588;0,00319968105393203
2018-06-01;"editorially";55;0,00168659920269856;1,74296930505862;0,00293969064023993
2018-06-01;"edits";55;0,00168659920269856;1,29098418131557;0,00217737289090328
2018-06-01;"enables";110;0,00337319840539712;0,553385238184787;0,00186667820301523
2018-06-01;"aef";15;0,000459981600735971;3,68887945411394;0,00169681667622536
2018-06-01;"ridd";19;0,000582643360932229;2,59026716544583;0,00150920196698776
2018-06-01;"baobab";11;0,000337319840539712;3,68887945411394;0,00124433222923193
2018-06-01;"accessible";63;0,00193192272309108;0,553385238184787;0,00106909751627236
2018-06-01;"hal";15;0,000459981600735971;2,30258509299405;0,00105914677690618
2018-06-01;"bayliss";9;0,000275988960441582;3,68887945411394;0,00101809000573522
2018-06-01;"lico";9;0,000275988960441582;3,68887945411394;0,00101809000573522
2018-06-01;"journalism";165;0,00505979760809568;0,192371892647456;0,000973362842282436
2018-06-01;"unreported";18;0,000551977920883165;1,74296930505862;0,000962080573169433
2018-06-01;"factual";55;0,00168659920269856;0,553385238184787;0,000933339101507613
2018-06-01;"yr";10;0,000306654400490647;2,99573227355399;0,000918654484377182
2018-07-01;"steers";60;0,00188637721256327;1,89711998488588;0,00357868390898711
2018-07-01;"editorially";60;0,00188637721256327;1,74296930505862;0,00328789757925983
2018-07-01;"edits";60;0,00188637721256327;1,29098418131557;0,00243528314141333
2018-07-01;"enables";121;0,00380419404533593;0,553385238184787;0,00210518482787937
2018-07-01;"unreported";22;0,000691671644606533;1,74296930505862;0,0012055624457286
2018-07-01;"accessible";67;0,00210645455402899;0,553385238184787;0,00116568085510676
2018-07-01;"journalism";183;0,00575345049831798;0,192371892647456;0,00110680216161488
2018-07-01;"factual";60;0,00188637721256327;0,553385238184787;0,00104389330308068
2018-07-01;"investigative";60;0,00188637721256327;0,510825623765991;0,000963609816265584
2018-07-01;"fearless";24;0,000754550885025309;1,20397280432594;0,000908458745050538
2018-07-01;"world's";24;0,000754550885025309;1,20397280432594;0,000908458745050538
2018-07-01;"prejudice";22;0,000691671644606533;1,29098418131557;0,000892937151851556
2018-07-01;"bias";61;0,00191781683277266;0,430782916092454;0,000826162727753001
2018-07-01;"burlington";10;0,000314396202093879;2,59026716544583;0,000814370159224645
2018-07-01;"neg";25;0,000785990505234697;0,916290731874155;0,000720195815287637
2018-08-01;"hemp";20;0,000481672366456336;2,99573227355399;0,00144296145347237
2018-08-01;"compassion";41;0,00098742835123549;1,38629436111989;0,00136886635532767
2018-08-01;"fatigue";29;0,000698424931361688;1,74296930505862;0,0012173332172511
2018-08-01;"denialism";80;0,00192668946582535;0,553385238184787;0,00106620150895388
2018-08-01;"manafort";15;0,000361254274842252;2,30258509299405;0,000831818708032144
2018-08-01;"redding";13;0,000313087038196619;2,59026716544583;0,000810979074967385
2018-08-01;"tessa";9;0,000216752564905351;3,68887945411394;0,000799574083305848
2018-08-01;"holocaust";24;0,000578006839747604;1,29098418131557;0,000746197686806358
2018-08-01;"agnew";10;0,000240836183228168;2,99573227355399;0,000721480726736186
2018-08-01;"finlay";8;0,000192668946582535;3,68887945411394;0,000710732518494087
2018-08-01;"neg";31;0,000746592168007321;0,916290731874155;0,000684095484034941
2018-08-01;"empathy";25;0,00060209045807042;1,1239300966524;0,000676707586732575
2018-08-01;"hothouse";16;0,000385337893165069;1,74296930505862;0,000671632119862674
2018-08-01;"kmart";10;0,000240836183228168;2,59026716544583;0,000623830057667219
2018-08-01;"lippens";7;0,000168585328259718;3,68887945411394;0,000621890953682326
2018-08-01;"noordwijk";7;0,000168585328259718;3,68887945411394;0,000621890953682326
2018-09-01;"amendola";15;0,000409948073244056;3,68887945411394;0,00151224902464359
2018-09-01;"solheim";30;0,000819896146488112;1,74296930505862;0,00142905381666463
2018-09-01;"flagstaff";14;0,000382618201694452;3,68887945411394;0,00141143242300069
2018-09-01;"o’meara";13;0,000355288330144848;3,68887945411394;0,00131061582135778
2018-09-01;"morrison";57;0,00155780267832741;0,798507696217772;0,0012439174278331
2018-09-01;"hook’s";10;0,000273298715496037;3,68887945411394;0,00100816601642906
2018-09-01;"matsutaro";10;0,000273298715496037;3,68887945411394;0,00100816601642906
2018-09-01;"timm";9;0,000245968843946433;3,68887945411394;0,000907349414786155
2018-09-01;"solheim’s";11;0,000300628587045641;2,99573227355399;0,000900602760565562
2018-09-01;"unep";26;0,000710576660289697;1,20397280432594;0,000855514974377544
2018-09-01;"wrightsville";8;0,00021863897239683;3,68887945411394;0,000806532813143249
2018-09-01;"kavanaugh";11;0,000300628587045641;2,59026716544583;0,000778708358018696
2018-09-01;"boe";9;0,000245968843946433;2,99573227355399;0,000736856804099096
2018-09-01;"florence";22;0,000601257174091282;1,20397280432594;0,000723897286011768
2018-09-01;"ulverud";7;0,000191309100847226;3,68887945411394;0,000705716211500343
2018-10-01;"wentworth";49;0,000813575081357508;1,38629436111989;0,00112785454763357
2018-10-01;"tong";22;0,000365278607956432;2,30258509299405;0,000841085077470097
2018-10-01;"morrison";60;0,000996214385335724;0,798507696217772;0,000795484853773433
2018-10-01;"phelps";23;0,000381882181045361;2,07944154167984;0,000794101671293024
2018-10-01;"gcf";25;0,000415089327223218;1,89711998488588;0,000787474258188003
2018-10-01;"bolsonaro";24;0,00039848575413429;1,89711998488588;0,000755975287860483
2018-10-01;"sharma";24;0,00039848575413429;1,89711998488588;0,000755975287860483
2018-10-01;"dishwasher";11;0,000182639303978216;3,68887945411394;0,000673734375958911
2018-10-01;"cerrejón";10;0,000166035730889287;3,68887945411394;0,000612485796326283
2018-10-01;"stahl";10;0,000166035730889287;3,68887945411394;0,000612485796326283
2018-10-01;"jeffery";14;0,000232450023245002;2,59026716544583;0,000602107662818649
2018-10-01;"verde";14;0,000232450023245002;2,59026716544583;0,000602107662818649
2018-10-01;"hewson";18;0,000298864315600717;1,89711998488588;0,000566981465895362
2018-10-01;"poiner";8;0,00013282858471143;3,68887945411394;0,000489988637061026
2018-10-01;"byelection";22;0,000365278607956432;1,29098418131557;0,000471568904644724
2018-11-01;"lambeth";11;0,000283592863772301;3,68887945411394;0,00104613988850297
2018-11-01;"sargassum";13;0,000335155202639992;2,99573227355399;0,00100403525719815
2018-11-01;"franzen";13;0,000335155202639992;2,59026716544583;0,000868141516726713
2018-11-01;"rebellion";31;0,000799216252449211;0,980829253011726;0,000783894679884591
2018-11-01;"zinke";19;0,000489842219243065;1,49165487677772;0,000730675535185537
2018-11-01;"sperm";12;0,000309374033206146;2,07944154167984;0,000643325216565897
2018-11-01;"lövin";9;0,00023203052490461;2,59026716544583;0,000601021050041571
2018-11-01;"seminole";9;0,00023203052490461;2,59026716544583;0,000601021050041571
2018-11-01;"zinke’s";9;0,00023203052490461;2,59026716544583;0,000601021050041571
2018-11-01;"thanksgiving";10;0,000257811694338455;2,30258509299405;0,000593633364183264
2018-11-01;"bray";7;0,000180468186036919;2,99573227355399;0,000540634369260543
2018-11-01;"crab";12;0,000309374033206146;1,74296930505862;0,0005392294436605
2018-11-01;"arrested";32;0,000824997421883057;0,644357016390513;0,000531592877294432
2018-11-01;"drax";11;0,000283592863772301;1,74296930505862;0,000494293656688792
2018-11-01;"morrison";24;0,000618748066412292;0,798507696217772;0,00049407509305008
2018-12-01;"katowice";57;0,000989909866101665;1,89711998488588;0,00187797779021718
2018-12-01;"biniaz";26;0,000451537833660409;2,99573227355399;0,00135268646102714
2018-12-01;"afrikan";17;0,000295236275854883;3,68887945411394;0,00108909103211019
2018-12-01;"carryover";29;0,000503638352928917;2,07944154167984;0,0010472865130636
2018-12-01;"rulebook";30;0,000521005192685087;1,6094379124341;0,000838525509682413
2018-12-01;"leaderless";13;0,000225768916830204;3,68887945411394;0,000832834318672499
2018-12-01;"ota";13;0,000225768916830204;3,68887945411394;0,000832834318672499
2018-12-01;"cannabis";20;0,000347336795123391;2,30258509299405;0,000799772526699448
2018-12-01;"cop24";20;0,000347336795123391;2,30258509299405;0,000799772526699448
2018-12-01;"bolsonaro";24;0,00041680415414807;1,89711998488588;0,000790727490617759
2018-12-01;"monteverde";11;0,000191035237317865;3,68887945411394;0,000704705961953653
2018-12-01;"rinaudo";11;0,000191035237317865;3,68887945411394;0,000704705961953653
2018-12-01;"lobsters";19;0,000329969955367222;2,07944154167984;0,000686153232696842
2018-12-01;"paradise";41;0,000712040430002952;0,916290731874155;0,000652436046731393
2018-12-01;"goggia";10;0,000173668397561696;3,68887945411394;0,00064064178359423
2019-01-01;"steggall";24;0,000658201464498259;2,59026716544583;0,0017049176417382
2019-01-01;"eubank";13;0,00035652579326989;3,68887945411394;0,00131518067365497
2019-01-01;"narrabeen";10;0,000274250610207608;3,68887945411394;0,00101167744127305
2019-01-01;"augusta";16;0,000438800976332172;1,89711998488588;0,000832458101587201
2019-01-01;"bolsonaro";16;0,000438800976332172;1,89711998488588;0,000832458101587201
2019-01-01;"davos";25;0,000685626525519019;1,20397280432594;0,000825475690649382
2019-01-01;"collaroy";10;0,000274250610207608;2,99573227355399;0,000821581404040806
2019-01-01;"thunberg";16;0,000438800976332172;1,74296930505862;0,000764816632776732
2019-01-01;"ruskin";13;0,00035652579326989;2,07944154167984;0,000741374545205767
2019-01-01;"lister";10;0,000274250610207608;2,59026716544583;0,000710382350724248
2019-01-01;"tasfires";7;0,000191975427145325;3,68887945411394;0,000708174208891138
2019-01-01;"yates";16;0,000438800976332172;1,49165487677772;0,000654539616280708
2019-01-01;"kooyong";10;0,000274250610207608;2,30258509299405;0,000631485366808558
2019-01-01;"heinle";6;0,000164550366124565;3,68887945411394;0,000607006464763832
2019-01-01;"shearing";6;0,000164550366124565;3,68887945411394;0,000607006464763832
2019-01-01;"shoesmith";6;0,000164550366124565;3,68887945411394;0,000607006464763832
2019-01-01;"timbarra";6;0,000164550366124565;3,68887945411394;0,000607006464763832
2019-02-01;"thunberg";43;0,000744524283611809;1,74296930505862;0,00129768297320614
2019-02-01;"greta";41;0,000709895247164748;1,38629436111989;0,000984123778130301
2019-02-01;"steggall";19;0,000328975846247078;2,59026716544583;0,000852135332758561
2019-02-01;"pupils";38;0,000657951692494156;1,20397280432594;0,000792155944323185
2019-02-01;"muthana";12;0,000207774218682365;3,68887945411394;0,000766454046391953
2019-02-01;"cambridgedr";11;0,000190459700458835;3,68887945411394;0,00070258287585929
2019-02-01;"universitydr";11;0,000190459700458835;3,68887945411394;0,00070258287585929
2019-02-01;"ocasio";23;0,0003982339191412;1,74296930505862;0,000694109497296309
2019-02-01;"schauvliege";12;0,000207774218682365;2,99573227355399;0,000622435932519226
2019-02-01;"boomers";17;0,000294346809800017;2,07944154167984;0,000612076983959089
2019-02-01;"cortez";20;0,000346290364470609;1,74296930505862;0,000603573475909834
2019-02-01;"gloucester";13;0,000225088736905896;2,59026716544583;0,000583039964519016
2019-02-01;"darling";42;0,000727209765388278;0,798507696217772;0,00058068259442726
2019-02-01;"elko";9;0,000155830664011774;3,68887945411394;0,000574840534793965
2019-02-01;"wallace";29;0,000502121028482382;1,1239300966524;0,000564348936073406
2019-03-01;"thunberg";51;0,000848557452331037;1,74296930505862;0,00147900959299174
2019-03-01;"debelle";19;0,000316129246946857;3,68887945411394;0,00116616268390677
2019-03-01;"carryover";29;0,000482513061129413;2,07944154167984;0,0010033577037156
2019-03-01;"morrison";67;0,00111477155502313;0,798507696217772;0,00089015366621062
2019-03-01;"ocasio";30;0,000499151442547669;1,74296930505862;0,00087000564293632
2019-03-01;"cortez";29;0,000482513061129413;1,74296930505862;0,000841005454838442
2019-03-01;"greta";36;0,000598981731057203;1,38629436111989;0,000830364996178431
2019-03-01;"steggall";17;0,000282852484110346;2,59026716544583;0,000732663502255816
2019-03-01;"strikers";20;0,000332767628365113;2,07944154167984;0,000691970830148692
2019-03-01;"lopez";15;0,000249575721273834;2,59026716544583;0,000646467796108073
2019-03-01;"idai";11;0,000183022195600812;2,99573227355399;0,000548285498138064
2019-03-01;"middleton";11;0,000183022195600812;2,99573227355399;0,000548285498138064
2019-03-01;"redknapp";10;0,000166383814182556;2,99573227355399;0,000498441361943694
2019-03-01;"villasenor";10;0,000166383814182556;2,99573227355399;0,000498441361943694
2019-03-01;"glencross";8;0,000133107051346045;3,68887945411394;0,000491015866908114
2019-03-01;"pepino";8;0,000133107051346045;3,68887945411394;0,000491015866908114
2019-04-01;"rebellion";183;0,00297097214104812;0,980829253011726;0,00291401638582288
2019-04-01;"thunberg";74;0,00120137671277356;1,74296930505862;0,00209396273417654
2019-04-01;"steers";62;0,00100655886745893;1,89711998488588;0,00190956294342043
2019-04-01;"editorially";62;0,00100655886745893;1,74296930505862;0,00175440120971548
2019-04-01;"buckel";23;0,000373400870186376;3,68887945411394;0,00137743079817879
2019-04-01;"edits";62;0,00100655886745893;1,29098418131557;0,00129945157545238
2019-04-01;"marble";36;0,000584453535943892;2,07944154167984;0,0012153369618234
2019-04-01;"circus";41;0,000665627638158322;1,74296930505862;0,00116016854190862
2019-04-01;"greta";51;0,000827975842587181;1,38629436111989;0,0011478182417221
2019-04-01;"waterloo";47;0,000763036560815637;1,49165487677772;0,00113818720710034
2019-04-01;"enables";124;0,00201311773491785;0,553385238184787;0,00111402963723153
2019-04-01;"arch";35;0,000568218715501007;1,49165487677772;0,000847586218053447
2019-04-01;"easter";35;0,000568218715501007;1,49165487677772;0,000847586218053447
2019-04-01;"chory";13;0,000211052665757517;3,68887945411394;0,000778547842448879
2019-04-01;"buckel’s";12;0,000194817845314631;3,68887945411394;0,000718659546875889
