"term";"term_freq";"doc_freq";"idf"
"greg_hunt";65;56;4,33495374514394
"saudi_arabia";85;65;4,18591816598346
"human_health";90;71;4,09762555883778
"air_quality";154;108;3,67817420875487
"climate_energy";185;148;3,36309316211498
"australia's_climate";53;48;4,4891044249712
"change_policies";57;52;4,40906171729767
"environment_minister";251;221;2,96214273436134
"report_released";59;58;4,29986242533267
"carbon_emissions";894;637;1,90353578030693
"nations_climate";48;47;4,51015783416903
"co2_emissions";231;174;3,20125013666456
"economic_growth";267;194;3,09244727681576
"australia's_emissions";102;74;4,05624034267492
"mark_butler";52;51;4,42847980315477
"turnbull_government";180;124;3,54002387027406
"donald_trump";710;585;1,98869358864724
"emmanuel_macron";56;53;4,39001352232697
"global_climate";303;265;2,78057560989287
"climate_agreement";442;387;2,40188074284931
"world_leaders";178;151;3,34302559906417
"paris_accord";234;156;3,31044942862956
"paris_climate";888;724;1,77551404349338
"world_war";103;86;3,90595813962559
"annual_emissions";53;50;4,44828243045095
"global_warming";2972;1507;1,0424292372526
"global_emissions";169;142;3,40447837827783
"fuel_efficiency";86;50;4,44828243045095
"white_house";417;240;2,8796665125371
"tonnes_co2";78;64;4,20142235251942
"environmental_protection";278;245;2,85904722533437
"protection_agency";209;195;3,08730587731535
"president_obama";68;59;4,28276799197337
"president_trump";117;97;3,78559445737571
"told_guardian";515;396;2,37889122462461
"article_amended";60;58;4,29986242533267
"renewable_energy";1455;768;1,71651570273142
"south_australia";167;105;3,70634508572157
"decade_ago";77;72;4,08363931686304
"action_climate";389;332;2,5551704669626
"change_time";67;67;4,15561281648813
"business_leaders";114;88;3,88296862140089
"science_climate";122;104;3,71591453673772
"transition_clean";46;43;4,59910532018553
"clean_energy";839;465;2,21826803029174
"energy_future";54;50;4,44828243045095
"price_carbon";122;95;3,80642854427855
"emissions_trading";211;136;3,44765055014304
"trading_scheme";197;124;3,54002387027406
"climate_policy";505;326;2,57340805451239
"diesel_cars";100;56;4,33495374514394
"air_pollution";398;229;2,92658343232485
"low_carbon";127;101;3,74518491903783
"energy_policy";319;202;3,05203773847789
"managing_director";66;61;4,24943157170578
"energy_transition";77;67;4,15561281648813
"years_ago";738;581;1,99555467902718
"cutting_carbon";81;77;4,01650001402541
"carbon_dioxide";1160;663;1,86353044569323
"greenhouse_gas";1311;907;1,55016298576396
"coal_mine";61;43;4,59910532018553
"local_communities";73;55;4,35297225064662
"great_barrier";645;227;2,93535541839769
"barrier_reef";644;231;2,9178877253573
"european_union";130;118;3,58962081141343
"gas_emissions";1005;747;1,74424025074628
"effects_climate";268;233;2,90926698231339
"change_happening";110;92;3,83851685883005
"sea-level_rise";152;92;3,83851685883005
"extreme_weather";604;418;2,32482400335434
"weather_events";307;237;2,89224529474396
"public_support";61;53;4,39001352232697
"finkel_review";74;44;4,57611580196083
"past_decade";120;109;3,66895755364995
"real_world";82;65;4,18591816598346
"chief_executive";457;371;2,44410337327166
"rising_temperatures";180;154;3,32335283346546
"warming_world";81;72;4,08363931686304
"catastrophic_climate";75;68;4,14079773070299
"world's_biggest";189;161;3,27890107089463
"good_news";158;147;3,36987284910036
"world_resources";56;53;4,39001352232697
"fight_climate";155;131;3,48510811267794
"coal_industry";181;131;3,48510811267794
"recent_years";265;235;2,90071992173493
"australian_government";132;102;3,73533262259482
"global_carbon";110;102;3,73533262259482
"national_climate";79;69;4,12619893128183
"coal_power";278;161;3,27890107089463
"power_generation";137;105;3,70634508572157
"change_agreement";80;77;4,01650001402541
"electricity_generation";130;109;3,66895755364995
"past_years";449;371;2,44410337327166
"power_sector";72;47;4,51015783416903
"parts_world";98;92;3,83851685883005
"world's_largest";232;210;3,01319790516162
"international_energy";76;73;4,0698459947307
"energy_agency";106;97;3,78559445737571
"carbon_capture";195;130;3,49277098542351
"capture_storage";156;117;3,59813150108134
"researchers_found";73;60;4,26596087365699
"met_office";161;93;3,82770594272584
"food_production";91;75;4,04281732234278
"months_ago";87;81;3,96585628120665
"global_scale";43;43;4,59910532018553
"fossil_fuels";1307;805;1,66946315846053
"current_climate";57;48;4,4891044249712
"million_people";255;197;3,0771017071411
"good_thing";51;46;4,53166403939
"climate_impacts";87;78;4,0035966091895
"time_climate";51;50;4,44828243045095
"extreme_events";59;51;4,42847980315477
"fossil_fuel";1481;718;1,78383586683087
"power_stations";382;237;2,89224529474396
"north_sea";80;57;4,31725416804454
"carbon_pricing";167;93;3,82770594272584
"climate_risks";67;49;4,46848513776847
"caused_climate";61;59;4,28276799197337
"global_economy";123;93;3,82770594272584
"world_economic";61;45;4,55364294610877
"transition_low-carbon";51;47;4,51015783416903
"trump's_decision";91;69;4,12619893128183
"paris_deal";189;121;3,56451489028235
"signed_paris";66;63;4,21717070948756
"reduce_carbon";174;162;3,27270910064671
"press_conference";55;49;4,46848513776847
"civil_war";53;47;4,51015783416903
"rest_world";166;144;3,39049213630309
"emissions_reduction";607;286;2,70431362505924
"paris_agreement";1533;788;1,69080734602121
"global_average";125;114;3,6241069874846
"surface_temperatures";134;91;3,84944592936224
"pre-industrial_levels";196;174;3,20125013666456
"hundreds_thousands";110;104;3,71591453673772
"thousands_people";75;73;4,0698459947307
"middle_east";87;75;4,04281732234278
"vast_majority";94;88;3,88296862140089
"dioxide_emissions";158;142;3,40447837827783
"reducing_emissions";167;152;3,33642491503282
"climate_summit";132;110;3,65982507008668
"south_america";71;61;4,24943157170578
"foreign_policy";71;46;4,53166403939
"environmental_issues";103;91;3,84944592936224
"mass_extinction";97;61;4,24943157170578
"join_debate";151;151;3,34302559906417
"debate_email";151;151;3,34302559906417
"email_guardian.letters@theguardian.com";151;151;3,34302559906417
"guardian.letters@theguardian.com_read";117;117;3,59813150108134
"read_guardian";120;119;3,58118194276756
"guardian_letters";118;118;3,58962081141343
"letters_click";117;117;3,59813150108134
"click_visit";117;117;3,59813150108134
"visit_gu.com";117;117;3,59813150108134
"gu.com_letters";123;123;3,54812108050668
"weeks_ago";62;62;4,233171050834
"changing_climate";163;142;3,40447837827783
"people_work";43;43;4,59910532018553
"change_including";45;44;4,57611580196083
"greenhouse_gases";597;441;2,27126056043225
"gases_atmosphere";68;66;4,17065069385267
"climate_changing";97;79;3,99085758341207
"million_years";68;48;4,4891044249712
"global_temperatures";289;234;2,90498432052139
"climate_scientists";541;367;2,45494358782452
"threat_climate";112;106;3,69686634176703
"long_ago";43;43;4,59910532018553
"reality_climate";62;59;4,28276799197337
"change_people";58;52;4,40906171729767
"climate_activists";63;55;4,35297225064662
"bad_news";70;64;4,20142235251942
"united_states";571;376;2,4307162924892
"climate_deniers";89;65;4,18591816598346
"civil_disobedience";114;68;4,14079773070299
"direct_action";275;161;3,27890107089463
"decades_ago";53;50;4,44828243045095
"scientific_evidence";109;93;3,82770594272584
"coal-fired_power";386;250;2,83884451801685
"power_station";171;120;3,57281369309705
"power_plant";120;89;3,87166906614695
"future_generations";235;200;3,06198806933106
"environmental_groups";141;126;3,52402352892761
"phase_fossil";46;43;4,59910532018553
"solar_panels";165;125;3,53199169857679
"address_climate";133;119;3,58118194276756
"climate_crisis";304;209;3,01797118391428
"climate_justice";81;50;4,44828243045095
"political_parties";63;58;4,29986242533267
"jeremy_corbyn";54;46;4,53166403939
"pacific_ocean";63;56;4,33495374514394
"spent_years";49;48;4,4891044249712
"change_climate";121;115;3,61537330751584
"tens_thousands";114;108;3,67817420875487
"heat_waves";83;67;4,15561281648813
"los_angeles";79;64;4,20142235251942
"record_temperatures";49;46;4,53166403939
"climate_models";241;140;3,41866301326979
"extreme_heat";130;102;3,73533262259482
"billion_people";72;61;4,24943157170578
"years_time";83;77;4,01650001402541
"urban_areas";57;51;4,42847980315477
"union_concerned";51;45;4,55364294610877
"concerned_scientists";56;50;4,44828243045095
"jerry_brown";52;45;4,55364294610877
"energy_targets";76;58;4,29986242533267
"trump_administration's";69;59;4,28276799197337
"air_conditioning";134;62;4,233171050834
"el_ni√±o";489;191;3,10803200783246
"records_began";77;68;4,14079773070299
"average_temperature";112;102;3,73533262259482
"federal_government";310;243;2,86724399253854
"combat_climate";114;107;3,68747660141719
"trump_administration";403;270;2,76188347688072
"role_climate";45;44;4,57611580196083
"weather_climate";66;55;4,35297225064662
"water_shortages";57;43;4,59910532018553
"executive_director";263;232;2,91356806421278
"electric_vehicles";264;138;3,43305175072189
"energy_climate";195;159;3,29140123365886
"emission_reduction";53;49;4,46848513776847
"climate_action";478;360;2,47420140442894
"towns_cities";60;48;4,4891044249712
"reduce_emissions";353;283;2,71485853823586
"climate_council";85;53;4,39001352232697
"change_poses";61;59;4,28276799197337
"emissions_reductions";175;139;3,4258315027484
"warming_2c";238;203;3,04709945683731
"public_transport";98;74;4,05624034267492
"national_oceanic";115;112;3,641806564584
"oceanic_atmospheric";115;112;3,641806564584
"climate_policies";218;160;3,28513162064527
"temperature_data";75;52;4,40906171729767
"warming_1.5c";162;113;3,63291761716675
"1.5c_2c";55;45;4,55364294610877
"atmospheric_administration";125;122;3,55628439114584
"administration_noaa";45;45;4,55364294610877
"20th_century";104;94;3,81701065360909
"climate_scientist";263;213;2,99901327016967
"tackling_climate";171;153;3,32986751448666
"year_record";145;113;3,63291761716675
"tipping_point";102;78;4,0035966091895
"green_party";120;85;3,91765417938878
"caroline_lucas";50;49;4,46848513776847
"warming_trend";70;55;4,35297225064662
"uk_government";145;129;3,50049303151742
"burning_fossil";202;171;3,21864187937643
"environmental_policy";47;47;4,51015783416903
"michael_mann";87;85;3,91765417938878
"state_university";105;97;3,78559445737571
"onshore_wind";61;43;4,59910532018553
"green_deal";226;87;3,89439731722451
"warming_planet";71;70;4,11181019382973
"university_south";43;43;4,59910532018553
"south_wales";228;207;3,02758664261372
"result_climate";59;57;4,31725416804454
"climate_system";118;101;3,74518491903783
"change_science";50;49;4,46848513776847
"1.5c_pre-industrial";58;57;4,31725416804454
"limit_warming";67;64;4,20142235251942
"evidence_climate";57;56;4,33495374514394
"impacts_climate";290;258;2,80734585095748
"cut_greenhouse";97;92;3,83851685883005
"leading_climate";72;71;4,09762555883778
"centre_climate";53;46;4,53166403939
"climate_research";106;84;3,92948863703578
"international_climate";174;157;3,30405963053078
"change_real";129;113;3,63291761716675
"number_people";77;71;4,09762555883778
"earlier_month";87;86;3,90595813962559
"petrol_diesel";61;47;4,51015783416903
"electric_cars";291;131;3,48510811267794
"department_energy";82;74;4,05624034267492
"short_term";88;85;3,91765417938878
"barack_obama";176;166;3,24831764752255
"research_shown";55;51;4,42847980315477
"reducing_greenhouse";66;64;4,20142235251942
"roll_back";45;44;4,57611580196083
"solve_problem";55;53;4,39001352232697
"executive_order";76;51;4,42847980315477
"cut_carbon";172;148;3,36309316211498
"energy_sources";111;95;3,80642854427855
"government_climate";49;48;4,4891044249712
"change_scientists";53;52;4,40906171729767
"surface_temperature";100;77;4,01650001402541
"temperature_record";62;45;4,55364294610877
"report_published";82;78;4,0035966091895
"journal_science";44;44;4,57611580196083
"obama_administration";117;99;3,7651855857445
"action_plan";54;48;4,4891044249712
"drinking_water";75;56;4,33495374514394
"epa_administrator";56;48;4,4891044249712
"scott_pruitt";139;118;3,58962081141343
"climate_science";836;428;2,3011822402973
"human-caused_global";186;94;3,81701065360909
"human-caused_climate";143;108;3,67817420875487
"growing_number";50;49;4,46848513776847
"climate_talks";192;159;3,29140123365886
"research_published";79;77;4,01650001402541
"energy_policies";46;43;4,59910532018553
"natural_gas";345;201;3,05700052782002
"electricity_prices";124;76;4,02957209559276
"public_health";202;143;3,39746080561919
"energy_efficiency";239;188;3,12386347304914
"power_plants";374;269;2,76559405627725
"study_published";162;150;3,34967014178284
"nuclear_power";142;86;3,90595813962559
"wind_energy";92;53;4,39001352232697
"renewable_sources";98;87;3,89439731722451
"climate_denial";169;101;3,74518491903783
"national_security";135;82;3,95358618861484
"fuel_industry";300;198;3,07203840518456
"climate_solutions";93;60;4,26596087365699
"posed_climate";68;59;4,28276799197337
"state_government";51;43;4,59910532018553
"wind_solar";224;168;3,23634145647583
"solar_power";153;122;3,55628439114584
"global_energy";69;52;4,40906171729767
"energy_mix";86;69;4,12619893128183
"climate_negotiations";68;65;4,18591816598346
"put_forward";93;82;3,95358618861484
"high_temperatures";107;97;3,78559445737571
"recent_decades";84;81;3,96585628120665
"energy_technologies";54;45;4,55364294610877
"scientists_found";56;55;4,35297225064662
"energy_sector";134;109;3,66895755364995
"meet_climate";49;48;4,4891044249712
"climate_goals";54;49;4,46848513776847
"temperatures_rising";76;70;4,11181019382973
"increase_global";50;48;4,4891044249712
"people_climate";62;59;4,28276799197337
"united_nations";260;234;2,90498432052139
"polar_bears";142;67;4,15561281648813
"climate_chief";52;50;4,44828243045095
"christiana_figueres";56;56;4,33495374514394
"published_journal";126;123;3,54812108050668
"impact_climate";213;185;3,13994961080077
"energy_finance";75;67;4,15561281648813
"york_city";129;92;3,83851685883005
"climate_accord";135;123;3,54812108050668
"change_action";67;61;4,24943157170578
"private_sector";128;99;3,7651855857445
"temperature_increase";69;65;4,18591816598346
"world_bank";181;118;3,58962081141343
"21st_century";132;115;3,61537330751584
"climate_deal";114;103;3,72557644764946
"solar_wind";145;111;3,65077523456676
"wind_power";117;88;3,88296862140089
"poor_countries";72;63;4,21717070948756
"james_hansen";57;53;4,39001352232697
"bernie_sanders";73;67;4,15561281648813
"washington_dc";126;104;3,71591453673772
"house_representatives";48;44;4,57611580196083
"data_shows";73;65;4,18591816598346
"state_federal";52;44;4,57611580196083
"clean_air";179;121;3,56451489028235
"satellite_data";76;49;4,46848513776847
"earth's_surface";56;47;4,51015783416903
"greenhouse_effect";62;50;4,44828243045095
"people_live";112;107;3,68747660141719
"european_commission";88;74;4,05624034267492
"rising_sea";252;221;2,96214273436134
"sea_levels";489;360;2,47420140442894
"sea_ice";588;206;3,03242926708951
"life_earth";94;75;4,04281732234278
"forest_fires";72;67;4,15561281648813
"high_levels";54;51;4,42847980315477
"millions_people";160;147;3,36987284910036
"billions_dollars";111;100;3,755135249891
"vested_interests";55;44;4,57611580196083
"carbon_pollution";437;221;2,96214273436134
"coal_mining";60;49;4,46848513776847
"fresh_water";58;45;4,55364294610877
"make_sense";69;61;4,24943157170578
"fuel_companies";218;145;3,38357169345852
"climate_targets";85;77;4,01650001402541
"coal_oil";128;116;3,60671524477273
"oil_gas";714;364;2,46315156824235
"industrial_revolution";108;90;3,86049576554883
"create_jobs";46;44;4,57611580196083
"donald_trump's";237;224;2,94865938402405
"agreement_climate";117;114;3,6241069874846
"environment_secretary";59;48;4,4891044249712
"secretary_state";144;125;3,53199169857679
"angela_merkel";49;44;4,57611580196083
"friends_earth";109;93;3,82770594272584
"natural_resources";119;107;3,68747660141719
"prime_minister";873;505;2,13574700660373
"end_year";77;73;4,0698459947307
"year_year";92;82;3,95358618861484
"marine_life";60;45;4,55364294610877
"david_cameron";50;46;4,53166403939
"put_place";71;69;4,12619893128183
"developing_world";52;50;4,44828243045095
"natural_world";161;100;3,755135249891
"attorney_general";125;90;3,86049576554883
"secretary_general";98;82;3,95358618861484
"agreement_signed";46;45;4,55364294610877
"climate_conference";73;69;4,12619893128183
"dioxide_atmosphere";148;122;3,55628439114584
"carbon_credits";92;55;4,35297225064662
"reduction_fund";137;76;4,02957209559276
"tonnes_carbon";105;87;3,89439731722451
"chief_scientist";139;104;3,71591453673772
"reduction_targets";132;116;3,60671524477273
"change_authority";82;51;4,42847980315477
"cutting_emissions";109;94;3,81701065360909
"tony_abbott";193;159;3,29140123365886
"malcolm_turnbull";261;216;2,98502702819493
"guardian_australia";349;245;2,85904722533437
"set_paris";62;56;4,33495374514394
"effects_global";45;43;4,59910532018553
"australian_national";63;61;4,24943157170578
"national_university";56;55;4,35297225064662
"long_time";117;112;3,641806564584
"alan_finkel";65;60;4,26596087365699
"research_fellow";54;43;4,59910532018553
"energy_industry";75;69;4,12619893128183
"https_t.co";124;88;3,88296862140089
"coming_years";75;72;4,08363931686304
"north_america";108;98;3,77533795720852
"meet_paris";150;116;3,60671524477273
"limiting_global";56;54;4,37132138931482
"human_activity";194;163;3,26655523507233
"climate_leadership";60;52;4,40906171729767
"fighting_climate";71;64;4,20142235251942
"san_francisco";123;76;4,02957209559276
"melting_ice";130;108;3,67817420875487
"make_difference";114;102;3,73533262259482
"university_california";78;65;4,18591816598346
"al_gore";78;59;4,28276799197337
"developed_countries";109;84;3,92948863703578
"civil_society";83;70;4,11181019382973
"change_hoax";82;72;4,08363931686304
"republican_party";148;97;3,78559445737571
"change_deniers";68;54;4,37132138931482
"country_world";63;59;4,28276799197337
"times_faster";53;44;4,57611580196083
"china_india";109;95;3,80642854427855
"developing_countries";275;175;3,19551946195558
"public_policy";77;66;4,17065069385267
"sierra_club";82;61;4,24943157170578
"future_planet";47;43;4,59910532018553
"american_people";53;47;4,51015783416903
"emissions_carbon";50;47;4,51015783416903
"change_policy";153;125;3,53199169857679
"lead_author";170;160;3,28513162064527
"journal_nature";80;79;3,99085758341207
"weather_patterns";120;103;3,72557644764946
"warming_climate";90;85;3,91765417938878
"climate_breakdown";148;98;3,77533795720852
"public_opinion";60;52;4,40906171729767
"limit_global";124;120;3,57281369309705
"published_nature";69;66;4,17065069385267
"nature_climate";82;73;4,0698459947307
"thousands_years";79;70;4,11181019382973
"global_surface";79;51;4,42847980315477
"temperatures_rise";118;101;3,74518491903783
"ipcc_report";146;94;3,81701065360909
"carbon_budget";175;99;3,7651855857445
"paris_targets";76;63;4,21717070948756
"gas_coal";75;66;4,17065069385267
"19th_century";50;48;4,4891044249712
"meeting_paris";53;45;4,55364294610877
"track_meet";54;49;4,46848513776847
"oil_industry";107;82;3,95358618861484
"young_people";394;191;3,10803200783246
"withdrawal_paris";61;50;4,44828243045095
"coral_bleaching";178;105;3,70634508572157
"sea_level";820;408;2,34903826147493
"level_rise";511;271;2,75818661499939
"rise_global";49;47;4,51015783416903
"global_action";51;45;4,55364294610877
"climate_pollution";51;44;4,57611580196083
"climate_catastrophe";52;52;4,40906171729767
"scientists_warned";78;76;4,02957209559276
"avoid_worst";67;64;4,20142235251942
"worst_impacts";57;54;4,37132138931482
"countries_including";87;80;3,97827880120521
"bureau_meteorology";98;76;4,02957209559276
"small_island";75;63;4,21717070948756
"floods_droughts";53;51;4,42847980315477
"recent_study";65;64;4,20142235251942
"ocean_acidification";82;51;4,42847980315477
"past_decades";92;83;3,94146482808249
"human_rights";173;97;3,78559445737571
"scientific_research";72;64;4,20142235251942
"hottest_year";118;98;3,77533795720852
"global_temperature";274;218;2,97581037309
"temperature_records";115;85;3,91765417938878
"paris_december";59;59;4,28276799197337
"years_climate";51;50;4,44828243045095
"strong_el";54;48;4,4891044249712
"record_high";52;49;4,46848513776847
"previous_record";60;50;4,44828243045095
"years_record";53;48;4,4891044249712
"research_institute";69;60;4,26596087365699
"institute_climate";80;76;4,02957209559276
"london_school";52;51;4,42847980315477
"school_economics";43;43;4,59910532018553
"act_climate";54;52;4,40906171729767
"long_term";139;130;3,49277098542351
"national_park";120;61;4,24943157170578
"large_scale";53;46;4,53166403939
"sustainable_development";146;104;3,71591453673772
"change_world";68;65;4,18591816598346
"lower_emissions";67;62;4,233171050834
"climate_commitments";54;51;4,42847980315477
"commitments_made";73;65;4,18591816598346
"made_paris";93;84;3,92948863703578
"addressing_climate";51;49;4,46848513776847
"world's_leading";67;67;4,15561281648813
"goals_paris";50;50;4,44828243045095
"important_role";45;43;4,59910532018553
"global_greenhouse";73;68;4,14079773070299
"reduction_emissions";47;45;4,55364294610877
"emissions_greenhouse";48;46;4,53166403939
"west_coast";52;44;4,57611580196083
"international_community";80;69;4,12619893128183
"past_year";80;76;4,02957209559276
"food_security";106;85;3,91765417938878
"earlier_year";167;158;3,29771040285213
"emissions_targets";89;78;4,0035966091895
"oil_company";64;53;4,39001352232697
"bottom_line";48;45;4,55364294610877
"legally_binding";72;59;4,28276799197337
"gas_industry";97;65;4,18591816598346
"people_world";112;101;3,74518491903783
"kyoto_protocol";104;78;4,0035966091895
"oil_companies";142;93;3,82770594272584
"reducing_carbon";73;71;4,09762555883778
"george_bush";70;64;4,20142235251942
"record_low";54;46;4,53166403939
"york_times";91;81;3,96585628120665
"due_climate";74;67;4,15561281648813
"research_suggests";44;44;4,57611580196083
"emissions_levels";113;101;3,74518491903783
"meet_target";57;49;4,46848513776847
"earlier_week";51;51;4,42847980315477
"energy_minister";169;138;3,43305175072189
"committee_climate";112;94;3,81701065360909
"electric_vehicle";105;65;4,18591816598346
"electric_car";104;52;4,40906171729767
"environmental_impact";78;68;4,14079773070299
"carbon_footprint";144;115;3,61537330751584
"vulnerable_climate";53;53;4,39001352232697
"energy_security";142;101;3,74518491903783
"open_letter";62;53;4,39001352232697
"study_found";137;121;3,56451489028235
"hundreds_millions";120;115;3,61537330751584
"human_activities";82;74;4,05624034267492
"urgent_action";78;75;4,04281732234278
"people_living";97;89;3,87166906614695
"vehicle_emissions";65;47;4,51015783416903
"future_climate";97;85;3,91765417938878
"food_water";53;49;4,46848513776847
"foreign_minister";73;53;4,39001352232697
"scientific_community";87;70;4,11181019382973
"human_beings";77;56;4,33495374514394
"carbon_trading";75;51;4,42847980315477
"step_forward";48;45;4,55364294610877
"temperature_rises";146;116;3,60671524477273
"world_climate";68;68;4,14079773070299
"made_clear";94;92;3,83851685883005
"earth's_climate";95;80;3,97827880120521
"report_found";120;94;3,81701065360909
"government's_climate";50;48;4,4891044249712
"made_climate";45;43;4,59910532018553
"warmer_temperatures";48;43;4,59910532018553
"social_media";179;134;3,46246563592818
"federal_government's";57;49;4,46848513776847
"carbon_tax";381;172;3,21281095906564
"finance_corporation";46;43;4,59910532018553
"paper_published";99;92;3,83851685883005
"industrial_strategy";65;53;4,39001352232697
"change_impacts";95;90;3,86049576554883
"david_attenborough";73;57;4,31725416804454
"warm_water";69;51;4,42847980315477
"college_london";85;79;3,99085758341207
"scientific_consensus";113;71;4,09762555883778
"sea_surface";72;57;4,31725416804454
"agreed_paris";72;70;4,11181019382973
"avoid_dangerous";56;54;4,37132138931482
"consensus_climate";56;49;4,46848513776847
"ice_age";108;71;4,09762555883778
"risks_climate";92;79;3,99085758341207
"coral_reefs";237;140;3,41866301326979
"average_temperatures";81;72;4,08363931686304
"methane_emissions";109;48;4,4891044249712
"climate_impact";75;69;4,12619893128183
"earth_system";57;45;4,55364294610877
"world_meteorological";54;52;4,40906171729767
"penn_state";47;45;4,55364294610877
"co2_atmosphere";72;62;4,233171050834
"un's_intergovernmental";44;44;4,57611580196083
"intergovernmental_panel";241;238;2,88803476220762
"panel_climate";252;247;2,85091709925112
"australian_energy";61;49;4,46848513776847
"energy_market";130;98;3,77533795720852
"department_environment";69;59;4,28276799197337
"environment_energy";77;65;4,18591816598346
"lot_people";73;67;4,15561281648813
"recent_months";50;49;4,46848513776847
"emissions_standards";77;55;4,35297225064662
"green_energy";91;75;4,04281732234278
"year_ago";57;57;4,31725416804454
"east_coast";94;77;4,01650001402541
"national_academy";50;47;4,51015783416903
"academy_sciences";51;48;4,4891044249712
"storm_surges";65;51;4,42847980315477
"change_research";72;66;4,17065069385267
"business_usual";97;84;3,92948863703578
"storm_surge";64;46;4,53166403939
"gulf_mexico";65;49;4,46848513776847
"change_caused";46;45;4,55364294610877
"barack_obama's";81;81;3,96585628120665
"political_leaders";99;86;3,90595813962559
"tipping_points";84;56;4,33495374514394
"climate_change's";51;50;4,44828243045095
"millions_dollars";64;62;4,233171050834
"consequences_climate";78;73;4,0698459947307
"coming_decades";69;65;4,18591816598346
"solar_energy";91;78;4,0035966091895
"half_century";65;61;4,24943157170578
"rich_countries";88;66;4,17065069385267
"commitments_paris";51;47;4,51015783416903
"end_century";198;166;3,24831764752255
"change_act";98;66;4,17065069385267
"efforts_reduce";47;47;4,51015783416903
"reduce_greenhouse";160;155;3,31688031895985
"talk_climate";52;46;4,53166403939
"coastal_cities";57;49;4,46848513776847
"research_letters";47;44;4,57611580196083
"rising_seas";122;97;3,78559445737571
"keeping_global";63;61;4,24943157170578
"net_emissions";100;80;3,97827880120521
"cut_emissions";266;220;2,96667788952673
"role_play";54;52;4,40906171729767
"coal_plants";194;113;3,63291761716675
"energy_efficient";45;43;4,59910532018553
"group_climate";62;60;4,26596087365699
"resources_institute";52;49;4,46848513776847
"economic_development";47;43;4,59910532018553
"north_carolina";72;48;4,4891044249712
"framework_convention";68;66;4,17065069385267
"convention_climate";71;69;4,12619893128183
"poorer_countries";51;49;4,46848513776847
"taking_place";78;72;4,08363931686304
"withdraw_paris";128;117;3,59813150108134
"previously_thought";56;47;4,51015783416903
"bleaching_events";82;47;4,51015783416903
"government_support";47;44;4,57611580196083
"water_supply";71;50;4,44828243045095
"parts_country";54;48;4,4891044249712
"warming_temperatures";65;60;4,26596087365699
"dangers_climate";48;45;4,55364294610877
"trump_president";43;43;4,59910532018553
"coal_gas";111;90;3,86049576554883
"recent_research";50;49;4,46848513776847
"report_climate";72;65;4,18591816598346
"western_australia";74;53;4,39001352232697
"emissions_rising";60;56;4,33495374514394
"coalition_government";61;59;4,28276799197337
"emissions_continue";58;52;4,40906171729767
"continue_rise";76;75;4,04281732234278
"carbon_atmosphere";65;53;4,39001352232697
"change_ipcc";78;78;4,0035966091895
"co2_levels";65;44;4,57611580196083
"emissions_target";64;50;4,44828243045095
"change_global";96;92;3,83851685883005
"countries_world";60;57;4,31725416804454
"level_rises";93;79;3,99085758341207
"ice_sheets";138;93;3,82770594272584
"gas_production";54;43;4,59910532018553
"university_college";55;50;4,44828243045095
"economic_social";53;53;4,39001352232697
"minister_josh";105;105;3,70634508572157
"josh_frydenberg";161;158;3,29771040285213
"minister_malcolm";66;66;4,17065069385267
"energy_system";104;86;3,90595813962559
"energy_target";268;137;3,44032451005097
"party_room";86;54;4,37132138931482
"electricity_market";132;100;3,755135249891
"cap_trade";65;43;4,59910532018553
"national_electricity";97;77;4,01650001402541
"emissions_intensity";150;75;4,04281732234278
"intensity_scheme";93;48;4,4891044249712
"national_energy";156;111;3,65077523456676
"free_market";81;61;4,24943157170578
"hillary_clinton";109;82;3,95358618861484
"energy_projects";81;63;4,21717070948756
"worst_effects";48;47;4,51015783416903
"financial_crisis";64;55;4,35297225064662
"renewable_power";65;57;4,31725416804454
"sq_km";96;50;4,44828243045095
"clean_power";289;152;3,33642491503282
"power_plan";270;133;3,46995630765734
"deal_climate";43;43;4,59910532018553
"natural_disasters";109;79;3,99085758341207
"emissions_cuts";120;103;3,72557644764946
"impacts_global";47;45;4,55364294610877
"progress_made";65;61;4,24943157170578
"energy_bills";54;44;4,57611580196083
"northern_hemisphere";101;85;3,91765417938878
"recent_report";54;53;4,39001352232697
"tackle_climate";211;179;3,17291963003834
"coral_reef";100;65;4,18591816598346
"james_cook";57;43;4,59910532018553
"bleaching_event";134;65;4,18591816598346
"droughts_floods";67;65;4,18591816598346
"arctic_ice";92;71;4,09762555883778
"children_grandchildren";52;49;4,46848513776847
"key_role";61;58;4,29986242533267
"dangerous_climate";99;94;3,81701065360909
"air_water";87;72;4,08363931686304
"science_denial";118;54;4,37132138931482
"east_anglia";47;47;4,51015783416903
"world_health";47;45;4,55364294610877
"world's_population";63;54;4,37132138931482
"large_part";47;47;4,51015783416903
"time_year";94;80;3,97827880120521
"media_outlets";64;45;4,55364294610877
"past_century";45;43;4,59910532018553
"water_quality";124;62;4,233171050834
"meet_targets";65;56;4,33495374514394
"targets_set";48;45;4,55364294610877
"research_centre";73;69;4,12619893128183
"population_growth";70;53;4,39001352232697
"antarctic_ice";83;49;4,46848513776847
"ice_sheet";192;88;3,88296862140089
"change_report";64;59;4,28276799197337
"issue_climate";69;67;4,15561281648813
"answer_question";47;44;4,57611580196083
"energy_environment";66;63;4,21717070948756
"emissions_power";48;44;4,57611580196083
"environment_agency";55;44;4,57611580196083
"bank_england";61;51;4,42847980315477
"change_government";58;57;4,31725416804454
"bill_mckibben";46;45;4,55364294610877
"rex_tillerson";69;62;4,233171050834
"developing_nations";52;45;4,55364294610877
"called_climate";65;65;4,18591816598346
"response_climate";81;76;4,02957209559276
"australian_conservation";70;57;4,31725416804454
"conservation_foundation";64;52;4,40906171729767
"low-carbon_economy";89;77;4,01650001402541
"research_shows";86;83;3,94146482808249
"member_states";76;62;4,233171050834
"climate_movement";63;50;4,44828243045095
"wind_farms";67;50;4,44828243045095
"amount_carbon";59;56;4,33495374514394
"levels_rise";87;77;4,01650001402541
"temperature_rise";150;136;3,44765055014304
"big_oil";65;48;4,4891044249712
"tens_millions";55;51;4,42847980315477
"climate_risk";76;53;4,39001352232697
"natural_environment";48;44;4,57611580196083
"support_climate";59;49;4,46848513776847
"taking_action";108;104;3,71591453673772
"presidential_election";69;63;4,21717070948756
"makes_sense";53;53;4,39001352232697
"director_climate";58;58;4,29986242533267
"supreme_court";141;78;4,0035966091895
"carbon_taxes";57;44;4,57611580196083
"carbon_reduction";47;44;4,57611580196083
"ice_caps";60;56;4,33495374514394
"wind_turbines";64;53;4,39001352232697
"status_quo";81;71;4,09762555883778
"energy_production";47;43;4,59910532018553
"gas_companies";73;58;4,29986242533267
"green_groups";46;43;4,59910532018553
"tar_sands";111;62;4,233171050834
"energy_companies";86;72;4,08363931686304
"great_deal";48;44;4,57611580196083
"clean_water";62;55;4,35297225064662
"state_governments";56;47;4,51015783416903
"tonnes_year";61;45;4,55364294610877
"burning_coal";81;72;4,08363931686304
"2c_pre-industrial";90;88;3,88296862140089
"wall_street";66;46;4,53166403939
"clean_coal";73;55;4,35297225064662
"south_africa";75;58;4,29986242533267
"ice_cover";67;46;4,53166403939
"save_planet";52;46;4,53166403939
"make_decisions";50;48;4,4891044249712
"fake_news";70;52;4,40906171729767
"people_understand";44;43;4,59910532018553
"south_australian";64;52;4,40906171729767
"scheme_electricity";66;45;4,55364294610877
"electricity_sector";243;138;3,43305175072189
"general_election";50;45;4,55364294610877
"power_prices";114;79;3,99085758341207
"concerned_climate";56;51;4,42847980315477
"global_population";46;43;4,59910532018553
"landmark_paris";57;57;4,31725416804454
"president_donald";80;79;3,99085758341207
"liberal_party";174;89;3,87166906614695
"university_melbourne";48;43;4,59910532018553
"council_australia";82;63;4,21717070948756
"scientist_alan";54;54;4,37132138931482
"higher_temperatures";77;66;4,17065069385267
"scott_morrison";114;101;3,74518491903783
"arctic_sea";142;92;3,83851685883005
"ocean_temperatures";83;73;4,0698459947307
"world_heritage";179;58;4,29986242533267
"told_reporters";77;70;4,11181019382973
"world_leader";57;55;4,35297225064662
"companies_including";43;43;4,59910532018553
"emissions_year";50;49;4,46848513776847
"federal_election";93;73;4,0698459947307
"coastal_areas";54;49;4,46848513776847
"major_parties";81;60;4,26596087365699
"position_climate";48;45;4,55364294610877
"carbon_price";195;118;3,58962081141343
"energy_consumption";49;43;4,59910532018553
"snow_ice";56;48;4,4891044249712
"temperature_increases";54;48;4,4891044249712
"past_months";72;65;4,18591816598346
"ocean_waters";64;46;4,53166403939
"change_making";46;43;4,59910532018553
"government_policy";63;61;4,24943157170578
"energy_supply";53;44;4,57611580196083
"campaign_group";60;53;4,39001352232697
"change_make";46;46;4,53166403939
"paris_commitments";72;60;4,26596087365699
"energy_prices";63;57;4,31725416804454
"2c_warming";56;50;4,44828243045095
"global_sea";55;45;4,55364294610877
"emissions_electricity";66;50;4,44828243045095
"un's_climate";62;60;4,26596087365699
"sky_news";48;44;4,57611580196083
"craig_kelly";43;43;4,59910532018553
"existential_threat";118;104;3,71591453673772
"parts_million";68;61;4,24943157170578
"australia_meet";94;75;4,04281732234278
"rise_2c";61;54;4,37132138931482
"pull_paris";56;52;4,40906171729767
"change_energy";69;64;4,20142235251942
"climate_emergency";118;80;3,97827880120521
"energy_generation";56;48;4,4891044249712
"labor_government";57;50;4,44828243045095
"prime_minister's";52;45;4,55364294610877
"action_policy";51;45;4,55364294610877
"research_found";70;64;4,20142235251942
"climate_refugees";57;44;4,57611580196083
"reduction_target";143;90;3,86049576554883
"election_campaign";72;64;4,20142235251942
"paris_target";72;58;4,29986242533267
"environment_groups";52;44;4,57611580196083
"bill_shorten";102;87;3,89439731722451
"labor_leader";51;44;4,57611580196083
"energy_guarantee";119;86;3,90595813962559
"climate_institute";66;43;4,59910532018553
"guardian_readers";72;71;4,09762555883778
"letters_spread";68;68;4,14079773070299
"share_guardian";67;67;4,15561281648813
"readers_click";67;67;4,15561281648813
"click_upload";67;67;4,15561281648813
"upload_publish";67;67;4,15561281648813
"publish_submissions";67;67;4,15561281648813
"submissions_letters";67;67;4,15561281648813
"print_edition";69;69;4,12619893128183
"letters_photo";61;61;4,24943157170578
"photo_share";66;66;4,17065069385267
"spread_print";66;66;4,17065069385267
"morrison_government";69;53;4,39001352232697
"greta_thunberg";104;90;3,86049576554883
"extinction_rebellion";272;107;3,68747660141719
"school_strikes";54;45;4,55364294610877
