"month";"word";"n";"tf";"idf";"tf_idf"
2016-01-01;"climate";29;0,0136470588235294;0;0
2016-01-01;"coal";26;0,0122352941176471;0;0
2016-01-01;"emissions";23;0,0108235294117647;0;0
2016-01-01;"change";22;0,0103529411764706;0;0
2016-01-01;"global";14;0,00658823529411765;0;0
2016-01-01;"oil";14;0,00658823529411765;0;0
2016-01-01;"energy";13;0,00611764705882353;0;0
2016-01-01;"china";12;0,00564705882352941;0;0
2016-01-01;"world";12;0,00564705882352941;0;0
2016-01-01;"risks";11;0,00517647058823529;0;0
2016-01-01;"science";11;0,00517647058823529;0;0
2016-01-01;"carbon";10;0,00470588235294118;0;0
2016-01-01;"time";10;0,00470588235294118;0;0
2016-01-01;"aircraft";9;0,00423529411764706;0;0
2016-01-01;"defense";9;0,00423529411764706;0;0
2016-01-01;"candidates";8;0,00376470588235294;0;0
2016-01-01;"co2";8;0,00376470588235294;0;0
2016-01-01;"environmental";8;0,00376470588235294;0;0
2016-01-01;"fuel";8;0,00376470588235294;0;0
2016-01-01;"power";8;0,00376470588235294;0;0
2016-01-01;"standard";8;0,00376470588235294;0;0
2016-01-01;"cheap";7;0,00329411764705882;0;0
2016-01-01;"economic";7;0,00329411764705882;0;0
2016-01-01;"eu";7;0,00329411764705882;0;0
2016-01-01;"generation";7;0,00329411764705882;0;0
2016-01-01;"major";7;0,00329411764705882;0;0
2016-01-01;"price";7;0,00329411764705882;0;0
2016-01-01;"result";7;0,00329411764705882;0;0
2016-01-01;"annual";6;0,00282352941176471;0;0
2016-01-01;"countries";6;0,00282352941176471;0;0
2016-01-01;"environment";6;0,00282352941176471;0;0
2016-01-01;"europe";6;0,00282352941176471;0;0
2016-01-01;"fossil";6;0,00282352941176471;0;0
2016-01-01;"growth";6;0,00282352941176471;0;0
2016-01-01;"industry";6;0,00282352941176471;0;0
2016-01-01;"issues";6;0,00282352941176471;0;0
2016-01-01;"president";6;0,00282352941176471;0;0
2016-01-01;"report";6;0,00282352941176471;0;0
2016-01-01;"risk";6;0,00282352941176471;0;0
2016-01-01;"willis";6;0,00282352941176471;0;0
2016-01-01;"australia";5;0,00235294117647059;0;0
2016-01-01;"cars";5;0,00235294117647059;0;0
2016-01-01;"company";5;0,00235294117647059;0;0
2016-01-01;"courtroom";5;0,00235294117647059;0;0
2016-01-01;"economy";5;0,00235294117647059;0;0
2016-01-01;"evidence";5;0,00235294117647059;0;0
2016-01-01;"index";5;0,00235294117647059;0;0
2016-01-01;"international";5;0,00235294117647059;0;0
2016-01-01;"paris";5;0,00235294117647059;0;0
2016-01-01;"people";5;0,00235294117647059;0;0
2016-01-01;"political";5;0,00235294117647059;0;0
2016-01-01;"production";5;0,00235294117647059;0;0
2016-01-01;"proposals";5;0,00235294117647059;0;0
2016-01-01;"vw";5;0,00235294117647059;0;0
2016-01-01;"washington";5;0,00235294117647059;0;0
2016-01-01;"week";5;0,00235294117647059;0;0
2016-01-01;"wef";5;0,00235294117647059;0;0
2016-01-01;"activists";4;0,00188235294117647;0;0
2016-01-01;"ambitious";4;0,00188235294117647;0;0
2016-01-01;"based";4;0,00188235294117647;0;0
2016-01-01;"chief";4;0,00188235294117647;0;0
2016-01-01;"china’s";4;0,00188235294117647;0;0
2016-01-01;"data";4;0,00188235294117647;0;0
2016-01-01;"debate";4;0,00188235294117647;0;0
2016-01-01;"december";4;0,00188235294117647;0;0
2016-01-01;"diesel";4;0,00188235294117647;0;0
2016-01-01;"gas";4;0,00188235294117647;0;0
2016-01-01;"geopolitical";4;0,00188235294117647;0;0
2016-01-01;"health";4;0,00188235294117647;0;0
2016-01-01;"icao";4;0,00188235294117647;0;0
2016-01-01;"impact";4;0,00188235294117647;0;0
2016-01-01;"increased";4;0,00188235294117647;0;0
2016-01-01;"investment";4;0,00188235294117647;0;0
2016-01-01;"it’s";4;0,00188235294117647;0;0
2016-01-01;"judge";4;0,00188235294117647;0;0
2016-01-01;"jury";4;0,00188235294117647;0;0
2016-01-01;"low";4;0,00188235294117647;0;0
2016-01-01;"migration";4;0,00188235294117647;0;0
2016-01-01;"month";4;0,00188235294117647;0;0
2016-01-01;"national";4;0,00188235294117647;0;0
2016-01-01;"necessity";4;0,00188235294117647;0;0
2016-01-01;"no2";4;0,00188235294117647;0;0
2016-01-01;"north";4;0,00188235294117647;0;0
2016-01-01;"performance";4;0,00188235294117647;0;0
2016-01-01;"reason";4;0,00188235294117647;0;0
2016-01-01;"recent";4;0,00188235294117647;0;0
2016-01-01;"scandal";4;0,00188235294117647;0;0
2016-01-01;"slowdown";4;0,00188235294117647;0;0
2016-01-01;"target";4;0,00188235294117647;0;0
2016-01-01;"tests";4;0,00188235294117647;0;0
2016-01-01;"told";4;0,00188235294117647;0;0
2016-01-01;"uk";4;0,00188235294117647;0;0
2016-01-01;"world’s";4;0,00188235294117647;0;0
2016-01-01;"worst";4;0,00188235294117647;0;0
2016-01-01;"affected";3;0,00141176470588235;0;0
2016-01-01;"agency";3;0,00141176470588235;0;0
2016-01-01;"ago";3;0,00141176470588235;0;0
2016-01-01;"agreed";3;0,00141176470588235;0;0
2016-01-01;"agreement";3;0,00141176470588235;0;0
2016-01-01;"air";3;0,00141176470588235;0;0
2016-01-01;"airplanes";3;0,00141176470588235;0;0
2016-01-01;"allowed";3;0,00141176470588235;0;0
2016-01-01;"appeared";3;0,00141176470588235;0;0
2016-01-01;"australia’s";3;0,00141176470588235;0;0
2016-01-01;"average";3;0,00141176470588235;0;0
2016-01-01;"barrel";3;0,00141176470588235;0;0
2016-01-01;"biggest";3;0,00141176470588235;0;0
2016-01-01;"burning";3;0,00141176470588235;0;0
2016-01-01;"car";3;0,00141176470588235;0;0
2016-01-01;"civil";3;0,00141176470588235;0;0
2016-01-01;"close";3;0,00141176470588235;0;0
2016-01-01;"compensation";3;0,00141176470588235;0;0
2016-01-01;"consumption";3;0,00141176470588235;0;0
2016-01-01;"continue";3;0,00141176470588235;0;0
2016-01-01;"country";3;0,00141176470588235;0;0
2016-01-01;"criminal";3;0,00141176470588235;0;0
2016-01-01;"decade";3;0,00141176470588235;0;0
2016-01-01;"decided";3;0,00141176470588235;0;0
2016-01-01;"demand";3;0,00141176470588235;0;0
2016-01-01;"difference";3;0,00141176470588235;0;0
2016-01-01;"discussion";3;0,00141176470588235;0;0
2016-01-01;"dropped";3;0,00141176470588235;0;0
2016-01-01;"efforts";3;0,00141176470588235;0;0
2016-01-01;"eide";3;0,00141176470588235;0;0
2016-01-01;"electricity";3;0,00141176470588235;0;0
2016-01-01;"emerged";3;0,00141176470588235;0;0
2016-01-01;"europe’s";3;0,00141176470588235;0;0
2016-01-01;"european";3;0,00141176470588235;0;0
2016-01-01;"executive";3;0,00141176470588235;0;0
2016-01-01;"fell";3;0,00141176470588235;0;0
2016-01-01;"focus";3;0,00141176470588235;0;0
2016-01-01;"found";3;0,00141176470588235;0;0
2016-01-01;"future";3;0,00141176470588235;0;0
2016-01-01;"guardian";3;0,00141176470588235;0;0
2016-01-01;"i’m";3;0,00141176470588235;0;0
2016-01-01;"involuntary";3;0,00141176470588235;0;0
2016-01-01;"kids";3;0,00141176470588235;0;0
2016-01-01;"largest";3;0,00141176470588235;0;0
2016-01-01;"leaving";3;0,00141176470588235;0;0
2016-01-01;"legal";3;0,00141176470588235;0;0
2016-01-01;"loss";3;0,00141176470588235;0;0
2016-01-01;"mark";3;0,00141176470588235;0;0
2016-01-01;"november";3;0,00141176470588235;0;0
2016-01-01;"nox";3;0,00141176470588235;0;0
2016-01-01;"official";3;0,00141176470588235;0;0
2016-01-01;"past";3;0,00141176470588235;0;0
2016-01-01;"pollution";3;0,00141176470588235;0;0
2016-01-01;"potentially";3;0,00141176470588235;0;0
2016-01-01;"prices";3;0,00141176470588235;0;0
2016-01-01;"range";3;0,00141176470588235;0;0
2016-01-01;"real";3;0,00141176470588235;0;0
2016-01-01;"record";3;0,00141176470588235;0;0
2016-01-01;"reduce";3;0,00141176470588235;0;0
2016-01-01;"research";3;0,00141176470588235;0;0
2016-01-01;"responsible";3;0,00141176470588235;0;0
2016-01-01;"sciencedebate.org";3;0,00141176470588235;0;0
2016-01-01;"tech";3;0,00141176470588235;0;0
2016-01-01;"testimony";3;0,00141176470588235;0;0
2016-01-01;"testing";3;0,00141176470588235;0;0
2016-01-01;"threat";3;0,00141176470588235;0;0
2016-01-01;"thursday";3;0,00141176470588235;0;0
2016-01-01;"train";3;0,00141176470588235;0;0
2016-01-01;"water";3;0,00141176470588235;0;0
2016-01-01;"wednesday";3;0,00141176470588235;0;0
2016-01-01;"ad";2;0,000941176470588235;0;0
2016-01-01;"added";2;0,000941176470588235;0;0
2016-01-01;"affairs";2;0,000941176470588235;0;0
2016-01-01;"american";2;0,000941176470588235;0;0
2016-01-01;"amp";2;0,000941176470588235;0;0
2016-01-01;"analysis";2;0,000941176470588235;0;0
2016-01-01;"apply";2;0,000941176470588235;0;0
2016-01-01;"approach";2;0,000941176470588235;0;0
2016-01-01;"arabia";2;0,000941176470588235;0;0
2016-01-01;"arguments";2;0,000941176470588235;0;0
2016-01-01;"arrived";2;0,000941176470588235;0;0
2016-01-01;"attorneys";2;0,000941176470588235;0;0
2016-01-01;"aviation";2;0,000941176470588235;0;0
2016-01-01;"catastrophic";2;0,000941176470588235;0;0
2016-01-01;"category";2;0,000941176470588235;0;0
2016-01-01;"chair";2;0,000941176470588235;0;0
2016-01-01;"challenge";2;0,000941176470588235;0;0
2016-01-01;"challenges";2;0,000941176470588235;0;0
2016-01-01;"cheated";2;0,000941176470588235;0;0
2016-01-01;"chemical";2;0,000941176470588235;0;0
2016-01-01;"chinese";2;0,000941176470588235;0;0
2016-01-01;"clean";2;0,000941176470588235;0;0
2016-01-01;"complex";2;0,000941176470588235;0;0
2016-01-01;"concerned";2;0,000941176470588235;0;0
2016-01-01;"conducted";2;0,000941176470588235;0;0
2016-01-01;"conference";2;0,000941176470588235;0;0
2016-01-01;"confirmed";2;0,000941176470588235;0;0
2016-01-01;"conflicts";2;0,000941176470588235;0;0
2016-01-01;"consequences";2;0,000941176470588235;0;0
2016-01-01;"consumer";2;0,000941176470588235;0;0
2016-01-01;"continued";2;0,000941176470588235;0;0
2016-01-01;"cooperation";2;0,000941176470588235;0;0
2016-01-01;"court";2;0,000941176470588235;0;0
2016-01-01;"cover";2;0,000941176470588235;0;0
2016-01-01;"crises";2;0,000941176470588235;0;0
2016-01-01;"crisis";2;0,000941176470588235;0;0
2016-01-01;"current";2;0,000941176470588235;0;0
2016-01-01;"customers";2;0,000941176470588235;0;0
2016-01-01;"cut";2;0,000941176470588235;0;0
2016-01-01;"debates";2;0,000941176470588235;0;0
2016-01-01;"decades";2;0,000941176470588235;0;0
2016-01-01;"decisions";2;0,000941176470588235;0;0
2016-01-01;"decline";2;0,000941176470588235;0;0
2016-01-01;"dedicated";2;0,000941176470588235;0;0
2016-01-01;"defend";2;0,000941176470588235;0;0
2016-01-01;"defendants";2;0,000941176470588235;0;0
2016-01-01;"deserve";2;0,000941176470588235;0;0
2016-01-01;"difficult";2;0,000941176470588235;0;0
2016-01-01;"dioxide";2;0,000941176470588235;0;0
2016-01-01;"director";2;0,000941176470588235;0;0
2016-01-01;"discourages";2;0,000941176470588235;0;0
2016-01-01;"drivers";2;0,000941176470588235;0;0
2016-01-01;"drop";2;0,000941176470588235;0;0
2016-01-01;"drzik";2;0,000941176470588235;0;0
2016-01-01;"east";2;0,000941176470588235;0;0
2016-01-01;"economically";2;0,000941176470588235;0;0
2016-01-01;"economics";2;0,000941176470588235;0;0
2016-01-01;"economies";2;0,000941176470588235;0;0
2016-01-01;"effect";2;0,000941176470588235;0;0
2016-01-01;"efficiency";2;0,000941176470588235;0;0
2016-01-01;"emission";2;0,000941176470588235;0;0
2016-01-01;"endure";2;0,000941176470588235;0;0
2016-01-01;"engineers";2;0,000941176470588235;0;0
2016-01-01;"equal";2;0,000941176470588235;0;0
2016-01-01;"eu’s";2;0,000941176470588235;0;0
2016-01-01;"events";2;0,000941176470588235;0;0
2016-01-01;"fall";2;0,000941176470588235;0;0
2016-01-01;"fallen";2;0,000941176470588235;0;0
2016-01-01;"fast";2;0,000941176470588235;0;0
2016-01-01;"figures";2;0,000941176470588235;0;0
2016-01-01;"filed";2;0,000941176470588235;0;0
2016-01-01;"financial";2;0,000941176470588235;0;0
2016-01-01;"fix";2;0,000941176470588235;0;0
2016-01-01;"food";2;0,000941176470588235;0;0
2016-01-01;"force";2;0,000941176470588235;0;0
2016-01-01;"foreign";2;0,000941176470588235;0;0
2016-01-01;"fracking";2;0,000941176470588235;0;0
2016-01-01;"fuels";2;0,000941176470588235;0;0
2016-01-01;"gap";2;0,000941176470588235;0;0
2016-01-01;"government";2;0,000941176470588235;0;0
2016-01-01;"greenhouse";2;0,000941176470588235;0;0
2016-01-01;"ground";2;0,000941176470588235;0;0
2016-01-01;"grow";2;0,000941176470588235;0;0
2016-01-01;"growing";2;0,000941176470588235;0;0
2016-01-01;"hail";2;0,000941176470588235;0;0
2016-01-01;"hard";2;0,000941176470588235;0;0
2016-01-01;"heard";2;0,000941176470588235;0;0
2016-01-01;"hearing";2;0,000941176470588235;0;0
2016-01-01;"hope";2;0,000941176470588235;0;0
2016-01-01;"howard";2;0,000941176470588235;0;0
2016-01-01;"huge";2;0,000941176470588235;0;0
2016-01-01;"idea";2;0,000941176470588235;0;0
2016-01-01;"implications";2;0,000941176470588235;0;0
2016-01-01;"impossible";2;0,000941176470588235;0;0
2016-01-01;"inclined";2;0,000941176470588235;0;0
2016-01-01;"including";2;0,000941176470588235;0;0
2016-01-01;"increase";2;0,000941176470588235;0;0
2016-01-01;"increasingly";2;0,000941176470588235;0;0
2016-01-01;"infrastructure";2;0,000941176470588235;0;0
2016-01-01;"inside";2;0,000941176470588235;0;0
2016-01-01;"instability";2;0,000941176470588235;0;0
2016-01-01;"intensive";2;0,000941176470588235;0;0
2016-01-01;"january";2;0,000941176470588235;0;0
2016-01-01;"journalists";2;0,000941176470588235;0;0
2016-01-01;"justice";2;0,000941176470588235;0;0
2016-01-01;"keeping";2;0,000941176470588235;0;0
2016-01-01;"law";2;0,000941176470588235;0;0
2016-01-01;"leaders";2;0,000941176470588235;0;0
2016-01-01;"learned";2;0,000941176470588235;0;0
2016-01-01;"li";2;0,000941176470588235;0;0
2016-01-01;"likelihood";2;0,000941176470588235;0;0
2016-01-01;"london";2;0,000941176470588235;0;0
2016-01-01;"manufacturers";2;0,000941176470588235;0;0
2016-01-01;"manufacturing";2;0,000941176470588235;0;0
2016-01-01;"market";2;0,000941176470588235;0;0
2016-01-01;"marsh";2;0,000941176470588235;0;0
2016-01-01;"mary";2;0,000941176470588235;0;0
2016-01-01;"mass";2;0,000941176470588235;0;0
2016-01-01;"mccallum";2;0,000941176470588235;0;0
2016-01-01;"measures";2;0,000941176470588235;0;0
2016-01-01;"meeting";2;0,000941176470588235;0;0
2016-01-01;"miss";2;0,000941176470588235;0;0
2016-01-01;"mix";2;0,000941176470588235;0;0
2016-01-01;"montreal";2;0,000941176470588235;0;0
2016-01-01;"move";2;0,000941176470588235;0;0
2016-01-01;"moves";2;0,000941176470588235;0;0
2016-01-01;"mps";2;0,000941176470588235;0;0
2016-01-01;"municipal";2;0,000941176470588235;0;0
2016-01-01;"nations";2;0,000941176470588235;0;0
2016-01-01;"nitrogen";2;0,000941176470588235;0;0
2016-01-01;"nonprofit";2;0,000941176470588235;0;0
2016-01-01;"note";2;0,000941176470588235;0;0
2016-01-01;"officials";2;0,000941176470588235;0;0
2016-01-01;"pass";2;0,000941176470588235;0;0
2016-01-01;"pay";2;0,000941176470588235;0;0
2016-01-01;"planes";2;0,000941176470588235;0;0
2016-01-01;"planet";2;0,000941176470588235;0;0
2016-01-01;"policy";2;0,000941176470588235;0;0
2016-01-01;"politics";2;0,000941176470588235;0;0
2016-01-01;"potential";2;0,000941176470588235;0;0
2016-01-01;"prepared";2;0,000941176470588235;0;0
2016-01-01;"press";2;0,000941176470588235;0;0
2016-01-01;"priority";2;0,000941176470588235;0;0
2016-01-01;"privately";2;0,000941176470588235;0;0
2016-01-01;"profound";2;0,000941176470588235;0;0
2016-01-01;"proposal";2;0,000941176470588235;0;0
2016-01-01;"pushed";2;0,000941176470588235;0;0
2016-01-01;"question";2;0,000941176470588235;0;0
2016-01-01;"questions";2;0,000941176470588235;0;0
2016-01-01;"ranked";2;0,000941176470588235;0;0
2016-01-01;"ranks";2;0,000941176470588235;0;0
2016-01-01;"rapidly";2;0,000941176470588235;0;0
2016-01-01;"receive";2;0,000941176470588235;0;0
2016-01-01;"recessions";2;0,000941176470588235;0;0
2016-01-01;"reducing";2;0,000941176470588235;0;0
2016-01-01;"refugee";2;0,000941176470588235;0;0
2016-01-01;"released";2;0,000941176470588235;0;0
2016-01-01;"remain";2;0,000941176470588235;0;0
2016-01-01;"renewables";2;0,000941176470588235;0;0
2016-01-01;"residual";2;0,000941176470588235;0;0
2016-01-01;"resource";2;0,000941176470588235;0;0
2016-01-01;"rest";2;0,000941176470588235;0;0
2016-01-01;"reversed";2;0,000941176470588235;0;0
2016-01-01;"rising";2;0,000941176470588235;0;0
2016-01-01;"saudi";2;0,000941176470588235;0;0
2016-01-01;"scale";2;0,000941176470588235;0;0
2016-01-01;"security";2;0,000941176470588235;0;0
2016-01-01;"september";2;0,000941176470588235;0;0
2016-01-01;"set";2;0,000941176470588235;0;0
2016-01-01;"short";2;0,000941176470588235;0;0
2016-01-01;"significant";2;0,000941176470588235;0;0
2016-01-01;"singroy";2;0,000941176470588235;0;0
2016-01-01;"software";2;0,000941176470588235;0;0
2016-01-01;"source";2;0,000941176470588235;0;0
2016-01-01;"sporton";2;0,000941176470588235;0;0
2016-01-01;"stringency";2;0,000941176470588235;0;0
2016-01-01;"strong";2;0,000941176470588235;0;0
2016-01-01;"suffered";2;0,000941176470588235;0;0
2016-01-01;"supply";2;0,000941176470588235;0;0
2016-01-01;"support";2;0,000941176470588235;0;0
2016-01-01;"supporters";2;0,000941176470588235;0;0
2016-01-01;"survey";2;0,000941176470588235;0;0
2016-01-01;"susanlyn";2;0,000941176470588235;0;0
2016-01-01;"table";2;0,000941176470588235;0;0
2016-01-01;"taking";2;0,000941176470588235;0;0
2016-01-01;"talk";2;0,000941176470588235;0;0
2016-01-01;"talks";2;0,000941176470588235;0;0
2016-01-01;"technical";2;0,000941176470588235;0;0
2016-01-01;"technology";2;0,000941176470588235;0;0
2016-01-01;"telling";2;0,000941176470588235;0;0
2016-01-01;"term";2;0,000941176470588235;0;0
2016-01-01;"terms";2;0,000941176470588235;0;0
2016-01-01;"today’s";2;0,000941176470588235;0;0
2016-01-01;"tonne";2;0,000941176470588235;0;0
2016-01-01;"track";2;0,000941176470588235;0;0
2016-01-01;"trend";2;0,000941176470588235;0;0
2016-01-01;"trial";2;0,000941176470588235;0;0
2016-01-01;"trust";2;0,000941176470588235;0;0
2016-01-01;"tuesday";2;0,000941176470588235;0;0
2016-01-01;"types";2;0,000941176470588235;0;0
2016-01-01;"understand";2;0,000941176470588235;0;0
2016-01-01;"values";2;0,000941176470588235;0;0
2016-01-01;"volkswagen";2;0,000941176470588235;0;0
2016-01-01;"volunteer";2;0,000941176470588235;0;0
2016-01-01;"voters";2;0,000941176470588235;0;0
2016-01-01;"vw’s";2;0,000941176470588235;0;0
2016-01-01;"war";2;0,000941176470588235;0;0
2016-01-01;"warming";2;0,000941176470588235;0;0
2016-01-01;"weakness";2;0,000941176470588235;0;0
2016-01-01;"wealthy";2;0,000941176470588235;0;0
2016-01-01;"win";2;0,000941176470588235;0;0
2016-01-01;"wind";2;0,000941176470588235;0;0
2016-01-01;"worse";2;0,000941176470588235;0;0
2016-01-01;"yale";2;0,000941176470588235;0;0
2016-01-01;"0.2";1;0,000470588235294118;0;0
2016-01-01;"1.2m";1;0,000470588235294118;0;0
2016-01-01;"110bn";1;0,000470588235294118;0;0
2016-01-01;"123.4g";1;0,000470588235294118;0;0
2016-01-01;"12m";1;0,000470588235294118;0;0
2016-01-01;"150th";1;0,000470588235294118;0;0
2016-01-01;"18ft";1;0,000470588235294118;0;0
2016-01-01;"1c";1;0,000470588235294118;0;0
2016-01-01;"2.8";1;0,000470588235294118;0;0
2016-01-01;"3.5";1;0,000470588235294118;0;0
2016-01-01;"350m";1;0,000470588235294118;0;0
2016-01-01;"37.5";1;0,000470588235294118;0;0
2016-01-01;"4.5";1;0,000470588235294118;0;0
2016-01-01;"4.6";1;0,000470588235294118;0;0
2016-01-01;"59.5";1;0,000470588235294118;0;0
2016-01-01;"6,000";1;0,000470588235294118;0;0
2016-01-01;"82nd";1;0,000470588235294118;0;0
2016-01-01;"95g";1;0,000470588235294118;0;0
2016-01-01;"abandon";1;0,000470588235294118;0;0
2016-01-01;"abc’s";1;0,000470588235294118;0;0
2016-01-01;"abigail";1;0,000470588235294118;0;0
2016-01-01;"abundant";1;0,000470588235294118;0;0
2016-01-01;"acceleration";1;0,000470588235294118;0;0
2016-01-01;"account";1;0,000470588235294118;0;0
2016-01-01;"achievement";1;0,000470588235294118;0;0
2016-01-01;"act";1;0,000470588235294118;0;0
2016-01-01;"actions";1;0,000470588235294118;0;0
2016-01-01;"acts";1;0,000470588235294118;0;0
2016-01-01;"adam";1;0,000470588235294118;0;0
2016-01-01;"adaptation";1;0,000470588235294118;0;0
2016-01-01;"addition";1;0,000470588235294118;0;0
2016-01-01;"adjustment";1;0,000470588235294118;0;0
2016-01-01;"admit";1;0,000470588235294118;0;0
2016-01-01;"adverse";1;0,000470588235294118;0;0
2016-01-01;"advising";1;0,000470588235294118;0;0
2016-01-01;"advocates";1;0,000470588235294118;0;0
2016-01-01;"aerodynamic";1;0,000470588235294118;0;0
2016-01-01;"aerodynamics";1;0,000470588235294118;0;0
2016-01-01;"aerospace";1;0,000470588235294118;0;0
2016-01-01;"affect";1;0,000470588235294118;0;0
2016-01-01;"affecting";1;0,000470588235294118;0;0
2016-01-01;"africa";1;0,000470588235294118;0;0
2016-01-01;"afternoon";1;0,000470588235294118;0;0
2016-01-01;"age";1;0,000470588235294118;0;0
2016-01-01;"agree";1;0,000470588235294118;0;0
2016-01-01;"agreement’s";1;0,000470588235294118;0;0
2016-01-01;"ahead";1;0,000470588235294118;0;0
2016-01-01;"airbus";1;0,000470588235294118;0;0
2016-01-01;"airlines";1;0,000470588235294118;0;0
2016-01-01;"alternate";1;0,000470588235294118;0;0
2016-01-01;"alternative";1;0,000470588235294118;0;0
2016-01-01;"america";1;0,000470588235294118;0;0
2016-01-01;"americans";1;0,000470588235294118;0;0
2016-01-01;"amid";1;0,000470588235294118;0;0
2016-01-01;"amount";1;0,000470588235294118;0;0
2016-01-01;"analysts";1;0,000470588235294118;0;0
2016-01-01;"answers";1;0,000470588235294118;0;0
2016-01-01;"anthony";1;0,000470588235294118;0;0
2016-01-01;"apologies";1;0,000470588235294118;0;0
2016-01-01;"appears";1;0,000470588235294118;0;0
2016-01-01;"approval";1;0,000470588235294118;0;0
2016-01-01;"apt";1;0,000470588235294118;0;0
2016-01-01;"arch";1;0,000470588235294118;0;0
2016-01-01;"argue";1;0,000470588235294118;0;0
2016-01-01;"argued";1;0,000470588235294118;0;0
2016-01-01;"argues";1;0,000470588235294118;0;0
2016-01-01;"arguing";1;0,000470588235294118;0;0
2016-01-01;"argument";1;0,000470588235294118;0;0
2016-01-01;"art";1;0,000470588235294118;0;0
2016-01-01;"asia";1;0,000470588235294118;0;0
2016-01-01;"assertions";1;0,000470588235294118;0;0
2016-01-01;"assessment";1;0,000470588235294118;0;0
2016-01-01;"assets";1;0,000470588235294118;0;0
2016-01-01;"association";1;0,000470588235294118;0;0
2016-01-01;"assumption";1;0,000470588235294118;0;0
2016-01-01;"assumptions";1;0,000470588235294118;0;0
2016-01-01;"astounding";1;0,000470588235294118;0;0
2016-01-01;"attacks";1;0,000470588235294118;0;0
2016-01-01;"attempt";1;0,000470588235294118;0;0
2016-01-01;"attend";1;0,000470588235294118;0;0
2016-01-01;"authorities";1;0,000470588235294118;0;0
2016-01-01;"aviation’s";1;0,000470588235294118;0;0
2016-01-01;"avoid";1;0,000470588235294118;0;0
2016-01-01;"avoided";1;0,000470588235294118;0;0
2016-01-01;"backbone";1;0,000470588235294118;0;0
2016-01-01;"backdrop";1;0,000470588235294118;0;0
2016-01-01;"backwards";1;0,000470588235294118;0;0
2016-01-01;"bad";1;0,000470588235294118;0;0
2016-01-01;"ban";1;0,000470588235294118;0;0
2016-01-01;"bank";1;0,000470588235294118;0;0
2016-01-01;"bankrupt";1;0,000470588235294118;0;0
2016-01-01;"bankruptcy";1;0,000470588235294118;0;0
2016-01-01;"bargain";1;0,000470588235294118;0;0
2016-01-01;"barth";1;0,000470588235294118;0;0
2016-01-01;"basement";1;0,000470588235294118;0;0
2016-01-01;"basis";1;0,000470588235294118;0;0
2016-01-01;"begin";1;0,000470588235294118;0;0
2016-01-01;"believed";1;0,000470588235294118;0;0
2016-01-01;"benchmark";1;0,000470588235294118;0;0
2016-01-01;"benjamin";1;0,000470588235294118;0;0
2016-01-01;"bigger";1;0,000470588235294118;0;0
2016-01-01;"blamed";1;0,000470588235294118;0;0
2016-01-01;"block";1;0,000470588235294118;0;0
2016-01-01;"blueprints";1;0,000470588235294118;0;0
2016-01-01;"board";1;0,000470588235294118;0;0
2016-01-01;"boeing";1;0,000470588235294118;0;0
2016-01-01;"boom";1;0,000470588235294118;0;0
2016-01-01;"boon";1;0,000470588235294118;0;0
2016-01-01;"borders";1;0,000470588235294118;0;0
2016-01-01;"boss";1;0,000470588235294118;0;0
2016-01-01;"bounce";1;0,000470588235294118;0;0
2016-01-01;"bounces";1;0,000470588235294118;0;0
2016-01-01;"bp";1;0,000470588235294118;0;0
2016-01-01;"brazil";1;0,000470588235294118;0;0
2016-01-01;"breached";1;0,000470588235294118;0;0
2016-01-01;"breaking";1;0,000470588235294118;0;0
2016-01-01;"britain";1;0,000470588235294118;0;0
2016-01-01;"british";1;0,000470588235294118;0;0
2016-01-01;"broad";1;0,000470588235294118;0;0
2016-01-01;"brockway";1;0,000470588235294118;0;0
2016-01-01;"broke";1;0,000470588235294118;0;0
2016-01-01;"brussels";1;0,000470588235294118;0;0
2016-01-01;"buckley";1;0,000470588235294118;0;0
2016-01-01;"bulk";1;0,000470588235294118;0;0
2016-01-01;"bureaucratic";1;0,000470588235294118;0;0
2016-01-01;"business";1;0,000470588235294118;0;0
2016-01-01;"businesses";1;0,000470588235294118;0;0
2016-01-01;"butler";1;0,000470588235294118;0;0
2016-01-01;"buyers";1;0,000470588235294118;0;0
2016-01-01;"buying";1;0,000470588235294118;0;0
2016-01-01;"call";1;0,000470588235294118;0;0
2016-01-01;"called";1;0,000470588235294118;0;0
2016-01-01;"calling";1;0,000470588235294118;0;0
2016-01-01;"campaign";1;0,000470588235294118;0;0
2016-01-01;"can’t";1;0,000470588235294118;0;0
2016-01-01;"cancelled";1;0,000470588235294118;0;0
2016-01-01;"capable";1;0,000470588235294118;0;0
2016-01-01;"capital";1;0,000470588235294118;0;0
2016-01-01;"capture";1;0,000470588235294118;0;0
2016-01-01;"cargo";1;0,000470588235294118;0;0
2016-01-01;"carrying";1;0,000470588235294118;0;0
2016-01-01;"catapulted";1;0,000470588235294118;0;0
2016-01-01;"catastrophe";1;0,000470588235294118;0;0
2016-01-01;"catastrophes";1;0,000470588235294118;0;0
2016-01-01;"categories";1;0,000470588235294118;0;0
2016-01-01;"categorisations";1;0,000470588235294118;0;0
2016-01-01;"caused";1;0,000470588235294118;0;0
2016-01-01;"cecilia";1;0,000470588235294118;0;0
2016-01-01;"cement";1;0,000470588235294118;0;0
2016-01-01;"centre";1;0,000470588235294118;0;0
2016-01-01;"century";1;0,000470588235294118;0;0
2016-01-01;"chain";1;0,000470588235294118;0;0
2016-01-01;"changed";1;0,000470588235294118;0;0
2016-01-01;"charges";1;0,000470588235294118;0;0
2016-01-01;"cheat";1;0,000470588235294118;0;0
2016-01-01;"cheating";1;0,000470588235294118;0;0
2016-01-01;"cheques";1;0,000470588235294118;0;0
2016-01-01;"chessboard";1;0,000470588235294118;0;0
2016-01-01;"chose";1;0,000470588235294118;0;0
2016-01-01;"chuang";1;0,000470588235294118;0;0
2016-01-01;"cited";1;0,000470588235294118;0;0
2016-01-01;"classification";1;0,000470588235294118;0;0
2016-01-01;"classifying";1;0,000470588235294118;0;0
2016-01-01;"cleanest";1;0,000470588235294118;0;0
2016-01-01;"climb";1;0,000470588235294118;0;0
2016-01-01;"cohesion";1;0,000470588235294118;0;0
2016-01-01;"cold";1;0,000470588235294118;0;0
2016-01-01;"collaboration";1;0,000470588235294118;0;0
2016-01-01;"collapse";1;0,000470588235294118;0;0
2016-01-01;"comment";1;0,000470588235294118;0;0
2016-01-01;"commissioned";1;0,000470588235294118;0;0
2016-01-01;"committee";1;0,000470588235294118;0;0
2016-01-01;"commodity";1;0,000470588235294118;0;0
2016-01-01;"community";1;0,000470588235294118;0;0
2016-01-01;"companies";1;0,000470588235294118;0;0
2016-01-01;"compared";1;0,000470588235294118;0;0
2016-01-01;"comparisons";1;0,000470588235294118;0;0
2016-01-01;"concede";1;0,000470588235294118;0;0
2016-01-01;"conceded";1;0,000470588235294118;0;0
2016-01-01;"concentrate";1;0,000470588235294118;0;0
2016-01-01;"concerns";1;0,000470588235294118;0;0
2016-01-01;"concert";1;0,000470588235294118;0;0
2016-01-01;"conclude";1;0,000470588235294118;0;0
2016-01-01;"concludes";1;0,000470588235294118;0;0
2016-01-01;"conflict";1;0,000470588235294118;0;0
2016-01-01;"connections";1;0,000470588235294118;0;0
2016-01-01;"consequence";1;0,000470588235294118;0;0
2016-01-01;"considerable";1;0,000470588235294118;0;0
2016-01-01;"considerably";1;0,000470588235294118;0;0
2016-01-01;"considered";1;0,000470588235294118;0;0
2016-01-01;"constrained";1;0,000470588235294118;0;0
2016-01-01;"consumers";1;0,000470588235294118;0;0
2016-01-01;"contacted";1;0,000470588235294118;0;0
2016-01-01;"continuously";1;0,000470588235294118;0;0
2016-01-01;"contrast";1;0,000470588235294118;0;0
2016-01-01;"contributed";1;0,000470588235294118;0;0
2016-01-01;"contribution";1;0,000470588235294118;0;0
2016-01-01;"contributor";1;0,000470588235294118;0;0
2016-01-01;"control";1;0,000470588235294118;0;0
2016-01-01;"convinced";1;0,000470588235294118;0;0
2016-01-01;"copies";1;0,000470588235294118;0;0
2016-01-01;"coping";1;0,000470588235294118;0;0
2016-01-01;"core";1;0,000470588235294118;0;0
2016-01-01;"corridor";1;0,000470588235294118;0;0
2016-01-01;"cost";1;0,000470588235294118;0;0
2016-01-01;"costly";1;0,000470588235294118;0;0
2016-01-01;"council";1;0,000470588235294118;0;0
2016-01-01;"counsel";1;0,000470588235294118;0;0
2016-01-01;"county";1;0,000470588235294118;0;0
2016-01-01;"courtesy";1;0,000470588235294118;0;0
2016-01-01;"covered";1;0,000470588235294118;0;0
2016-01-01;"create";1;0,000470588235294118;0;0
2016-01-01;"created";1;0,000470588235294118;0;0
2016-01-01;"creates";1;0,000470588235294118;0;0
2016-01-01;"credible";1;0,000470588235294118;0;0
2016-01-01;"crowd";1;0,000470588235294118;0;0
2016-01-01;"crowded";1;0,000470588235294118;0;0
2016-01-01;"crude";1;0,000470588235294118;0;0
2016-01-01;"cutting";1;0,000470588235294118;0;0
2016-01-01;"cyclical";1;0,000470588235294118;0;0
2016-01-01;"damaged";1;0,000470588235294118;0;0
2016-01-01;"dated";1;0,000470588235294118;0;0
2016-01-01;"dates";1;0,000470588235294118;0;0
2016-01-01;"davos";1;0,000470588235294118;0;0
2016-01-01;"day";1;0,000470588235294118;0;0
2016-01-01;"days";1;0,000470588235294118;0;0
2016-01-01;"deal";1;0,000470588235294118;0;0
2016-01-01;"deaths";1;0,000470588235294118;0;0
2016-01-01;"debating";1;0,000470588235294118;0;0
2016-01-01;"debt";1;0,000470588235294118;0;0
2016-01-01;"december’s";1;0,000470588235294118;0;0
2016-01-01;"decide";1;0,000470588235294118;0;0
2016-01-01;"decision";1;0,000470588235294118;0;0
2016-01-01;"declared";1;0,000470588235294118;0;0
2016-01-01;"decreases";1;0,000470588235294118;0;0
2016-01-01;"defeat";1;0,000470588235294118;0;0
2016-01-01;"defended";1;0,000470588235294118;0;0
2016-01-01;"delft";1;0,000470588235294118;0;0
2016-01-01;"deliberations";1;0,000470588235294118;0;0
2016-01-01;"delta";1;0,000470588235294118;0;0
2016-01-01;"democracy";1;0,000470588235294118;0;0
2016-01-01;"democratic";1;0,000470588235294118;0;0
2016-01-01;"democrats";1;0,000470588235294118;0;0
2016-01-01;"deployment";1;0,000470588235294118;0;0
2016-01-01;"deputies";1;0,000470588235294118;0;0
2016-01-01;"destruction";1;0,000470588235294118;0;0
2016-01-01;"determine";1;0,000470588235294118;0;0
2016-01-01;"detrimental";1;0,000470588235294118;0;0
2016-01-01;"develop";1;0,000470588235294118;0;0
2016-01-01;"developing";1;0,000470588235294118;0;0
2016-01-01;"developments";1;0,000470588235294118;0;0
2016-01-01;"devices";1;0,000470588235294118;0;0
2016-01-01;"dialogue";1;0,000470588235294118;0;0
2016-01-01;"didn’t";1;0,000470588235294118;0;0
2016-01-01;"discourage";1;0,000470588235294118;0;0
2016-01-01;"discouraging";1;0,000470588235294118;0;0
2016-01-01;"discuss";1;0,000470588235294118;0;0
2016-01-01;"displaced";1;0,000470588235294118;0;0
2016-01-01;"disproportionately";1;0,000470588235294118;0;0
2016-01-01;"distance";1;0,000470588235294118;0;0
2016-01-01;"diverting";1;0,000470588235294118;0;0
2016-01-01;"divided";1;0,000470588235294118;0;0
2016-01-01;"documentary";1;0,000470588235294118;0;0
2016-01-01;"don’t";1;0,000470588235294118;0;0
2016-01-01;"door";1;0,000470588235294118;0;0
2016-01-01;"double";1;0,000470588235294118;0;0
2016-01-01;"downplay";1;0,000470588235294118;0;0
2016-01-01;"drag";1;0,000470588235294118;0;0
2016-01-01;"dubbed";1;0,000470588235294118;0;0
2016-01-01;"earlier";1;0,000470588235294118;0;0
2016-01-01;"ecosystems";1;0,000470588235294118;0;0
2016-01-01;"editorial";1;0,000470588235294118;0;0
2016-01-01;"effects";1;0,000470588235294118;0;0
2016-01-01;"efficient";1;0,000470588235294118;0;0
2016-01-01;"eighth";1;0,000470588235294118;0;0
2016-01-01;"elevate";1;0,000470588235294118;0;0
2016-01-01;"elizabeth";1;0,000470588235294118;0;0
2016-01-01;"emerging";1;0,000470588235294118;0;0
2016-01-01;"emit";1;0,000470588235294118;0;0
2016-01-01;"emits";1;0,000470588235294118;0;0
2016-01-01;"emitted";1;0,000470588235294118;0;0
2016-01-01;"emitting";1;0,000470588235294118;0;0
2016-01-01;"enabled";1;0,000470588235294118;0;0
2016-01-01;"encourages";1;0,000470588235294118;0;0
2016-01-01;"engine";1;0,000470588235294118;0;0
2016-01-01;"engineer";1;0,000470588235294118;0;0
2016-01-01;"engines";1;0,000470588235294118;0;0
2016-01-01;"england";1;0,000470588235294118;0;0
2016-01-01;"entered";1;0,000470588235294118;0;0
2016-01-01;"environmentalists";1;0,000470588235294118;0;0
2016-01-01;"environmentally";1;0,000470588235294118;0;0
2016-01-01;"equipped";1;0,000470588235294118;0;0
2016-01-01;"erected";1;0,000470588235294118;0;0
2016-01-01;"error";1;0,000470588235294118;0;0
2016-01-01;"escorting";1;0,000470588235294118;0;0
2016-01-01;"espen";1;0,000470588235294118;0;0
2016-01-01;"ethical";1;0,000470588235294118;0;0
2016-01-01;"evelyn";1;0,000470588235294118;0;0
2016-01-01;"everett";1;0,000470588235294118;0;0
2016-01-01;"everyday";1;0,000470588235294118;0;0
2016-01-01;"exacerbating";1;0,000470588235294118;0;0
2016-01-01;"examined";1;0,000470588235294118;0;0
2016-01-01;"exceed";1;0,000470588235294118;0;0
2016-01-01;"excessively";1;0,000470588235294118;0;0
2016-01-01;"exchange";1;0,000470588235294118;0;0
2016-01-01;"existing";1;0,000470588235294118;0;0
2016-01-01;"expansive";1;0,000470588235294118;0;0
2016-01-01;"expected";1;0,000470588235294118;0;0
2016-01-01;"expects";1;0,000470588235294118;0;0
2016-01-01;"expense";1;0,000470588235294118;0;0
2016-01-01;"experts";1;0,000470588235294118;0;0
2016-01-01;"exposing";1;0,000470588235294118;0;0
2016-01-01;"extraction";1;0,000470588235294118;0;0
2016-01-01;"extreme";1;0,000470588235294118;0;0
2016-01-01;"facing";1;0,000470588235294118;0;0
2016-01-01;"factor";1;0,000470588235294118;0;0
2016-01-01;"factors";1;0,000470588235294118;0;0
2016-01-01;"failure";1;0,000470588235294118;0;0
2016-01-01;"fairfax";1;0,000470588235294118;0;0
2016-01-01;"fascinating";1;0,000470588235294118;0;0
2016-01-01;"fashionable";1;0,000470588235294118;0;0
2016-01-01;"favoured";1;0,000470588235294118;0;0
2016-01-01;"feasible";1;0,000470588235294118;0;0
2016-01-01;"federal";1;0,000470588235294118;0;0
2016-01-01;"feel";1;0,000470588235294118;0;0
2016-01-01;"ferrying";1;0,000470588235294118;0;0
2016-01-01;"fight";1;0,000470588235294118;0;0
2016-01-01;"figure";1;0,000470588235294118;0;0
2016-01-01;"fill";1;0,000470588235294118;0;0
2016-01-01;"film";1;0,000470588235294118;0;0
2016-01-01;"final";1;0,000470588235294118;0;0
2016-01-01;"finally";1;0,000470588235294118;0;0
2016-01-01;"fired";1;0,000470588235294118;0;0
2016-01-01;"firm’s";1;0,000470588235294118;0;0
2016-01-01;"firms";1;0,000470588235294118;0;0
2016-01-01;"flannel";1;0,000470588235294118;0;0
2016-01-01;"fleeing";1;0,000470588235294118;0;0
2016-01-01;"fleet";1;0,000470588235294118;0;0
2016-01-01;"flight";1;0,000470588235294118;0;0
2016-01-01;"flu";1;0,000470588235294118;0;0
2016-01-01;"fluctuations";1;0,000470588235294118;0;0
2016-01-01;"focussing";1;0,000470588235294118;0;0
2016-01-01;"footprint";1;0,000470588235294118;0;0
2016-01-01;"forced";1;0,000470588235294118;0;0
2016-01-01;"forcibly";1;0,000470588235294118;0;0
2016-01-01;"forecasts";1;0,000470588235294118;0;0
2016-01-01;"forests";1;0,000470588235294118;0;0
2016-01-01;"forum";1;0,000470588235294118;0;0
2016-01-01;"fought";1;0,000470588235294118;0;0
2016-01-01;"frackers";1;0,000470588235294118;0;0
2016-01-01;"fragmenting";1;0,000470588235294118;0;0
2016-01-01;"freight";1;0,000470588235294118;0;0
2016-01-01;"fumes";1;0,000470588235294118;0;0
2016-01-01;"funds";1;0,000470588235294118;0;0
2016-01-01;"game";1;0,000470588235294118;0;0
2016-01-01;"gases";1;0,000470588235294118;0;0
2016-01-01;"gdp";1;0,000470588235294118;0;0
2016-01-01;"gear";1;0,000470588235294118;0;0
2016-01-01;"globally";1;0,000470588235294118;0;0
2016-01-01;"goldman";1;0,000470588235294118;0;0
2016-01-01;"government’s";1;0,000470588235294118;0;0
2016-01-01;"grader";1;0,000470588235294118;0;0
2016-01-01;"greasy";1;0,000470588235294118;0;0
2016-01-01;"greening";1;0,000470588235294118;0;0
2016-01-01;"greenpeace’s";1;0,000470588235294118;0;0
2016-01-01;"greg";1;0,000470588235294118;0;0
2016-01-01;"guardian’s";1;0,000470588235294118;0;0
2016-01-01;"hailed";1;0,000470588235294118;0;0
2016-01-01;"half";1;0,000470588235294118;0;0
2016-01-01;"handbook";1;0,000470588235294118;0;0
2016-01-01;"handcuffed";1;0,000470588235294118;0;0
2016-01-01;"harder";1;0,000470588235294118;0;0
2016-01-01;"harm";1;0,000470588235294118;0;0
2016-01-01;"hawes";1;0,000470588235294118;0;0
2016-01-01;"he’s";1;0,000470588235294118;0;0
2016-01-01;"head";1;0,000470588235294118;0;0
2016-01-01;"heated";1;0,000470588235294118;0;0
2016-01-01;"heavy";1;0,000470588235294118;0;0
2016-01-01;"held";1;0,000470588235294118;0;0
2016-01-01;"here’s";1;0,000470588235294118;0;0
2016-01-01;"historic";1;0,000470588235294118;0;0
2016-01-01;"history";1;0,000470588235294118;0;0
2016-01-01;"hit";1;0,000470588235294118;0;0
2016-01-01;"hour";1;0,000470588235294118;0;0
2016-01-01;"hours";1;0,000470588235294118;0;0
2016-01-01;"houses";1;0,000470588235294118;0;0
2016-01-01;"howard’s";1;0,000470588235294118;0;0
2016-01-01;"human";1;0,000470588235294118;0;0
2016-01-01;"hundreds";1;0,000470588235294118;0;0
2016-01-01;"hunt";1;0,000470588235294118;0;0
2016-01-01;"hunt’s";1;0,000470588235294118;0;0
2016-01-01;"hydro";1;0,000470588235294118;0;0
2016-01-01;"imagination";1;0,000470588235294118;0;0
2016-01-01;"imagined";1;0,000470588235294118;0;0
2016-01-01;"immigration";1;0,000470588235294118;0;0
2016-01-01;"impacting";1;0,000470588235294118;0;0
2016-01-01;"impacts";1;0,000470588235294118;0;0
2016-01-01;"imperative";1;0,000470588235294118;0;0
2016-01-01;"imply";1;0,000470588235294118;0;0
2016-01-01;"imports";1;0,000470588235294118;0;0
2016-01-01;"improbably";1;0,000470588235294118;0;0
2016-01-01;"improve";1;0,000470588235294118;0;0
2016-01-01;"improved";1;0,000470588235294118;0;0
2016-01-01;"increasing";1;0,000470588235294118;0;0
2016-01-01;"independents";1;0,000470588235294118;0;0
2016-01-01;"index’s";1;0,000470588235294118;0;0
2016-01-01;"india";1;0,000470588235294118;0;0
2016-01-01;"industrial";1;0,000470588235294118;0;0
2016-01-01;"innovation";1;0,000470588235294118;0;0
2016-01-01;"insiders";1;0,000470588235294118;0;0
2016-01-01;"insist";1;0,000470588235294118;0;0
2016-01-01;"institute";1;0,000470588235294118;0;0
2016-01-01;"instruct";1;0,000470588235294118;0;0
2016-01-01;"insurance";1;0,000470588235294118;0;0
2016-01-01;"insurmountable";1;0,000470588235294118;0;0
2016-01-01;"integrated";1;0,000470588235294118;0;0
2016-01-01;"inter";1;0,000470588235294118;0;0
2016-01-01;"interrupted";1;0,000470588235294118;0;0
2016-01-01;"interstate";1;0,000470588235294118;0;0
2016-01-01;"investments";1;0,000470588235294118;0;0
2016-01-01;"investors";1;0,000470588235294118;0;0
2016-01-01;"involved";1;0,000470588235294118;0;0
2016-01-01;"involvement";1;0,000470588235294118;0;0
2016-01-01;"iron";1;0,000470588235294118;0;0
2016-01-01;"jackie";1;0,000470588235294118;0;0
2016-01-01;"jeans";1;0,000470588235294118;0;0
2016-01-01;"jets";1;0,000470588235294118;0;0
2016-01-01;"job";1;0,000470588235294118;0;0
2016-01-01;"jockeying";1;0,000470588235294118;0;0
2016-01-01;"john";1;0,000470588235294118;0;0
2016-01-01;"joris";1;0,000470588235294118;0;0
2016-01-01;"junfeng";1;0,000470588235294118;0;0
2016-01-01;"justifiable";1;0,000470588235294118;0;0
2016-01-01;"key";1;0,000470588235294118;0;0
2016-01-01;"kilometre";1;0,000470588235294118;0;0
2016-01-01;"kilowatt";1;0,000470588235294118;0;0
2016-01-01;"km";1;0,000470588235294118;0;0
2016-01-01;"knock";1;0,000470588235294118;0;0
2016-01-01;"knowingly";1;0,000470588235294118;0;0
2016-01-01;"labor’s";1;0,000470588235294118;0;0
2016-01-01;"laden";1;0,000470588235294118;0;0
2016-01-01;"lapointe";1;0,000470588235294118;0;0
2016-01-01;"launch";1;0,000470588235294118;0;0
2016-01-01;"lauri";1;0,000470588235294118;0;0
2016-01-01;"lawyers";1;0,000470588235294118;0;0
2016-01-01;"lead";1;0,000470588235294118;0;0
2016-01-01;"learn";1;0,000470588235294118;0;0
2016-01-01;"leases";1;0,000470588235294118;0;0
2016-01-01;"leave";1;0,000470588235294118;0;0
2016-01-01;"lecturer";1;0,000470588235294118;0;0
2016-01-01;"ledger";1;0,000470588235294118;0;0
2016-01-01;"left";1;0,000470588235294118;0;0
2016-01-01;"level";1;0,000470588235294118;0;0
2016-01-01;"levels";1;0,000470588235294118;0;0
2016-01-01;"licences";1;0,000470588235294118;0;0
2016-01-01;"lift";1;0,000470588235294118;0;0
2016-01-01;"lightness";1;0,000470588235294118;0;0
2016-01-01;"limits";1;0,000470588235294118;0;0
2016-01-01;"links";1;0,000470588235294118;0;0
2016-01-01;"list";1;0,000470588235294118;0;0
2016-01-01;"loftier";1;0,000470588235294118;0;0
2016-01-01;"lot";1;0,000470588235294118;0;0
2016-01-01;"lower";1;0,000470588235294118;0;0
2016-01-01;"lowest";1;0,000470588235294118;0;0
2016-01-01;"machinery";1;0,000470588235294118;0;0
2016-01-01;"makers";1;0,000470588235294118;0;0
2016-01-01;"malls";1;0,000470588235294118;0;0
2016-01-01;"managing";1;0,000470588235294118;0;0
2016-01-01;"markets";1;0,000470588235294118;0;0
2016-01-01;"materialise";1;0,000470588235294118;0;0
2016-01-01;"matthias";1;0,000470588235294118;0;0
2016-01-01;"mazza";1;0,000470588235294118;0;0
2016-01-01;"mclennan";1;0,000470588235294118;0;0
2016-01-01;"measured";1;0,000470588235294118;0;0
2016-01-01;"media";1;0,000470588235294118;0;0
2016-01-01;"medical";1;0,000470588235294118;0;0
2016-01-01;"medium";1;0,000470588235294118;0;0
2016-01-01;"melkert";1;0,000470588235294118;0;0
2016-01-01;"memorable";1;0,000470588235294118;0;0
2016-01-01;"mentioned";1;0,000470588235294118;0;0
2016-01-01;"mentioning";1;0,000470588235294118;0;0
2016-01-01;"mere";1;0,000470588235294118;0;0
2016-01-01;"met";1;0,000470588235294118;0;0
2016-01-01;"metal";1;0,000470588235294118;0;0
2016-01-01;"metaphor";1;0,000470588235294118;0;0
2016-01-01;"michael";1;0,000470588235294118;0;0
2016-01-01;"mid";1;0,000470588235294118;0;0
2016-01-01;"middle";1;0,000470588235294118;0;0
2016-01-01;"midst";1;0,000470588235294118;0;0
2016-01-01;"mike";1;0,000470588235294118;0;0
2016-01-01;"milestone";1;0,000470588235294118;0;0
2016-01-01;"million";1;0,000470588235294118;0;0
2016-01-01;"minchew";1;0,000470588235294118;0;0
2016-01-01;"mine";1;0,000470588235294118;0;0
2016-01-01;"miner";1;0,000470588235294118;0;0
2016-01-01;"mines";1;0,000470588235294118;0;0
2016-01-01;"minister";1;0,000470588235294118;0;0
2016-01-01;"misdemeanor";1;0,000470588235294118;0;0
2016-01-01;"missing";1;0,000470588235294118;0;0
2016-01-01;"mitigation";1;0,000470588235294118;0;0
2016-01-01;"mj";1;0,000470588235294118;0;0
2016-01-01;"model";1;0,000470588235294118;0;0
2016-01-01;"models";1;0,000470588235294118;0;0
2016-01-01;"moderators";1;0,000470588235294118;0;0
2016-01-01;"modern";1;0,000470588235294118;0;0
2016-01-01;"money";1;0,000470588235294118;0;0
2016-01-01;"months";1;0,000470588235294118;0;0
2016-01-01;"moral";1;0,000470588235294118;0;0
2016-01-01;"moratorium";1;0,000470588235294118;0;0
2016-01-01;"motor";1;0,000470588235294118;0;0
2016-01-01;"mounting";1;0,000470588235294118;0;0
2016-01-01;"movement";1;0,000470588235294118;0;0
2016-01-01;"moving";1;0,000470588235294118;0;0
2016-01-01;"müller";1;0,000470588235294118;0;0
2016-01-01;"myllyvirta";1;0,000470588235294118;0;0
2016-01-01;"narrow";1;0,000470588235294118;0;0
2016-01-01;"nationally";1;0,000470588235294118;0;0
2016-01-01;"natural";1;0,000470588235294118;0;0
2016-01-01;"netherlands";1;0,000470588235294118;0;0
2016-01-01;"news";1;0,000470588235294118;0;0
2016-01-01;"nitric";1;0,000470588235294118;0;0
2016-01-01;"notably";1;0,000470588235294118;0;0
2016-01-01;"noted";1;0,000470588235294118;0;0
2016-01-01;"noting";1;0,000470588235294118;0;0
2016-01-01;"npr";1;0,000470588235294118;0;0
2016-01-01;"nuclear";1;0,000470588235294118;0;0
2016-01-01;"obama";1;0,000470588235294118;0;0
2016-01-01;"obstructing";1;0,000470588235294118;0;0
2016-01-01;"obvious";1;0,000470588235294118;0;0
2016-01-01;"office";1;0,000470588235294118;0;0
2016-01-01;"officer";1;0,000470588235294118;0;0
2016-01-01;"operation";1;0,000470588235294118;0;0
2016-01-01;"opportunity";1;0,000470588235294118;0;0
2016-01-01;"optimism";1;0,000470588235294118;0;0
2016-01-01;"option";1;0,000470588235294118;0;0
2016-01-01;"options";1;0,000470588235294118;0;0
2016-01-01;"oral";1;0,000470588235294118;0;0
2016-01-01;"otto";1;0,000470588235294118;0;0
2016-01-01;"outcome";1;0,000470588235294118;0;0
2016-01-01;"output";1;0,000470588235294118;0;0
2016-01-01;"overcome";1;0,000470588235294118;0;0
2016-01-01;"overlooked";1;0,000470588235294118;0;0
2016-01-01;"owners";1;0,000470588235294118;0;0
2016-01-01;"oxide";1;0,000470588235294118;0;0
2016-01-01;"oxides";1;0,000470588235294118;0;0
2016-01-01;"pace";1;0,000470588235294118;0;0
2016-01-01;"pacific";1;0,000470588235294118;0;0
2016-01-01;"packed";1;0,000470588235294118;0;0
2016-01-01;"pad";1;0,000470588235294118;0;0
2016-01-01;"panic";1;0,000470588235294118;0;0
2016-01-01;"parameters";1;0,000470588235294118;0;0
2016-01-01;"parliament";1;0,000470588235294118;0;0
2016-01-01;"participate";1;0,000470588235294118;0;0
2016-01-01;"passengers";1;0,000470588235294118;0;0
2016-01-01;"patrick";1;0,000470588235294118;0;0
2016-01-01;"paul";1;0,000470588235294118;0;0
2016-01-01;"payment";1;0,000470588235294118;0;0
2016-01-01;"peak";1;0,000470588235294118;0;0
2016-01-01;"performed";1;0,000470588235294118;0;0
2016-01-01;"period";1;0,000470588235294118;0;0
2016-01-01;"permit";1;0,000470588235294118;0;0
2016-01-01;"phrase";1;0,000470588235294118;0;0
2016-01-01;"pieces";1;0,000470588235294118;0;0
2016-01-01;"plants";1;0,000470588235294118;0;0
2016-01-01;"plc";1;0,000470588235294118;0;0
2016-01-01;"plummeting";1;0,000470588235294118;0;0
2016-01-01;"pole";1;0,000470588235294118;0;0
2016-01-01;"policies";1;0,000470588235294118;0;0
2016-01-01;"politicians";1;0,000470588235294118;0;0
2016-01-01;"poll";1;0,000470588235294118;0;0
2016-01-01;"polluter";1;0,000470588235294118;0;0
2016-01-01;"position";1;0,000470588235294118;0;0
2016-01-01;"positions";1;0,000470588235294118;0;0
2016-01-01;"positive";1;0,000470588235294118;0;0
2016-01-01;"possibilities";1;0,000470588235294118;0;0
2016-01-01;"possibility";1;0,000470588235294118;0;0
2016-01-01;"post";1;0,000470588235294118;0;0
2016-01-01;"pre";1;0,000470588235294118;0;0
2016-01-01;"preferred";1;0,000470588235294118;0;0
2016-01-01;"premature";1;0,000470588235294118;0;0
2016-01-01;"premise";1;0,000470588235294118;0;0
2016-01-01;"presidential";1;0,000470588235294118;0;0
2016-01-01;"pressed";1;0,000470588235294118;0;0
2016-01-01;"pressing";1;0,000470588235294118;0;0
2016-01-01;"prevention";1;0,000470588235294118;0;0
2016-01-01;"previous";1;0,000470588235294118;0;0
2016-01-01;"pricing";1;0,000470588235294118;0;0
2016-01-01;"print";1;0,000470588235294118;0;0
2016-01-01;"priorities";1;0,000470588235294118;0;0
2016-01-01;"process";1;0,000470588235294118;0;0
2016-01-01;"produced";1;0,000470588235294118;0;0
2016-01-01;"producer";1;0,000470588235294118;0;0
2016-01-01;"projects";1;0,000470588235294118;0;0
2016-01-01;"proofing";1;0,000470588235294118;0;0
2016-01-01;"proposed";1;0,000470588235294118;0;0
2016-01-01;"prosecutor";1;0,000470588235294118;0;0
2016-01-01;"protecting";1;0,000470588235294118;0;0
2016-01-01;"protection";1;0,000470588235294118;0;0
2016-01-01;"protest";1;0,000470588235294118;0;0
2016-01-01;"provide";1;0,000470588235294118;0;0
2016-01-01;"public";1;0,000470588235294118;0;0
2016-01-01;"purchasing";1;0,000470588235294118;0;0
2016-01-01;"pursue";1;0,000470588235294118;0;0
2016-01-01;"pursuing";1;0,000470588235294118;0;0
2016-01-01;"push";1;0,000470588235294118;0;0
2016-01-01;"qualified";1;0,000470588235294118;0;0
2016-01-01;"quality";1;0,000470588235294118;0;0
2016-01-01;"quarter";1;0,000470588235294118;0;0
2016-01-01;"questioned";1;0,000470588235294118;0;0
2016-01-01;"railway";1;0,000470588235294118;0;0
2016-01-01;"rain";1;0,000470588235294118;0;0
2016-01-01;"raised";1;0,000470588235294118;0;0
2016-01-01;"ranch";1;0,000470588235294118;0;0
2016-01-01;"ranking";1;0,000470588235294118;0;0
2016-01-01;"rankings";1;0,000470588235294118;0;0
2016-01-01;"rarely";1;0,000470588235294118;0;0
2016-01-01;"rate";1;0,000470588235294118;0;0
2016-01-01;"rbs";1;0,000470588235294118;0;0
2016-01-01;"reach";1;0,000470588235294118;0;0
2016-01-01;"reached";1;0,000470588235294118;0;0
2016-01-01;"reasons";1;0,000470588235294118;0;0
2016-01-01;"recently";1;0,000470588235294118;0;0
2016-01-01;"recession";1;0,000470588235294118;0;0
2016-01-01;"redouble";1;0,000470588235294118;0;0
2016-01-01;"referring";1;0,000470588235294118;0;0
2016-01-01;"reflects";1;0,000470588235294118;0;0
2016-01-01;"regime";1;0,000470588235294118;0;0
2016-01-01;"regional";1;0,000470588235294118;0;0
2016-01-01;"regulate";1;0,000470588235294118;0;0
2016-01-01;"regulations";1;0,000470588235294118;0;0
2016-01-01;"regulators";1;0,000470588235294118;0;0
2016-01-01;"relative";1;0,000470588235294118;0;0
2016-01-01;"relied";1;0,000470588235294118;0;0
2016-01-01;"religion";1;0,000470588235294118;0;0
2016-01-01;"remaining";1;0,000470588235294118;0;0
2016-01-01;"remains";1;0,000470588235294118;0;0
2016-01-01;"remarkable";1;0,000470588235294118;0;0
2016-01-01;"rendering";1;0,000470588235294118;0;0
2016-01-01;"renewable";1;0,000470588235294118;0;0
2016-01-01;"repeated";1;0,000470588235294118;0;0
2016-01-01;"republican";1;0,000470588235294118;0;0
2016-01-01;"republicans";1;0,000470588235294118;0;0
2016-01-01;"reputation";1;0,000470588235294118;0;0
2016-01-01;"resilience";1;0,000470588235294118;0;0
2016-01-01;"resistance";1;0,000470588235294118;0;0
2016-01-01;"resources";1;0,000470588235294118;0;0
2016-01-01;"respondents";1;0,000470588235294118;0;0
2016-01-01;"restricted";1;0,000470588235294118;0;0
2016-01-01;"retail";1;0,000470588235294118;0;0
2016-01-01;"retirement";1;0,000470588235294118;0;0
2016-01-01;"return";1;0,000470588235294118;0;0
2016-01-01;"revelations";1;0,000470588235294118;0;0
2016-01-01;"revoked";1;0,000470588235294118;0;0
2016-01-01;"revolution";1;0,000470588235294118;0;0
2016-01-01;"reyes";1;0,000470588235294118;0;0
2016-01-01;"riskier";1;0,000470588235294118;0;0
2016-01-01;"road";1;0,000470588235294118;0;0
2016-01-01;"rolling";1;0,000470588235294118;0;0
2016-01-01;"rules";1;0,000470588235294118;0;0
2016-01-01;"ruling";1;0,000470588235294118;0;0
2016-01-01;"run";1;0,000470588235294118;0;0
2016-01-01;"rural";1;0,000470588235294118;0;0
2016-01-01;"sachs";1;0,000470588235294118;0;0
2016-01-01;"sales";1;0,000470588235294118;0;0
2016-01-01;"sample";1;0,000470588235294118;0;0
2016-01-01;"saudis";1;0,000470588235294118;0;0
2016-01-01;"save";1;0,000470588235294118;0;0
2016-01-01;"scene";1;0,000470588235294118;0;0
2016-01-01;"scheme";1;0,000470588235294118;0;0
2016-01-01;"scientifically";1;0,000470588235294118;0;0
2016-01-01;"scientist";1;0,000470588235294118;0;0
2016-01-01;"scientists";1;0,000470588235294118;0;0
2016-01-01;"score";1;0,000470588235294118;0;0
2016-01-01;"scores";1;0,000470588235294118;0;0
2016-01-01;"scrambling";1;0,000470588235294118;0;0
2016-01-01;"sea";1;0,000470588235294118;0;0
2016-01-01;"seats";1;0,000470588235294118;0;0
2016-01-01;"seattle";1;0,000470588235294118;0;0
2016-01-01;"sector";1;0,000470588235294118;0;0
2016-01-01;"secure";1;0,000470588235294118;0;0
2016-01-01;"seek";1;0,000470588235294118;0;0
2016-01-01;"sell";1;0,000470588235294118;0;0
2016-01-01;"sending";1;0,000470588235294118;0;0
2016-01-01;"senior";1;0,000470588235294118;0;0
2016-01-01;"sentiment";1;0,000470588235294118;0;0
2016-01-01;"separately";1;0,000470588235294118;0;0
2016-01-01;"series";1;0,000470588235294118;0;0
2016-01-01;"servants";1;0,000470588235294118;0;0
2016-01-01;"sets";1;0,000470588235294118;0;0
2016-01-01;"setting";1;0,000470588235294118;0;0
2016-01-01;"severe";1;0,000470588235294118;0;0
2016-01-01;"shake";1;0,000470588235294118;0;0
2016-01-01;"sharper";1;0,000470588235294118;0;0
2016-01-01;"shawn";1;0,000470588235294118;0;0
2016-01-01;"sheer";1;0,000470588235294118;0;0
2016-01-01;"sheriff’s";1;0,000470588235294118;0;0
2016-01-01;"shipments";1;0,000470588235294118;0;0
2016-01-01;"shock";1;0,000470588235294118;0;0
2016-01-01;"shocking";1;0,000470588235294118;0;0
2016-01-01;"shortages";1;0,000470588235294118;0;0
2016-01-01;"shortly";1;0,000470588235294118;0;0
2016-01-01;"shoved";1;0,000470588235294118;0;0
2016-01-01;"showdown";1;0,000470588235294118;0;0
2016-01-01;"sided";1;0,000470588235294118;0;0
2016-01-01;"sighted";1;0,000470588235294118;0;0
2016-01-01;"signal";1;0,000470588235294118;0;0
2016-01-01;"signalling";1;0,000470588235294118;0;0
2016-01-01;"signed";1;0,000470588235294118;0;0
2016-01-01;"similar";1;0,000470588235294118;0;0
2016-01-01;"similarly";1;0,000470588235294118;0;0
2016-01-01;"simply";1;0,000470588235294118;0;0
2016-01-01;"single";1;0,000470588235294118;0;0
2016-01-01;"sinking";1;0,000470588235294118;0;0
2016-01-01;"sitting";1;0,000470588235294118;0;0
2016-01-01;"size";1;0,000470588235294118;0;0
2016-01-01;"sized";1;0,000470588235294118;0;0
2016-01-01;"skidding";1;0,000470588235294118;0;0
2016-01-01;"slightly";1;0,000470588235294118;0;0
2016-01-01;"slip";1;0,000470588235294118;0;0
2016-01-01;"snohomish";1;0,000470588235294118;0;0
2016-01-01;"societal";1;0,000470588235294118;0;0
2016-01-01;"society";1;0,000470588235294118;0;0
2016-01-01;"solar";1;0,000470588235294118;0;0
2016-01-01;"solid";1;0,000470588235294118;0;0
2016-01-01;"solution";1;0,000470588235294118;0;0
2016-01-01;"south";1;0,000470588235294118;0;0
2016-01-01;"space";1;0,000470588235294118;0;0
2016-01-01;"spain";1;0,000470588235294118;0;0
2016-01-01;"speaking";1;0,000470588235294118;0;0
2016-01-01;"specialists";1;0,000470588235294118;0;0
2016-01-01;"specialties";1;0,000470588235294118;0;0
2016-01-01;"speed";1;0,000470588235294118;0;0
2016-01-01;"spikes";1;0,000470588235294118;0;0
2016-01-01;"spoerri";1;0,000470588235294118;0;0
2016-01-01;"spokesman";1;0,000470588235294118;0;0
2016-01-01;"spread";1;0,000470588235294118;0;0
2016-01-01;"spur";1;0,000470588235294118;0;0
2016-01-01;"stage";1;0,000470588235294118;0;0
2016-01-01;"start";1;0,000470588235294118;0;0
2016-01-01;"starting";1;0,000470588235294118;0;0
2016-01-01;"stations";1;0,000470588235294118;0;0
2016-01-01;"stay";1;0,000470588235294118;0;0
2016-01-01;"steel";1;0,000470588235294118;0;0
2016-01-01;"stopping";1;0,000470588235294118;0;0
2016-01-01;"storage";1;0,000470588235294118;0;0
2016-01-01;"story";1;0,000470588235294118;0;0
2016-01-01;"strategic";1;0,000470588235294118;0;0
2016-01-01;"strategy";1;0,000470588235294118;0;0
2016-01-01;"stringent";1;0,000470588235294118;0;0
2016-01-01;"strip";1;0,000470588235294118;0;0
2016-01-01;"stronger";1;0,000470588235294118;0;0
2016-01-01;"struggling";1;0,000470588235294118;0;0
2016-01-01;"study";1;0,000470588235294118;0;0
2016-01-01;"sturdivant";1;0,000470588235294118;0;0
2016-01-01;"substitute";1;0,000470588235294118;0;0
2016-01-01;"suburban";1;0,000470588235294118;0;0
2016-01-01;"successfully";1;0,000470588235294118;0;0
2016-01-01;"suggested";1;0,000470588235294118;0;0
2016-01-01;"suggests";1;0,000470588235294118;0;0
2016-01-01;"summit";1;0,000470588235294118;0;0
2016-01-01;"sunday";1;0,000470588235294118;0;0
2016-01-01;"sunk";1;0,000470588235294118;0;0
2016-01-01;"surface";1;0,000470588235294118;0;0
2016-01-01;"surge";1;0,000470588235294118;0;0
2016-01-01;"susan";1;0,000470588235294118;0;0
2016-01-01;"suv";1;0,000470588235294118;0;0
2016-01-01;"swallow";1;0,000470588235294118;0;0
2016-01-01;"swing";1;0,000470588235294118;0;0
2016-01-01;"swings";1;0,000470588235294118;0;0
2016-01-01;"switching";1;0,000470588235294118;0;0
2016-01-01;"symptom";1;0,000470588235294118;0;0
2016-01-01;"system";1;0,000470588235294118;0;0
2016-01-01;"tackling";1;0,000470588235294118;0;0
2016-01-01;"talking";1;0,000470588235294118;0;0
2016-01-01;"targets";1;0,000470588235294118;0;0
2016-01-01;"taxes";1;0,000470588235294118;0;0
2016-01-01;"technologies";1;0,000470588235294118;0;0
2016-01-01;"televised";1;0,000470588235294118;0;0
2016-01-01;"temperatures";1;0,000470588235294118;0;0
2016-01-01;"terrorist";1;0,000470588235294118;0;0
2016-01-01;"test";1;0,000470588235294118;0;0
2016-01-01;"tested";1;0,000470588235294118;0;0
2016-01-01;"thermal";1;0,000470588235294118;0;0
2016-01-01;"they’ll";1;0,000470588235294118;0;0
2016-01-01;"they’re";1;0,000470588235294118;0;0
2016-01-01;"thinking";1;0,000470588235294118;0;0
2016-01-01;"thinktank";1;0,000470588235294118;0;0
2016-01-01;"thirds";1;0,000470588235294118;0;0
2016-01-01;"thousands";1;0,000470588235294118;0;0
2016-01-01;"threshold";1;0,000470588235294118;0;0
2016-01-01;"tim";1;0,000470588235294118;0;0
2016-01-01;"times";1;0,000470588235294118;0;0
2016-01-01;"tiny";1;0,000470588235294118;0;0
2016-01-01;"tonnes";1;0,000470588235294118;0;0
2016-01-01;"top";1;0,000470588235294118;0;0
2016-01-01;"total";1;0,000470588235294118;0;0
2016-01-01;"touching";1;0,000470588235294118;0;0
2016-01-01;"toxic";1;0,000470588235294118;0;0
2016-01-01;"tracks";1;0,000470588235294118;0;0
2016-01-01;"trade";1;0,000470588235294118;0;0
2016-01-01;"traders";1;0,000470588235294118;0;0
2016-01-01;"training";1;0,000470588235294118;0;0
2016-01-01;"transition";1;0,000470588235294118;0;0
2016-01-01;"transport";1;0,000470588235294118;0;0
2016-01-01;"trends";1;0,000470588235294118;0;0
2016-01-01;"trespass";1;0,000470588235294118;0;0
2016-01-01;"tripod";1;0,000470588235294118;0;0
2016-01-01;"turnaround";1;0,000470588235294118;0;0
2016-01-01;"turnbull";1;0,000470588235294118;0;0
2016-01-01;"twin";1;0,000470588235294118;0;0
2016-01-01;"ukraine";1;0,000470588235294118;0;0
2016-01-01;"un’s";1;0,000470588235294118;0;0
2016-01-01;"uncertain";1;0,000470588235294118;0;0
2016-01-01;"uncertainty";1;0,000470588235294118;0;0
2016-01-01;"unfair";1;0,000470588235294118;0;0
2016-01-01;"unhelpful";1;0,000470588235294118;0;0
2016-01-01;"uniform";1;0,000470588235294118;0;0
2016-01-01;"union";1;0,000470588235294118;0;0
2016-01-01;"unique";1;0,000470588235294118;0;0
2016-01-01;"united";1;0,000470588235294118;0;0
2016-01-01;"university";1;0,000470588235294118;0;0
2016-01-01;"unleashed";1;0,000470588235294118;0;0
2016-01-01;"unprecedented";1;0,000470588235294118;0;0
2016-01-01;"unpredictable";1;0,000470588235294118;0;0
2016-01-01;"unravel";1;0,000470588235294118;0;0
2016-01-01;"unshackled";1;0,000470588235294118;0;0
2016-01-01;"unwise";1;0,000470588235294118;0;0
2016-01-01;"upgrades";1;0,000470588235294118;0;0
2016-01-01;"variations";1;0,000470588235294118;0;0
2016-01-01;"variety";1;0,000470588235294118;0;0
2016-01-01;"vehicles";1;0,000470588235294118;0;0
2016-01-01;"verdict";1;0,000470588235294118;0;0
2016-01-01;"versed";1;0,000470588235294118;0;0
2016-01-01;"version";1;0,000470588235294118;0;0
2016-01-01;"vital";1;0,000470588235294118;0;0
2016-01-01;"warned";1;0,000470588235294118;0;0
2016-01-01;"waste";1;0,000470588235294118;0;0
2016-01-01;"we’re";1;0,000470588235294118;0;0
2016-01-01;"weaker";1;0,000470588235294118;0;0
2016-01-01;"weapons";1;0,000470588235294118;0;0
2016-01-01;"weather";1;0,000470588235294118;0;0
2016-01-01;"wef’s";1;0,000470588235294118;0;0
2016-01-01;"west";1;0,000470588235294118;0;0
2016-01-01;"western";1;0,000470588235294118;0;0
2016-01-01;"wide";1;0,000470588235294118;0;0
2016-01-01;"widening";1;0,000470588235294118;0;0
2016-01-01;"wishing";1;0,000470588235294118;0;0
2016-01-01;"witnesses";1;0,000470588235294118;0;0
2016-01-01;"wiz";1;0,000470588235294118;0;0
2016-01-01;"worldwide";1;0,000470588235294118;0;0
2016-01-01;"worth";1;0,000470588235294118;0;0
2016-01-01;"writer";1;0,000470588235294118;0;0
2016-01-01;"wrote";1;0,000470588235294118;0;0
2016-01-01;"yale’s";1;0,000470588235294118;0;0
2016-01-01;"year’s";1;0,000470588235294118;0;0
2016-01-01;"yellow";1;0,000470588235294118;0;0
2016-01-01;"yield";1;0,000470588235294118;0;0
2016-01-01;"you’ll";1;0,000470588235294118;0;0
2016-01-01;"zurich";1;0,000470588235294118;0;0
2016-01-01;"zurich’s";1;0,000470588235294118;0;0
