"";"id";"word";"n";"tf";"idf";"tf_idf";"date";"month"
"1";"5cc195b6a2c361516998a048";"cent";11;0,0808823529411765;4,24966551719755;0,343722946243919;2016-01-07 16:32:00;2016-01-01
"2";"5cc18e5ca2c3615169989ecb";"lyft";18;0,0467532467532468;7,26192709270275;0,33951866926922;2016-01-21 13:00:08;2016-01-01
"3";"5cc19601a2c361516998a04f";"bumblebe";7;0,048951048951049;6,28109783969103;0,307466327817043;2016-01-11 06:30:04;2016-01-01
"4";"5cc18e13a2c3615169989ebc";"chubb";14;0,043613707165109;6,97424502025097;0,304172680010946;2016-01-19 09:19:11;2016-01-01
"5";"5cc18ddba2c3615169989eb1";"murr";16;0,04;7,26192709270275;0,29047708370811;2016-01-14 17:28:05;2016-01-01
"6";"5cc18e16a2c3615169989ebd";"theme";1;0,0714285714285714;3,92972258252755;0,280694470180539;2016-01-19 11:39:06;2016-01-01
"7";"5cc18e16a2c3615169989ebd";"we’d";1;0,0714285714285714;3,66005901557844;0,261432786827032;2016-01-19 11:39:06;2016-01-01
"8";"5cc18e5ca2c3615169989ecb";"uber";17;0,0441558441558442;5,58795065913108;0,246740678455139;2016-01-21 13:00:08;2016-01-01
"9";"5cc195aaa2c361516998a044";"pdo";10;0,0279329608938547;8,36053938137086;0,233534619591365;2016-01-06 11:52:48;2016-01-01
"10";"5cc18e16a2c3615169989ebd";"defin";1;0,0714285714285714;3,11879236631122;0,222770883307944;2016-01-19 11:39:06;2016-01-01
"11";"5cc18e09a2c3615169989eba";"humanitarian";20;0,056657223796034;3,83875080432182;0,217492963417667;2016-01-18 17:30:03;2016-01-01
"12";"5cc18e16a2c3615169989ebd";"featur";1;0,0714285714285714;3,00868124789479;0,214905803421057;2016-01-19 11:39:06;2016-01-01
"13";"5cc1963da2c361516998a05b";"score";132;0,0558139534883721;3,75536919538277;0,209602001602759;2016-01-12 14:00:07;2016-01-01
"14";"5cc19605a2c361516998a051";"rainforest";17;0,0544871794871795;3,7454188645296;0,204077309926292;2016-01-11 12:30:04;2016-01-01
"15";"5cc18e66a2c3615169989ecf";"lowick";4;0,0242424242424242;8,36053938137086;0,202679742578688;2016-01-22 06:30:03;2016-01-01
"16";"5cc18fdca2c3615169989f17";"rspo";18;0,0478723404255319;7,26192709270275;0,347645445927259;2016-02-09 14:30:56;2016-02-01
"17";"5cc190e8a2c3615169989f4e";"argo";25;0,0477099236641221;6,16331480403464;0,294051278818447;2016-02-24 10:31:25;2016-02-01
"18";"5cc19097a2c3615169989f3c";"musher";18;0,0364372469635627;7,66739220081091;0,279378663187442;2016-02-19 17:38:02;2016-02-01
"19";"5cc1911da2c3615169989f51";"hennessi";4;0,0307692307692308;8,36053938137086;0,257247365580642;2016-02-24 16:45:26;2016-02-01
"20";"5cc190dfa2c3615169989f4a";"vesei";18;0,0350877192982456;6,97424502025097;0,244710351587753;2016-02-23 20:00:04;2016-02-01
"21";"5cc18f51a2c3615169989ef8";"cent";7;0,0569105691056911;4,24966551719755;0,241850883092543;2016-02-01 12:29:37;2016-02-01
"22";"5cc19009a2c3615169989f1c";"cc";18;0,0520231213872832;4,53189798488177;0,235763478982288;2016-02-10 07:01:16;2016-02-01
"23";"5cc18f65a2c3615169989f00";"bowman";7;0,031390134529148;6,97424502025097;0,218922489424918;2016-02-04 01:39:33;2016-02-01
"24";"5cc18f58a2c3615169989efb";"candlema";3;0,0260869565217391;8,36053938137086;0,218101027340109;2016-02-01 22:30:32;2016-02-01
"25";"5cc19062a2c3615169989f33";"masdar";17;0,0294627383015598;7,26192709270275;0,213956257497308;2016-02-16 14:47:38;2016-02-01
"26";"5cc18f6fa2c3615169989f04";"whetton";10;0,0251889168765743;8,36053938137086;0,210592931520677;2016-02-05 03:57:34;2016-02-01
"27";"5cc19049a2c3615169989f29";"teacher";17;0,0551948051948052;3,72581039314122;0,20564537884221;2016-02-11 20:00:06;2016-02-01
"28";"5cc19031a2c3615169989f24";"award";14;0,0566801619433198;3,48534205816971;0,197549752284923;2016-02-10 23:56:22;2016-02-01
"29";"5cc19136a2c3615169989f5c";"clear";35;0,0524737631184408;3,5983654465731;0,188819776057059;2016-02-28 14:01:23;2016-02-01
"30";"5cc1905da2c3615169989f31";"accredit";12;0,0286396181384248;6,56877991214281;0,188127348319126;2016-02-15 13:24:08;2016-02-01
"31";"5cc191a6a2c3615169989f6f";"rss";14;0,0447284345047923;6,41462923231555;0,286916323490152;2016-03-03 12:00:01;2016-03-01
"32";"5cc19288a2c3615169989f9d";"anu";13;0,0490566037735849;5,58795065913108;0,274125881391336;2016-03-14 20:01:46;2016-03-01
"33";"5cc1922fa2c3615169989f87";"windsor";15;0,0408719346049046;6,41462923231555;0,262178306497911;2016-03-10 00:03:50;2016-03-01
"34";"5cc191f5a2c3615169989f82";"faison";11;0,0307262569832402;8,36053938137086;0,256888081550501;2016-03-08 21:12:26;2016-03-01
"35";"5cc191eda2c3615169989f7f";"shower";14;0,049469964664311;5,02833487119566;0,248751548398372;2016-03-08 19:22:00;2016-03-01
"36";"5cc19337a2c3615169989fbf";"bond";29;0,0594262295081967;4,15584676197989;0,246966303478313;2016-03-20 05:19:29;2016-03-01
"37";"5cc19363a2c3615169989fc5";"grape";17;0,0474860335195531;5,02833487119566;0,238775678241135;2016-03-21 17:00:12;2016-03-01
"38";"5cc1936aa2c3615169989fc8";"cefc";8;0,0404040404040404;5,87563273158286;0,237399302286176;2016-03-22 02:03:38;2016-03-01
"39";"5cc19378a2c3615169989fce";"cefc";10;0,0363636363636364;5,87563273158286;0,213659372057559;2016-03-23 04:22:51;2016-03-01
"40";"5cc19281a2c3615169989f9b";"potato";14;0,0404624277456647;5,22504516544171;0,21141801247452;2016-03-14 13:44:48;2016-03-01
"41";"5cc191e7a2c3615169989f7d";"csiro";17;0,0564784053156146;3,64204051007577;0,205696640103947;2016-03-08 04:43:52;2016-03-01
"42";"5cc193a8a2c3615169989fd4";"anz";9;0,0330882352941176;6,16331480403464;0,203933210427617;2016-03-24 07:29:45;2016-03-01
"43";"5cc193c7a2c3615169989fdf";"flight";7;0,0583333333333333;3,39072608179486;0,197792354771367;2016-03-28 22:30:15;2016-03-01
"44";"5cc193c2a2c3615169989fdd";"meteorologist";14;0,0451612903225806;4,28300193746514;0,193425893950039;2016-03-28 12:00:23;2016-03-01
"45";"5cc1937aa2c3615169989fcf";"cryoconit";6;0,0229007633587786;8,36053938137086;0,191462733924524;2016-03-23 11:30:05;2016-03-01
"46";"5cc18b71a2c3615169989e40";"dpf";21;0,046875;7,66739220081091;0,359409009413012;2016-04-17 16:32:28;2016-04-01
"47";"5cc18b31a2c3615169989e32";"bet";34;0,0815347721822542;4,01673395951718;0,327503488305957;2016-04-14 07:41:47;2016-04-01
"48";"5cc18b37a2c3615169989e34";"ea";8;0,0484848484848485;6,75110146893676;0,327326131827237;2016-04-14 13:48:04;2016-04-01
"49";"5cc18bfca2c3615169989e5f";"song";7;0,0666666666666667;4,40929566278943;0,293953044185962;2016-04-21 21:00:07;2016-04-01
"50";"5cc18b24a2c3615169989e2d";"dmi";2;0,03125;8,36053938137086;0,261266855667839;2016-04-13 11:59:27;2016-04-01
"51";"5cc18bb0a2c3615169989e4d";"bleach";18;0,0803571428571429;3,13479270765766;0,251902985436776;2016-04-19 22:00:01;2016-04-01
"52";"5cc18a83a2c3615169989e15";"ecotr";9;0,037037037037037;6,75110146893676;0,250040795145806;2016-04-06 16:25:49;2016-04-01
"53";"5cc18c56a2c3615169989e6e";"vw";11;0,0476190476190476;5,18248555102292;0,246785026239186;2016-04-25 21:29:39;2016-04-01
"54";"5cc18be9a2c3615169989e58";"buse";14;0,0551181102362205;4,39024746781874;0,241982143895521;2016-04-21 02:43:19;2016-04-01
"55";"5cc18a7aa2c3615169989e11";"obbard";7;0,0278884462151394;8,36053938137086;0,233162452866916;2016-04-05 15:05:37;2016-04-01
"56";"5cc18bf5a2c3615169989e5c";"loomi";11;0,0269607843137255;8,36053938137086;0,225406699007548;2016-04-21 07:53:06;2016-04-01
"57";"5cc18b61a2c3615169989e3a";"enso";13;0,0305164319248826;7,26192709270275;0,221608103767924;2016-04-15 12:00:19;2016-04-01
"58";"5cc18c4fa2c3615169989e6b";"cod";17;0,0435897435897436;5,06470251536653;0,220769084003156;2016-04-25 15:37:05;2016-04-01
"59";"5cc18bb0a2c3615169989e4d";"reef";19;0,0848214285714286;2,5026062268874;0,212274635316342;2016-04-19 22:00:01;2016-04-01
"60";"5cc18ca6a2c3615169989e7b";"jone";12;0,0515021459227468;3,91788812488054;0,201779645916595;2016-04-27 12:14:31;2016-04-01
"61";"5cc18979a2c3615169989de5";"contrail";6;0,06;7,26192709270275;0,435715625562165;2016-05-16 22:30:09;2016-05-01
"62";"5cc182baa2c3615169989c95";"ethan";6;0,0483870967741935;6,75110146893676;0,326666200109843;2016-05-29 22:30:14;2016-05-01
"63";"5cc1896da2c3615169989de1";"frisbi";13;0,0382352941176471;8,36053938137086;0,319667682228886;2016-05-12 12:25:58;2016-05-01
"64";"5cc188d3a2c3615169989dbf";"lectur";2;0,0769230769230769;3,91788812488054;0,301376009606196;2016-05-04 16:37:27;2016-05-01
"65";"5cc181a1a2c3615169989c6e";"gloucest";5;0,0416666666666667;6,97424502025097;0,290593542510457;2016-05-20 19:17:19;2016-05-01
"66";"5cc18d11a2c3615169989e8f";"qbe";10;0,034965034965035;7,66739220081091;0,26809063639199;2016-05-02 00:49:15;2016-05-01
"67";"5cc189fea2c3615169989df4";"bear";21;0,0967741935483871;2,76955240086;0,268021200083226;2016-05-18 19:19:57;2016-05-01
"68";"5cc181cca2c3615169989c77";"seiu";13;0,0305164319248826;8,36053938137086;0,255133830886904;2016-05-24 18:54:53;2016-05-01
"69";"5cc1895ca2c3615169989ddb";"400ppm";14;0,045016077170418;5,65248918026865;0,254452889143926;2016-05-11 10:11:19;2016-05-01
"70";"5cc1895ba2c3615169989dda";"plp";4;0,0294117647058824;8,36053938137086;0,245898217099143;2016-05-10 19:35:18;2016-05-01
"71";"5cc1896aa2c3615169989de0";"coral";21;0,0860655737704918;2,65675690671466;0,228655307545114;2016-05-12 00:02:32;2016-05-01
"72";"5cc189e0a2c3615169989dee";"landvogt";5;0,027027027027027;8,36053938137086;0,225960523820834;2016-05-18 05:13:08;2016-05-01
"73";"5cc18a00a2c3615169989df5";"church";12;0,0585365853658537;3,8279398882176;0,224074530042006;2016-05-18 19:54:58;2016-05-01
"74";"5cc1822ca2c3615169989c8b";"gk";12;0,026431718061674;8,36053938137086;0,220983419771917;2016-05-27 08:00:24;2016-05-01
"75";"5cc1823aa2c3615169989c8e";"g7";10;0,0471698113207547;4,55387689160054;0,214805513754742;2016-05-27 16:33:05;2016-05-01
"76";"5cc184aca2c3615169989cf5";"thunder";12;0,104347826086957;5,4701676234747;0,570800099840838;2016-06-26 22:30:24;2016-06-01
"77";"5cc1846aa2c3615169989ce9";"kidnei";9;0,0703125;6,41462923231555;0,451028617897187;2016-06-20 22:30:05;2016-06-01
"78";"5cc18334a2c3615169989ca9";"louvr";10;0,037037037037037;7,66739220081091;0,283977488918923;2016-06-06 15:54:36;2016-06-01
"79";"5cc1839ca2c3615169989cc5";"cruis";23;0,0551558752997602;4,89480347857113;0,269977170280902;2016-06-12 17:00:26;2016-06-01
"80";"5cc18440a2c3615169989ce4";"cefc";27;0,0436187399030695;5,87563273158286;0,256287695884874;2016-06-20 10:13:26;2016-06-01
"81";"5cc182d0a2c3615169989c9a";"vitol";13;0,0286975717439294;8,36053938137086;0,239927178714837;2016-06-01 07:00:14;2016-06-01
"82";"5cc184aca2c3615169989cf5";"firework";4;0,0347826086956522;6,75110146893676;0,23482092065867;2016-06-26 22:30:24;2016-06-01
"83";"5cc18389a2c3615169989cbe";"psycholog";15;0,0490196078431373;4,5763497474526;0,224330869973167;2016-06-10 02:42:38;2016-06-01
"84";"5cc184aca2c3615169989cf5";"rumbl";4;0,0347826086956522;6,41462923231555;0,223117538515323;2016-06-26 22:30:24;2016-06-01
"85";"5cc18399a2c3615169989cc4";"assign";2;0,0425531914893617;5,14166355650266;0,21879419389373;2016-06-12 02:56:33;2016-06-01
"86";"5cc18437a2c3615169989ce0";"cc";13;0,0471014492753623;4,53189798488177;0,213458963056025;2016-06-19 15:17:17;2016-06-01
"87";"5cc18399a2c3615169989cc4";"photo";3;0,0638297872340425;3,33665886052458;0,212978225139867;2016-06-12 02:56:33;2016-06-01
"88";"5cc18399a2c3615169989cc4";"hug";2;0,0425531914893617;4,95934199970871;0,211035829774839;2016-06-12 02:56:33;2016-06-01
"89";"5cc18460a2c3615169989ce5";"xbt";12;0,0256410256410256;7,66739220081091;0,196599800020793;2016-06-20 12:00:08;2016-06-01
"90";"5cc1813ba2c3615169989c5f";"melomi";11;0,0316091954022989;6,16331480403464;0,194817421966612;2016-06-29 10:12:02;2016-06-01
"91";"5cc1853aa2c3615169989d18";"gormlei";9;0,0357142857142857;7,66739220081091;0,273835435743247;2016-07-06 15:52:17;2016-07-01
"92";"5cc18637a2c3615169989d44";"dutert";6;0,038961038961039;6,97424502025097;0,27172383195783;2016-07-19 13:22:45;2016-07-01
"93";"5cc18690a2c3615169989d54";"dive";9;0,0529411764705882;4,5103917796608;0,238785447158513;2016-07-22 12:00:02;2016-07-01
"94";"5cc18577a2c3615169989d24";"possingham";11;0,0284237726098191;8,36053938137086;0,237638070271523;2016-07-09 00:15:37;2016-07-01
"95";"5cc18132a2c3615169989c5c";"ridlei";16;0,0390243902439024;5,96264410857249;0,232688550578439;2016-07-15 07:00:31;2016-07-01
"96";"5cc186b9a2c3615169989d58";"myth";26;0,055793991416309;3,95382013410661;0,220599406623974;2016-07-25 12:00:35;2016-07-01
"97";"5cc1856ba2c3615169989d1f";"sq";10;0,0510204081632653;4,02980604108453;0,205602349034925;2016-07-07 17:19:54;2016-07-01
"98";"5cc1856da2c3615169989d20";"kelp";13;0,0379008746355685;5,41610040220442;0,205274942357602;2016-07-07 19:00:13;2016-07-01
"99";"5cc18684a2c3615169989d4f";"coral";16;0,0758293838862559;2,65675690671466;0,201460239371728;2016-07-21 06:08:05;2016-07-01
"100";"5cc185d8a2c3615169989d33";"smokejump";18;0,0234680573663625;8,36053938137086;0,196205617815744;2016-07-13 13:00:13;2016-07-01
"101";"5cc1857ba2c3615169989d26";"mangrov";18;0,041958041958042;4,64696731466655;0,194977649566429;2016-07-11 06:52:03;2016-07-01
"102";"5cc185cca2c3615169989d2e";"cloud";15;0,0549450549450549;3,53222564406856;0,194078332091679;2016-07-12 11:13:33;2016-07-01
"103";"5cc185e6a2c3615169989d38";"leadsom";8;0,0350877192982456;5,52732603731464;0,19394126446718;2016-07-14 20:51:19;2016-07-01
"104";"5cc1851ca2c3615169989d0c";"otto";11;0,0333333333333333;5,58795065913108;0,186265021971036;2016-07-01 12:00:02;2016-07-01
"105";"5cc18135a2c3615169989c5d";"otter";33;0,0299727520435967;6,16331480403464;0,184731506387959;2016-07-10 10:15:16;2016-07-01
"106";"5cc17e1fa2c3615169989bbf";"coffe";22;0,0849420849420849;4,33518769063571;0,36823988105786;2016-08-29 06:55:05;2016-08-01
"107";"5cc187efa2c3615169989d96";"tortois";13;0,0501930501930502;6,97424502025097;0,350058630360087;2016-08-16 22:31:19;2016-08-01
"108";"5cc187f2a2c3615169989d97";"shishmaref";6;0,0377358490566038;6,56877991214281;0,247878487250672;2016-08-17 00:43:58;2016-08-01
"109";"5cc18715a2c3615169989d6b";"butterfli";16;0,055363321799308;4,44851637594271;0,246284643650808;2016-08-01 07:01:23;2016-08-01
"110";"5cc1875ea2c3615169989d7a";"bight";9;0,0416666666666667;5,87563273158286;0,244818030482619;2016-08-06 00:10:22;2016-08-01
"111";"5cc18715a2c3615169989d6b";"speckl";11;0,0380622837370242;6,28109783969103;0,23907292815433;2016-08-01 07:01:23;2016-08-01
"112";"5cc1874ea2c3615169989d73";"penguin";13;0,0457746478873239;5,18248555102292;0,237226451279218;2016-08-03 12:00:44;2016-08-01
"113";"5cc187dba2c3615169989d90";"katoatau";6;0,0298507462686567;7,66739220081091;0,228877379128684;2016-08-16 02:59:33;2016-08-01
"114";"5cc18834a2c3615169989da6";"severn";2;0,0327868852459016;6,97424502025097;0,228663771155769;2016-08-21 19:43:36;2016-08-01
"115";"5cc187b5a2c3615169989d86";"eleph";21;0,0483870967741935;4,44851637594271;0,215250792384325;2016-08-12 11:00:03;2016-08-01
"116";"5cc187dfa2c3615169989d92";"ship";32;0,0727272727272727;2,90950092780516;0,211600067476739;2016-08-16 06:00:23;2016-08-01
"117";"5cc18715a2c3615169989d6b";"wood";18;0,0622837370242214;3,37010679459212;0,209902845337918;2016-08-01 07:01:23;2016-08-01
"118";"5cc18766a2c3615169989d7d";"runwai";12;0,0470588235294118;4,42871374864654;0,208410058759837;2016-08-08 07:00:23;2016-08-01
"119";"5cc187b2a2c3615169989d85";"tweet";8;0,0650406504065041;3,19575340744735;0,207853880159177;2016-08-10 22:30:18;2016-08-01
"120";"5cc18825a2c3615169989da1";"shishmaref";7;0,0311111111111111;6,56877991214281;0,204362041711109;2016-08-18 18:18:50;2016-08-01
"121";"5cc1805fa2c3615169989c33";"lobster";15;0,0652173913043478;5,7214820517556;0,373140133810148;2016-09-24 17:48:20;2016-09-01
"122";"5cc17f9fa2c3615169989c05";"milk";21;0,0658307210031348;4,5103917796608;0,296922342861683;2016-09-13 11:58:49;2016-09-01
"123";"5cc18015a2c3615169989c26";"conroi";9;0,039647577092511;6,97424502025097;0,276511917102461;2016-09-21 01:24:29;2016-09-01
"124";"5cc18004a2c3615169989c1e";"doggerland";5;0,0359712230215827;7,66739220081091;0,275805474849314;2016-09-19 22:30:41;2016-09-01
"125";"5cc17f6da2c3615169989bfc";"turbul";17;0,0548387096774194;5,02833487119566;0,275747396162343;2016-09-11 09:30:54;2016-09-01
"126";"5cc1807ba2c3615169989c3e";"coffe";18;0,0548780487804878;4,33518769063571;0,237906641559277;2016-09-27 11:09:13;2016-09-01
"127";"5cc17ef0a2c3615169989be4";"typhoon";13;0,0467625899280576;4,92655217688571;0,230378339206886;2016-09-05 17:00:32;2016-09-01
"128";"5cc17eeca2c3615169989be2";"qut";10;0,0298507462686567;7,66739220081091;0,228877379128684;2016-09-05 05:15:54;2016-09-01
"129";"5cc18007a2c3615169989c20";"reef";29;0,0909090909090909;2,5026062268874;0,227509656989764;2016-09-20 04:58:45;2016-09-01
"130";"5cc1804aa2c3615169989c2d";"alec";7;0,0360824742268041;6,05795428837681;0,218585979477514;2016-09-21 22:57:01;2016-09-01
"131";"5cc17ec6a2c3615169989bd8";"seed";24;0,0574162679425837;3,79619118990302;0,217963130520748;2016-09-02 06:00:29;2016-09-01
"132";"5cc17feaa2c3615169989c17";"coffe";15;0,0496688741721854;4,33518769063571;0,215323891918992;2016-09-16 18:39:28;2016-09-01
"133";"5cc180b3a2c3615169989c43";"agl";14;0,0445859872611465;4,74962146872664;0,211766562299914;2016-09-27 20:30:43;2016-09-01
"134";"5cc180bda2c3615169989c45";"greenhil";6;0,024896265560166;8,36053938137086;0,208146208664835;2016-09-28 11:08:18;2016-09-01
"135";"5cc17fb1a2c3615169989c0c";"dosan";10;0,0240963855421687;8,36053938137086;0,201458780273997;2016-09-14 09:43:20;2016-09-01
"136";"5cc180e2a2c3615169989c54";"puffin";18;0,0482573726541555;6,16331480403464;0,297425379283173;2016-10-02 08:00:07;2016-10-01
"137";"5cc1795ca2c3615169989a8c";"macrocrit";10;0,0305810397553517;8,36053938137086;0,255673987197886;2016-10-17 12:00:00;2016-10-01
"138";"5cc180e2a2c3615169989c54";"kress";11;0,0294906166219839;8,36053938137086;0,246557461649007;2016-10-02 08:00:07;2016-10-01
"139";"5cc1792da2c3615169989a83";"cathol";16;0,0474777448071217;5,10244284334938;0,242252479209466;2016-10-24 17:48:25;2016-10-01
"140";"5cc17937a2c3615169989a88";"yoga";10;0,0336700336700337;6,75110146893676;0,227309813768914;2016-10-16 18:00:38;2016-10-01
"141";"5cc17d0fa2c3615169989b86";"megadrought";9;0,0289389067524116;7,66739220081091;0,221885947933435;2016-10-05 20:00:40;2016-10-01
"142";"5cc17cbba2c3615169989b74";"hfc";14;0,0397727272727273;5,41610040220442;0,215413084178585;2016-10-10 17:30:34;2016-10-01
"143";"5cc179bea2c3615169989aa6";"beetl";10;0,0431034482758621;4,99324355138439;0,215226015145879;2016-10-23 22:30:10;2016-10-01
"144";"5cc17931a2c3615169989a85";"hfc";12;0,0382165605095541;5,41610040220442;0,206984728746666;2016-10-15 21:53:25;2016-10-01
"145";"5cc17963a2c3615169989a90";"nicol";4;0,0333333333333333;6,05795428837681;0,20193180961256;2016-10-17 22:30:19;2016-10-01
"146";"5cc17ceca2c3615169989b78";"health";27;0,113445378151261;1,77574798898514;0,20145040211176;2016-10-02 21:40:33;2016-10-01
"147";"5cc17d0aa2c3615169989b84";"hurrican";19;0,0748031496062992;2,68036677235379;0,200499876672134;2016-10-05 12:00:00;2016-10-01
"148";"5cc17a06a2c3615169989abb";"butterfli";6;0,0447761194029851;4,44851637594271;0,199187300415345;2016-10-27 22:30:31;2016-10-01
"149";"5cc17d69a2c3615169989b98";"curran";3;0,0236220472440945;8,36053938137086;0,197493056252855;2016-10-12 22:30:22;2016-10-01
"150";"5cc17d54a2c3615169989b8f";"galleri";11;0,041044776119403;4,67165992725692;0,191747235820247;2016-10-10 21:26:58;2016-10-01
"151";"5cc17c37a2c3615169989b51";"seawe";12;0,0983606557377049;5,41610040220442;0,532731187102074;2016-11-23 22:30:15;2016-11-01
"152";"5cc17bf7a2c3615169989b42";"wasp";8;0,0776699029126214;6,56877991214281;0,510196498030509;2016-11-20 22:30:48;2016-11-01
"153";"5cc17a8ca2c3615169989ada";"firework";6;0,0681818181818182;6,75110146893676;0,460302372882052;2016-11-03 19:56:19;2016-11-01
"154";"5cc1791ba2c3615169989a7b";"kelp";18;0,0821917808219178;5,41610040220442;0,445158937167487;2016-11-14 21:50:09;2016-11-01
"155";"5cc17a8aa2c3615169989ad9";"bamboo";9;0,0520231213872832;6,97424502025097;0,362821995273172;2016-11-03 16:56:27;2016-11-01
"156";"5cc17aa2a2c3615169989ae5";"voepel";10;0,0387596899224806;8,36053938137086;0,324051914006623;2016-11-04 21:39:38;2016-11-01
"157";"5cc17c31a2c3615169989b4f";"xbt";17;0,0415647921760391;7,66739220081091;0,318693563358889;2016-11-23 12:00:02;2016-11-01
"158";"5cc17c3ca2c3615169989b53";"lignit";8;0,05;6,16331480403464;0,308165740201732;2016-11-24 18:46:16;2016-11-01
"159";"5cc17a8aa2c3615169989ad9";"rawl";6;0,0346820809248555;8,36053938137086;0,289960903400145;2016-11-03 16:56:27;2016-11-01
"160";"5cc17baaa2c3615169989b2a";"de";58;0,0857988165680473;3,16758253048065;0,271774832496861;2016-11-16 11:15:48;2016-11-01
"161";"5cc17c72a2c3615169989b5e";"hurrican";13;0,0984848484848485;2,68036677235379;0,263975515459086;2016-11-27 22:30:11;2016-11-01
"162";"5cc17bf4a2c3615169989b41";"kelleh";7;0,0311111111111111;7,66739220081091;0,238541090691895;2016-11-20 20:18:50;2016-11-01
"163";"5cc17c7ca2c3615169989b63";"reef";17;0,0904255319148936;2,5026062268874;0,226299499239818;2016-11-28 20:49:00;2016-11-01
"164";"5cc17aeaa2c3615169989af8";"frischknecht";6;0,0307692307692308;7,26192709270275;0,2234439105447;2016-11-09 04:02:54;2016-11-01
"165";"5cc17bf4a2c3615169989b41";"reef";20;0,0888888888888889;2,5026062268874;0,222453886834436;2016-11-20 20:18:50;2016-11-01
"166";"5cc17674a2c36151699899e7";"tennesse";8;0,0540540540540541;5,58795065913108;0,302051386980058;2016-12-02 12:00:14;2016-12-01
"167";"5cc1777fa2c3615169989a1e";"reindeer";10;0,0578034682080925;5,22504516544171;0,302025732106457;2016-12-12 01:46:51;2016-12-01
"168";"5cc17874a2c3615169989a55";"reindeer";13;0,0537190082644628;5,22504516544171;0,280684244424555;2016-12-27 19:20:54;2016-12-01
"169";"5cc177f5a2c3615169989a34";"basu";15;0,0334821428571429;8,36053938137086;0,279928773929828;2016-12-15 13:00:01;2016-12-01
"170";"5cc177c6a2c3615169989a30";"dpf";11;0,0363036303630363;7,66739220081091;0,278354172306667;2016-12-14 07:00:17;2016-12-01
"171";"5cc1774ea2c3615169989a17";"ecb";10;0,0316455696202532;8,36053938137086;0,26457403105604;2016-12-09 14:36:07;2016-12-01
"172";"5cc1777ca2c3615169989a1d";"wood";9;0,0769230769230769;3,37010679459212;0,259238984199394;2016-12-11 22:30:37;2016-12-01
"173";"5cc17704a2c3615169989a08";"palm";39;0,0558739255014327;4,18615211147522;0,233896751214232;2016-12-07 07:00:22;2016-12-01
"174";"5cc1768aa2c36151699899ee";"egalitarian";3;0,0348837209302326;6,41462923231555;0,223766136011007;2016-12-04 20:07:51;2016-12-01
"175";"5cc1768ca2c36151699899ef";"avalanch";5;0,0373134328358209;5,87563273158286;0,219240027297868;2016-12-04 22:30:05;2016-12-01
"176";"5cc17820a2c3615169989a43";"bear";18;0,0779220779220779;2,76955240086;0,215809277989091;2016-12-20 08:00:41;2016-12-01
"177";"5cc175e1a2c36151699899c6";"kiribati";34;0,0440414507772021;4,77702044291475;0,210386910698318;2016-12-20 20:00:00;2016-12-01
"178";"5cc17807a2c3615169989a39";"centrica";9;0,0266272189349112;7,66739220081091;0,204161330790823;2016-12-16 07:00:45;2016-12-01
"179";"5cc17856a2c3615169989a4e";"seller";10;0,032258064516129;6,28109783969103;0,202616059344872;2016-12-24 05:09:19;2016-12-01
"180";"5cc17869a2c3615169989a51";"kreb";9;0,0323741007194245;6,16331480403464;0,199531774231337;2016-12-26 08:00:36;2016-12-01
"181";"5cc1728ca2c3615169989917";"koala";18;0,0535714285714286;6,56877991214281;0,351898923864793;2017-01-16 01:04:00;2017-01-01
"182";"5cc173dca2c3615169989967";"dori";13;0,0431893687707641;7,26192709270275;0,313638047193142;2017-01-30 03:14:50;2017-01-01
"183";"5cc172d1a2c3615169989924";"zink";6;0,0447761194029851;5,65248918026865;0,25309653045979;2017-01-18 01:28:26;2017-01-01
"184";"5cc173c1a2c361516998995d";"badland";6;0,0326086956521739;7,26192709270275;0,23680197041422;2017-01-25 15:06:59;2017-01-01
"185";"5cc17902a2c3615169989a75";"peatland";22;0,047008547008547;4,99324355138439;0,234725124210377;2017-01-11 19:00:05;2017-01-01
"186";"5cc178cca2c3615169989a6c";"ic";47;0,120204603580563;1,87437859242677;0,225308935662553;2017-01-08 09:00:12;2017-01-01
"187";"5cc173c7a2c361516998995f";"clear";13;0,0616113744075829;3,5983654465731;0,221700240784125;2017-01-26 05:35:22;2017-01-01
"188";"5cc172aca2c3615169989923";"majic";9;0,0253521126760563;8,36053938137086;0,21195733642912;2017-01-17 16:52:44;2017-01-01
"189";"5cc173b8a2c361516998995b";"erm";6;0,0292682926829268;6,97424502025097;0,20412424449515;2017-01-25 02:36:01;2017-01-01
"190";"5cc172daa2c3615169989927";"sark";11;0,0225409836065574;8,36053938137086;0,188454781137458;2017-01-18 10:00:03;2017-01-01
"191";"5cc173b7a2c361516998995a";"inocul";13;0,0297482837528604;6,16331480403464;0,183348037648628;2017-01-24 12:00:44;2017-01-01
"192";"5cc17286a2c3615169989914";"ladybird";8;0,0285714285714286;6,41462923231555;0,183275120923301;2017-01-15 17:53:13;2017-01-01
"193";"5cc178cca2c3615169989a6c";"multi";17;0,0434782608695652;4,02980604108453;0,175208958308023;2017-01-08 09:00:12;2017-01-01
"194";"5cc17375a2c3615169989952";"ret";11;0,0338461538461538;5,02833487119566;0,170189795640468;2017-01-22 22:54:28;2017-01-01
"195";"5cc178b5a2c3615169989a62";"insur";7;0,0522388059701493;3,17315357553011;0,165761753945603;2017-01-04 18:17:59;2017-01-01
"196";"5cc1745fa2c361516998997f";"wasp";9;0,09;6,56877991214281;0,591190192092853;2017-02-06 22:30:18;2017-02-01
"197";"5cc174dca2c3615169989999";"oxygen";21;0,0564516129032258;3,94169877357426;0,222515253346934;2017-02-20 16:22:16;2017-02-01
"198";"5cc17422a2c3615169989975";"teabag";9;0,0252808988764045;8,36053938137086;0,211361950652634;2017-02-02 20:06:27;2017-02-01
"199";"5cc17567a2c36151699899b2";"anxieti";21;0,0508474576271186;4,1120441393215;0,209086990134992;2017-02-25 00:00:44;2017-02-01
"200";"5cc17524a2c36151699899a2";"humphri";6;0,0265486725663717;7,66739220081091;0,203559084977281;2017-02-21 20:09:44;2017-02-01
"201";"5cc17526a2c36151699899a3";"ingli";10;0,029940119760479;6,56877991214281;0,196670057249785;2017-02-22 08:24:28;2017-02-01
"202";"5cc17425a2c3615169989976";"polynya";3;0,0245901639344262;7,66739220081091;0,188542431167482;2017-02-02 22:30:41;2017-02-01
"203";"5cc17422a2c3615169989975";"wetland";16;0,0449438202247191;4,1264328767736;0,185457657383083;2017-02-02 20:06:27;2017-02-01
"204";"5cc1755da2c36151699899ae";"nest";12;0,0404040404040404;4,42871374864654;0,178937929238244;2017-02-24 11:21:26;2017-02-01
"205";"5cc174e5a2c361516998999d";"mild";5;0,0420168067226891;4,24966551719755;0,178557374672166;2017-02-20 22:30:46;2017-02-01
"206";"5cc1742ba2c3615169989979";"lövin";7;0,0240549828178694;7,26192709270275;0,174685531439585;2017-02-04 08:34:38;2017-02-01
"207";"5cc17464a2c3615169989981";"bernardi";17;0,0315985130111524;5,4701676234747;0,17284916282355;2017-02-07 06:20:26;2017-02-01
"208";"5cc17521a2c36151699899a1";"happer";18;0,0315789473684211;5,4701676234747;0,172742135478148;2017-02-21 05:14:18;2017-02-01
"209";"5cc17417a2c3615169989970";"imielska";5;0,02;8,36053938137086;0,167210787627417;2017-02-01 04:38:19;2017-02-01
"210";"5cc17540a2c36151699899aa";"sweetman";8;0,0197044334975369;8,36053938137086;0,164739692243761;2017-02-23 08:01:00;2017-02-01
"211";"5cc16e40a2c3615169989816";"tit";11;0,064327485380117;5,65248918026865;0,363610415105001;2017-03-08 06:30:00;2017-03-01
"212";"5cc16eefa2c3615169989841";"captain";16;0,0599250936329588;4,92655217688571;0,295224100487533;2017-03-22 13:46:45;2017-03-01
"213";"5cc16e95a2c3615169989826";"mangrov";28;0,056;4,64696731466655;0,260230169621327;2017-03-14 00:58:22;2017-03-01
"214";"5cc16ee8a2c361516998983e";"brighten";4;0,0388349514563107;6,56877991214281;0,255098249015255;2017-03-21 22:30:16;2017-03-01
"215";"5cc16ea4a2c361516998982d";"www.epa.gov";13;0,0286343612334802;8,36053938137086;0,23939870475291;2017-03-15 13:00:29;2017-03-01
"216";"5cc16e8aa2c3615169989821";"hamilton";17;0,0430379746835443;5,36480710781687;0,230890432488321;2017-03-10 05:12:50;2017-03-01
"217";"5cc16f24a2c3615169989849";"cricket";15;0,04;5,4701676234747;0,218806704938988;2017-03-24 02:20:08;2017-03-01
"218";"5cc16e95a2c3615169989826";"dieback";17;0,034;6,28109783969103;0,213557326549495;2017-03-14 00:58:22;2017-03-01
"219";"5cc16e4aa2c361516998981a";"wootton";5;0,0241545893719807;8,36053938137086;0,201945395685286;2017-03-08 20:08:17;2017-03-01
"220";"5cc16e37a2c3615169989812";"mueller";13;0,0315533980582524;6,28109783969103;0,1981899803786;2017-03-07 10:59:21;2017-03-01
"221";"5cc16e9ea2c3615169989829";"exxon";8;0,051948051948052;3,7454188645296;0,194567213741797;2017-03-14 16:59:20;2017-03-01
"222";"5cc16f4ea2c3615169989850";"geoengin";17;0,0408653846153846;4,67165992725692;0,190909179719634;2017-03-27 07:05:05;2017-03-01
"223";"5cc16e9fa2c361516998982a";"bioluminesc";1;0,0217391304347826;8,36053938137086;0,181750856116758;2017-03-15 06:28:26;2017-03-01
"224";"5cc16f9ba2c3615169989863";"bleach";15;0,0568181818181818;3,13479270765766;0,178113222026003;2017-03-29 06:41:01;2017-03-01
"225";"5cc16f19a2c3615169989844";"synlight";3;0,0208333333333333;8,36053938137086;0,17417790377856;2017-03-23 13:19:55;2017-03-01
"226";"5cc16fe7a2c361516998987b";"violet";16;0,0987654320987654;6,75110146893676;0,666775453722149;2017-04-05 06:30:11;2017-04-01
"227";"5cc170a4a2c36151699898a1";"derwin";18;0,0485175202156334;8,36053938137086;0,40563263844926;2017-04-19 12:00:18;2017-04-01
"228";"5cc17063a2c3615169989892";"chaff";7;0,04375;7,26192709270275;0,317709310305745;2017-04-13 06:30:17;2017-04-01
"229";"5cc17063a2c3615169989892";"chiff";6;0,0375;8,36053938137086;0,313520226801407;2017-04-13 06:30:17;2017-04-01
"230";"5cc1705ea2c3615169989890";"roof";38;0,0822510822510823;3,80666248977032;0,313102109548208;2017-04-13 05:35:27;2017-04-01
"231";"5cc16de7a2c3615169989801";"iceberg";9;0,0652173913043478;4,26619481914876;0,278230096901006;2017-04-19 18:29:26;2017-04-01
"232";"5cc16fd0a2c3615169989871";"ama";16;0,0381861575178998;6,97424502025097;0,266319618911732;2017-04-02 05:30:31;2017-04-01
"233";"5cc17065a2c3615169989893";"de";79;0,0834213305174234;3,16758253048065;0,264243949216443;2017-04-13 14:59:05;2017-04-01
"234";"5cc1702ea2c3615169989888";"ammonia";5;0,0413223140495868;6,28109783969103;0,259549497507894;2017-04-09 22:30:17;2017-04-01
"235";"5cc170c4a2c36151699898b0";"slag";13;0,0385756676557863;6,56877991214281;0,253395070794826;2017-04-23 08:00:05;2017-04-01
"236";"5cc17019a2c361516998987e";"iceberg";12;0,0547945205479452;4,26619481914876;0,233764099679384;2017-04-06 04:08:14;2017-04-01
"237";"5cc17065a2c3615169989893";"la";59;0,0623020063357973;3,63315156265852;0,226352631675663;2017-04-13 14:59:05;2017-04-01
"238";"5cc170c4a2c36151699898b0";"renforth";8;0,0237388724035608;8,36053938137086;0,198469777599308;2017-04-23 08:00:05;2017-04-01
"239";"5cc17021a2c3615169989881";"insur";20;0,0584795321637427;3,17315357553011;0,185564536580708;2017-04-07 06:36:08;2017-04-01
"240";"5cc170caa2c36151699898b3";"chamber";22;0,0477223427331887;3,88320256689265;0,185315523799649;2017-04-24 13:00:17;2017-04-01
"241";"5cc1716aa2c36151699898d7";"ringlet";6;0,0441176470588235;7,26192709270275;0,320379136442768;2017-05-04 22:30:19;2017-05-01
"242";"5cc16d10a2c36151699897c2";"vault";11;0,0482456140350877;5,87563273158286;0,283473508979875;2017-05-19 17:39:36;2017-05-01
"243";"5cc171e5a2c36151699898f4";"glacier";27;0,0888157894736842;3,13479270765766;0,278419089166963;2017-05-11 11:09:02;2017-05-01
"244";"5cc17209a2c36151699898fe";"armyworm";29;0,0304302203567681;8,36053938137086;0,254413055676553;2017-05-16 10:14:44;2017-05-01
"245";"5cc17156a2c36151699898cf";"westpac";12;0,038961038961039;6,16331480403464;0,240129148209142;2017-05-03 04:13:08;2017-05-01
"246";"5cc171afa2c36151699898e4";"dawood";13;0,0281385281385281;8,36053938137086;0,235253272635977;2017-05-07 16:00:35;2017-05-01
"247";"5cc1719aa2c36151699898de";"meat";21;0,0646153846153846;3,4047123237696;0,219996796305113;2017-05-05 13:10:08;2017-05-01
"248";"5cc171bfa2c36151699898e8";"inocul";15;0,0352112676056338;6,16331480403464;0,217018126902628;2017-05-08 12:00:00;2017-05-01
"249";"5cc171e2a2c36151699898f3";"ev";17;0,0484330484330484;4,24966551719755;0,205824255818685;2017-05-11 07:30:41;2017-05-01
"250";"5cc16d4ea2c36151699897d2";"bleach";8;0,062015503875969;3,13479270765766;0,194405749312103;2017-05-29 03:46:14;2017-05-01
"251";"5cc16d60a2c36151699897db";"guterr";12;0,0378548895899054;5,06470251536653;0,191723754524916;2017-05-31 01:06:10;2017-05-01
"252";"5cc16d26a2c36151699897cb";"sediment";6;0,0402684563758389;4,20165629801119;0,169194213342732;2017-05-25 22:30:39;2017-05-01
"253";"5cc171bfa2c36151699898e8";"misinform";18;0,0422535211267606;3,95382013410661;0,167062822567885;2017-05-08 12:00:00;2017-05-01
"254";"5cc171e5a2c36151699898f4";"farg";6;0,0197368421052632;8,36053938137086;0,165010645684951;2017-05-11 11:09:02;2017-05-01
"255";"5cc16d4ea2c36151699897d2";"coral";8;0,062015503875969;2,65675690671466;0,16476011824587;2017-05-29 03:46:14;2017-05-01
"256";"5cc16899a2c36151699896c2";"vault";17;0,0553745928338762;5,87563273158286;0,325360770152797;2017-06-13 08:00:49;2017-06-01
"257";"5cc167bba2c3615169989684";"pittsburgh";22;0,0632183908045977;5,02833487119566;0,317883238983634;2017-06-02 20:28:43;2017-06-01
"258";"5cc1677ba2c3615169989679";"ozon";19;0,0678571428571429;4,30009637082444;0,291792253734516;2017-06-27 17:00:04;2017-06-01
"259";"5cc1688ea2c36151699896be";"de";101;0,085593220338983;3,16758253048065;0,271123589473344;2017-06-12 14:43:49;2017-06-01
"260";"5cc1691ea2c36151699896d8";"coffe";25;0,0589622641509434;4,33518769063571;0,255612481759181;2017-06-19 17:00:39;2017-06-01
"261";"5cc1688ea2c36151699896be";"agua";42;0,0355932203389831;6,75110146893676;0,240293442114698;2017-06-12 14:43:49;2017-06-01
"262";"5cc16786a2c361516998967e";"soil";10;0,0806451612903226;2,7883853491931;0,22486978622525;2017-06-06 22:30:38;2017-06-01
"263";"5cc16899a2c36151699896c2";"seed";18;0,0586319218241042;3,79619118990302;0,222577985075747;2017-06-13 08:00:49;2017-06-01
"264";"5cc168c7a2c36151699896c9";"nord";9;0,0289389067524116;7,66739220081091;0,221885947933435;2017-06-14 08:00:19;2017-06-01
"265";"5cc16980a2c36151699896f1";"chokepoint";9;0,0280373831775701;7,66739220081091;0,214973613106848;2017-06-27 07:30:22;2017-06-01
"266";"5cc167daa2c3615169989693";"halei";5;0,0289017341040462;7,26192709270275;0,209882285916264;2017-06-03 22:05:44;2017-06-01
"267";"5cc1687ca2c36151699896b7";"garden";26;0,0613207547169811;3,2247409443206;0,19774354847249;2017-06-09 09:48:51;2017-06-01
"268";"5cc16810a2c36151699896a1";"missouri";11;0,0340557275541796;5,79559002390932;0,197373034869977;2017-06-06 12:00:20;2017-06-01
"269";"5cc1688ea2c36151699896be";"la";64;0,0542372881355932;3,63315156265852;0,197052288144191;2017-06-12 14:43:49;2017-06-01
"270";"5cc16899a2c36151699896c2";"tunnel";12;0,0390879478827362;4,95934199970871;0,193850501617278;2017-06-13 08:00:49;2017-06-01
"271";"5cc16a13a2c3615169989715";"mof";22;0,0473118279569892;8,36053938137086;0,395552400839051;2017-07-07 02:41:34;2017-07-01
"272";"5cc16b1aa2c3615169989756";"yarsha";10;0,045662100456621;8,36053938137086;0,381759789103692;2017-07-26 13:01:05;2017-07-01
"273";"5cc16b13a2c3615169989753";"capercailli";12;0,0413793103448276;8,36053938137086;0,345953353711898;2017-07-26 01:01:25;2017-07-01
"274";"5cc16b11a2c3615169989752";"nye";24;0,0517241379310345;6,16331480403464;0,318792145036275;2017-07-25 12:00:03;2017-07-01
"275";"5cc16a0da2c3615169989712";"cemex";7;0,035;8,36053938137086;0,29261887834798;2017-07-06 11:51:09;2017-07-01
"276";"5cc16b45a2c3615169989761";"peatland";48;0,0540540540540541;4,99324355138439;0,269905056831588;2017-07-28 15:00:22;2017-07-01
"277";"5cc16a91a2c3615169989733";"biofuel";21;0,0594900849858357;4,48933837046297;0,267071121189015;2017-07-14 01:01:07;2017-07-01
"278";"5cc16a5fa2c3615169989725";"hfo";11;0,0314285714285714;8,36053938137086;0,262759809128799;2017-07-11 08:00:02;2017-07-01
"279";"5cc16b1aa2c3615169989756";"fungu";10;0,045662100456621;5,4701676234747;0,249779343537657;2017-07-26 13:01:05;2017-07-01
"280";"5cc16a68a2c3615169989729";"iceberg";28;0,0522388059701493;4,26619481914876;0,222860923388368;2017-07-12 11:53:55;2017-07-01
"281";"5cc16a1ba2c3615169989719";"mpa";11;0,0271604938271605;7,66739220081091;0,208250158540543;2017-07-08 03:04:29;2017-07-01
"282";"5cc16adda2c361516998974b";"aborigin";10;0,0347222222222222;5,4701676234747;0,189936375815094;2017-07-23 00:15:53;2017-07-01
"283";"5cc16ac8a2c3615169989741";"diesel";8;0,0555555555555556;3,2791350163864;0,182174167577022;2017-07-19 11:12:58;2017-07-01
"284";"5cc16a68a2c3615169989729";"larsen";17;0,0317164179104478;5,4701676234747;0,173494122386324;2017-07-12 11:53:55;2017-07-01
"285";"5cc169f6a2c361516998970c";"cca";8;0,0283687943262411;6,05795428837681;0,171856859244732;2017-07-05 02:35:35;2017-07-01
"286";"5cc16b98a2c361516998976f";"clovi";15;0,0672645739910314;6,56877991214281;0,44184618243113;2017-08-02 22:39:15;2017-08-01
"287";"5cc16b86a2c361516998976c";"heron";11;0,0654761904761905;6,41462923231555;0,420005485449232;2017-08-02 15:49:59;2017-08-01
"288";"5cc16c5ca2c361516998979d";"brum";9;0,0445544554455446;7,26192709270275;0,323551207100618;2017-08-23 07:30:02;2017-08-01
"289";"5cc1676fa2c3615169989673";"tibet";23;0,0482180293501048;6,28109783969103;0,302862159985102;2017-08-07 08:16:28;2017-08-01
"290";"5cc16c6aa2c36151699897a3";"nickel";23;0,0501089324618736;5,87563273158286;0,29442168371766;2017-08-24 07:00:10;2017-08-01
"291";"5cc16c1fa2c3615169989794";"spruce";5;0,043859649122807;6,56877991214281;0,288104382111527;2017-08-17 22:30:04;2017-08-01
"292";"5cc16c1fa2c3615169989794";"swiss";6;0,0526315789473684;4,86403181990438;0,25600167473181;2017-08-17 22:30:04;2017-08-01
"293";"5cc163dca2c36151699895b0";"edmondson";10;0,0304878048780488;8,36053938137086;0,254894493334477;2017-08-30 01:09:38;2017-08-01
"294";"5cc16be6a2c3615169989789";"volcano";16;0,0507936507936508;4,5103917796608;0,229099264998644;2017-08-13 00:11:14;2017-08-01
"295";"5cc16b84a2c361516998976b";"shelf";16;0,0479041916167665;4,48933837046297;0,21505812553116;2017-08-02 07:30:38;2017-08-01
"296";"5cc16ba6a2c3615169989776";"diesel";28;0,0655737704918033;3,2791350163864;0,215025246976157;2017-08-07 08:30:02;2017-08-01
"297";"5cc1639aa2c36151699895a8";"evangel";17;0,0412621359223301;5,18248555102292;0,213840423221819;2017-08-28 12:00:31;2017-08-01
"298";"5cc16bc8a2c361516998977e";"indigen";55;0,0654761904761905;3,14018355629254;0,205607256662011;2017-08-09 10:36:09;2017-08-01
"299";"5cc16b84a2c361516998976b";"iceberg";16;0,0479041916167665;4,26619481914876;0,204368614090959;2017-08-02 07:30:38;2017-08-01
"300";"5cc16c27a2c3615169989797";"cloud";35;0,0570032573289902;3,53222564406856;0,201348367332898;2017-08-18 19:23:27;2017-08-01
"301";"5cc16424a2c36151699895c1";"parasit";23;0,101321585903084;6,16331480403464;0,624476830364743;2017-09-06 20:08:04;2017-09-01
"302";"5cc1655aa2c3615169989611";"butterfli";20;0,0947867298578199;4,44851637594271;0,42166031999457;2017-09-25 07:01:05;2017-09-01
"303";"5cc164efa2c36151699895fa";"lightn";9;0,0714285714285714;4,95934199970871;0,354238714264907;2017-09-19 22:30:27;2017-09-01
"304";"5cc1651fa2c3615169989606";"hufken";13;0,0366197183098592;8,36053938137086;0,306160597064285;2017-09-22 13:05:50;2017-09-01
"305";"5cc164fda2c36151699895fe";"nq";1;0,0384615384615385;7,66739220081091;0,294899700031189;2017-09-20 13:48:26;2017-09-01
"306";"5cc1644ca2c36151699895d4";"peat";9;0,0576923076923077;4,95934199970871;0,286115884598579;2017-09-10 19:32:30;2017-09-01
"307";"5cc16438a2c36151699895cb";"parasit";15;0,0460122699386503;6,16331480403464;0,283588104480122;2017-09-08 11:00:35;2017-09-01
"308";"5cc164fda2c36151699895fe";"macdonald";1;0,0384615384615385;6,05795428837681;0,232998241860647;2017-09-20 13:48:26;2017-09-01
"309";"5cc16421a2c36151699895bf";"nq";1;0,0303030303030303;7,66739220081091;0,232345218206391;2017-09-06 12:30:29;2017-09-01
"310";"5cc164fda2c36151699895fe";"dorset";1;0,0384615384615385;5,79559002390932;0,222907308611897;2017-09-20 13:48:26;2017-09-01
"311";"5cc164fda2c36151699895fe";"jo";1;0,0384615384615385;5,14166355650266;0,197756290634718;2017-09-20 13:48:26;2017-09-01
"312";"5cc16446a2c36151699895d1";"rapa";6;0,0227272727272727;8,36053938137086;0,19001225866752;2017-09-09 17:49:31;2017-09-01
"313";"5cc164fda2c36151699895fe";"perish";1;0,0384615384615385;4,92655217688571;0,189482776034066;2017-09-20 13:48:26;2017-09-01
"314";"5cc1652ca2c361516998960b";"varieti";19;0,0489690721649485;3,63315156265852;0,17791206105802;2017-09-24 12:00:42;2017-09-01
"315";"5cc164fda2c36151699895fe";"maria";1;0,0384615384615385;4,5993392656773;0,176897664064511;2017-09-20 13:48:26;2017-09-01
"316";"5cc165f4a2c3615169989633";"butterfli";10;0,0793650793650794;4,44851637594271;0,353056855233549;2017-10-05 22:30:33;2017-10-01
"317";"5cc166d3a2c361516998966c";"wine";19;0,060126582278481;4,92655217688571;0,296216744812749;2017-10-24 20:57:46;2017-10-01
"318";"5cc166f8a2c361516998966e";"lagard";6;0,0434782608695652;6,56877991214281;0,285599126614905;2017-10-25 07:12:04;2017-10-01
"319";"5cc166f6a2c361516998966d";"zealand";29;0,0537037037037037;3,69710028725879;0,198547978389824;2017-10-25 05:10:49;2017-10-01
"320";"5cc166bca2c3615169989661";"norman";11;0,035031847133758;5,65248918026865;0,198017136888392;2017-10-20 16:28:43;2017-10-01
"321";"5cc166b0a2c361516998965c";"cli";10;0,0278551532033426;6,75110146893676;0,188052965708545;2017-10-18 12:00:00;2017-10-01
"322";"5cc165eaa2c361516998962f";"clear";23;0,0512249443207127;3,5983654465731;0,184326069646284;2017-10-05 08:12:53;2017-10-01
"323";"5cc165c4a2c3615169989629";"assisi";4;0,021978021978022;8,36053938137086;0,183748118271887;2017-10-03 07:30:18;2017-10-01
"324";"5cc166c5a2c3615169989665";"acidif";16;0,0459770114942529;3,97851274669698;0,182920126284919;2017-10-23 17:02:10;2017-10-01
"325";"5cc165d5a2c361516998962d";"septemb";13;0,0680628272251309;2,56144672691033;0,174339306020075;2017-10-05 05:34:38;2017-10-01
"326";"5cc1664ba2c361516998964c";"anemon";6;0,0269058295964126;6,41462923231555;0,172590921048849;2017-10-12 07:26:36;2017-10-01
"327";"5cc166b3a2c361516998965d";"bibl";12;0,03;5,4701676234747;0,164105028704241;2017-10-19 19:00:31;2017-10-01
"328";"5cc07339a2c3613145ed8a8b";"freez";16;0,0454545454545455;3,50072697700919;0,159123953500418;2017-10-28 02:56:09;2017-10-01
"329";"5cc166b0a2c361516998965c";"fi";10;0,0278551532033426;5,58795065913108;0,155653221702816;2017-10-18 12:00:00;2017-10-01
"330";"5cc166cca2c3615169989668";"murillo";3;0,0179640718562874;8,36053938137086;0,150189330204267;2017-10-24 01:08:22;2017-10-01
"331";"5cc0853ba2c3613145ed9088";"truffl";16;0,0829015544041451;7,66739220081091;0,635638731673444;2017-11-06 01:01:01;2017-11-01
"332";"5cc085b6a2c3613145ed90ac";"rwe";12;0,0425531914893617;6,56877991214281;0,279522549452885;2017-11-14 03:55:17;2017-11-01
"333";"5cc080cda2c3613145ed8f45";"reef";37;0,103932584269663;2,5026062268874;0,260102332569758;2017-11-28 20:00:13;2017-11-01
"334";"5cc08581a2c3613145ed909f";"ofgem";5;0,0292397660818713;8,36053938137086;0,244460215829557;2017-11-10 17:33:52;2017-11-01
"335";"5cc085e9a2c3613145ed90b5";"swidden";8;0,026578073089701;8,36053938137086;0,222207026747398;2017-11-15 15:54:20;2017-11-01
"336";"5cc080a5a2c3613145ed8f3e";"reef";10;0,078125;2,5026062268874;0,195516111475578;2017-11-26 03:02:45;2017-11-01
"337";"5cc080b0a2c3613145ed8f40";"koch";35;0,0424242424242424;4,42871374864654;0,187884825700156;2017-11-27 06:29:29;2017-11-01
"338";"5cc080d2a2c3613145ed8f48";"summerhay";9;0,0309278350515464;6,05795428837681;0,187359410980726;2017-11-29 10:00:30;2017-11-01
"339";"5cc080b4a2c3613145ed8f42";"textil";11;0,0311614730878187;5,96264410857249;0,185804773921522;2017-11-28 07:01:01;2017-11-01
"340";"5cc080d1a2c3613145ed8f47";"chile’";3;0,0280373831775701;6,56877991214281;0,184171399405873;2017-11-29 01:59:28;2017-11-01
"341";"5cc0857aa2c3613145ed909b";"mullan";5;0,0220264317180617;8,36053938137086;0,184152849809931;2017-11-10 02:49:34;2017-11-01
"342";"5cc08531a2c3613145ed9083";"calanoid";7;0,0214067278287462;8,36053938137086;0,17897179103852;2017-11-03 11:00:21;2017-11-01
"343";"5cc085aaa2c3613145ed90a7";"medibank";5;0,0232558139534884;7,66739220081091;0,178311446530486;2017-11-13 02:26:01;2017-11-01
"344";"5cc08527a2c3613145ed907e";"niña";5;0,0387596899224806;4,5993392656773;0,178268963785942;2017-11-16 22:30:06;2017-11-01
"345";"5cc085b9a2c3613145ed90ae";"tail";18;0,0382978723404255;4,53189798488177;0,173562050484834;2017-11-14 08:00:24;2017-11-01
"346";"5cc081d6a2c3613145ed8f8c";"reef";25;0,0936329588014981;2,5026062268874;0,234326425738521;2017-12-26 21:00:03;2017-12-01
"347";"5cc08130a2c3613145ed8f62";"meat";23;0,0660919540229885;3,4047123237696;0,225024090364083;2017-12-11 12:55:51;2017-12-01
"348";"5cc081a5a2c3613145ed8f7f";"bhp";15;0,0449101796407186;4,95934199970871;0,222724940106678;2017-12-19 03:26:56;2017-12-01
"349";"5cc081a3a2c3613145ed8f7e";"nss";7;0,0256410256410256;8,36053938137086;0,214372804650535;2017-12-19 05:06:45;2017-12-01
"350";"5cc080eda2c3613145ed8f53";"parkinson";10;0,0305810397553517;6,16331480403464;0,188480575046931;2017-12-05 20:00:01;2017-12-01
"351";"5cc08136a2c3613145ed8f64";"wind";27;0,104247104247104;1,78825683867685;0,186420597082143;2017-12-11 17:00:09;2017-12-01
"352";"5cc081dba2c3613145ed8f8e";"ship";8;0,062015503875969;2,90950092780516;0,180434166065436;2017-12-26 22:30:04;2017-12-01
"353";"5cc0811fa2c3613145ed8f5a";"bear";15;0,0646551724137931;2,76955240086;0,179065887986638;2017-12-09 00:27:25;2017-12-01
"354";"5cc081b2a2c3613145ed8f86";"narramor";3;0,0206896551724138;8,36053938137086;0,172976676855949;2017-12-22 03:59:46;2017-12-01
"355";"5cc081e4a2c3613145ed8f92";"lingang";8;0,0205128205128205;8,36053938137086;0,171498243720428;2017-12-28 04:00:34;2017-12-01
"356";"5cc080eba2c3613145ed8f52";"refug";11;0,0378006872852234;4,53189798488177;0,17130885853505;2017-12-05 15:55:23;2017-12-01
"357";"5cc081d6a2c3613145ed8f8c";"barrier";18;0,0674157303370786;2,5026062268874;0,168715026531735;2017-12-26 21:00:03;2017-12-01
"358";"5cc081a5a2c3613145ed8f7f";"mca";9;0,0269461077844311;6,05795428837681;0,163238289207758;2017-12-19 03:26:56;2017-12-01
"359";"5cc08113a2c3613145ed8f54";"bmw";5;0,0303030303030303;5,36480710781687;0,162569912358087;2017-12-06 11:46:18;2017-12-01
"360";"5cc0811aa2c3613145ed8f57";"ventura";8;0,0257234726688103;6,28109783969103;0,161571648609415;2017-12-08 14:25:32;2017-12-01
"361";"5cc08094a2c3613145ed8f35";"microwav";23;0,0867924528301887;6,16331480403464;0,53492920940678;2018-01-18 10:06:47;2018-01-01
"362";"5cc08276a2c3613145ed8fbe";"bitcoin";21;0,0534351145038168;6,56877991214281;0,351003506755722;2018-01-17 16:15:55;2018-01-01
"363";"5cc08231a2c3613145ed8fa9";"turtl";15;0,0496688741721854;4,92655217688571;0,244696300176443;2018-01-08 18:00:16;2018-01-01
"364";"5cc08267a2c3613145ed8fbb";"airlin";19;0,0536723163841808;4,55387689160054;0,244417121300594;2018-01-16 18:00:30;2018-01-01
"365";"5cc082b0a2c3613145ed8fcb";"flower";11;0,0591397849462366;3,99109152890384;0,23603229472012;2018-01-24 20:07:09;2018-01-01
"366";"5cc082b5a2c3613145ed8fce";"mercer";22;0,0338461538461538;6,16331480403464;0,208604501059634;2018-01-26 01:00:31;2018-01-01
"367";"5cc082b0a2c3613145ed8fcb";"midwint";6;0,032258064516129;6,05795428837681;0,19541788027022;2018-01-24 20:07:09;2018-01-01
"368";"5cc082b2a2c3613145ed8fcc";"glasgow";7;0,0364583333333333;5,06470251536653;0,184650612539405;2018-01-24 17:55:36;2018-01-01
"369";"5cc08269a2c3613145ed8fbc";"ccc";11;0,0387323943661972;4,74962146872664;0,183964211816877;2018-01-17 07:01:45;2018-01-01
"370";"5cc08251a2c3613145ed8faf";"irukandji";4;0,0216216216216216;8,36053938137086;0,180768419056667;2018-01-10 04:31:07;2018-01-01
"371";"5cc082aca2c3613145ed8fc9";"blend";10;0,0335570469798658;5,26949692801254;0,176828755973575;2018-01-23 19:25:42;2018-01-01
"372";"5cc082daa2c3613145ed8fd3";"particl";4;0,0416666666666667;4,1120441393215;0,171335172471729;2018-01-29 22:30:00;2018-01-01
"373";"5cc08277a2c3613145ed8fbf";"tetrodotoxin";9;0,0201793721973094;8,36053938137086;0,168710435946946;2018-01-17 14:28:19;2018-01-01
"374";"5cc0822ba2c3613145ed8fa6";"oxygen";14;0,0402298850574713;3,94169877357426;0,158574088592068;2018-01-04 20:00:03;2018-01-01
"375";"5cc0822fa2c3613145ed8fa8";"metcalf";7;0,0212765957446809;7,26192709270275;0,154509087078782;2018-01-05 12:20:58;2018-01-01
"376";"5cc08365a2c3613145ed8ff6";"drone";24;0,0860215053763441;5,22504516544171;0,449466250790685;2018-02-13 17:00:03;2018-02-01
"377";"5cc082f1a2c3613145ed8fde";"pesquet";13;0,0358126721763085;8,36053938137086;0,299413256082152;2018-02-02 14:49:08;2018-02-01
"378";"5cc0833da2c3613145ed8ff1";"glenrid";3;0,0357142857142857;8,36053938137086;0,298590692191816;2018-02-12 22:30:25;2018-02-01
"379";"5cc08384a2c3613145ed9005";"seagrass";5;0,0549450549450549;5,36480710781687;0,294769621308619;2018-02-20 22:30:03;2018-02-01
"380";"5cc0838ba2c3613145ed9008";"categori";14;0,0679611650485437;3,64204051007577;0,247517316218741;2018-02-22 05:13:03;2018-02-01
"381";"5cc0836fa2c3613145ed8ffb";"ahn";14;0,0294117647058824;8,36053938137086;0,245898217099143;2018-02-15 18:00:21;2018-02-01
"382";"5cc0837aa2c3613145ed9000";"muff";3;0,0272727272727273;8,36053938137086;0,228014710401023;2018-02-19 22:00:23;2018-02-01
"383";"5cc0831fa2c3613145ed8fe3";"ozon";16;0,0522875816993464;4,30009637082444;0,224841640304546;2018-02-06 07:00:01;2018-02-01
"384";"5cc082fba2c3613145ed8fe2";"boulder";4;0,0425531914893617;4,95934199970871;0,211035829774839;2018-02-05 22:30:14;2018-02-01
"385";"5cc0836da2c3613145ed8ffa";"cc";22;0,0463157894736842;4,53189798488177;0,209898432983998;2018-02-16 02:39:48;2018-02-01
"386";"5cc08091a2c3613145ed8f32";"balear";9;0,0241286863270777;8,36053938137086;0,201728832258278;2018-02-15 12:30:14;2018-02-01
"387";"5cc082f3a2c3613145ed8fdf";"eggborough";6;0,0258620689655172;7,66739220081091;0,198294625883041;2018-02-02 18:01:49;2018-02-01
"388";"5cc08387a2c3613145ed9006";"graham";19;0,0416666666666667;4,5763497474526;0,190681239477192;2018-02-21 16:51:31;2018-02-01
"389";"5cc0832ea2c3613145ed8fea";"cig";6;0,021978021978022;8,36053938137086;0,183748118271887;2018-02-07 18:28:51;2018-02-01
"390";"5cc083ada2c3613145ed900c";"frack";37;0,0567484662576687;3,2188758248682;0,182666266135159;2018-02-26 07:00:08;2018-02-01
"391";"5cc08456a2c3613145ed903d";"submarin";8;0,0720720720720721;5,96264410857249;0,429740115933152;2018-03-21 22:30:16;2018-03-01
"392";"5cc08453a2c3613145ed903b";"rfa";14;0,0514705882352941;7,26192709270275;0,37377565918323;2018-03-21 18:00:11;2018-03-01
"393";"5cc08437a2c3613145ed9035";"seagrass";21;0,0634441087613293;5,36480710781687;0,340365405631886;2018-03-20 06:08:33;2018-03-01
"394";"5cc0848fa2c3613145ed9051";"petrol";8;0,0808080808080808;3,66005901557844;0,295762344693208;2018-03-29 22:30:01;2018-03-01
"395";"5cc08416a2c3613145ed9028";"cloud";7;0,0769230769230769;3,53222564406856;0,271709664928351;2018-03-12 22:30:21;2018-03-01
"396";"5cc0848fa2c3613145ed9051";"diesel";8;0,0808080808080808;3,2791350163864;0,264980607384759;2018-03-29 22:30:01;2018-03-01
"397";"5cc0846ea2c3613145ed9049";"hydrogen";8;0,0536912751677852;4,42871374864654;0,237783288517935;2018-03-26 19:39:15;2018-03-01
"398";"5cc083eca2c3613145ed901b";"penguin";7;0,0443037974683544;5,18248555102292;0,229603790235192;2018-03-04 01:01:04;2018-03-01
"399";"5cc083e5a2c3613145ed9017";"wood";6;0,0659340659340659;3,37010679459212;0,222204843599481;2018-03-01 22:30:31;2018-03-01
"400";"5cc083f5a2c3613145ed9020";"clear";22;0,0562659846547315;3,5983654465731;0,202465574998998;2018-03-08 18:00:14;2018-03-01
"401";"5cc08456a2c3613145ed903d";"sonar";3;0,027027027027027;6,97424502025097;0,188493108655432;2018-03-21 22:30:16;2018-03-01
"402";"5cc083fea2c3613145ed9022";"ncc";4;0,0218579234972678;8,36053938137086;0,182744030193899;2018-03-10 23:31:34;2018-03-01
"403";"5cc08420a2c3613145ed902b";"biofuel";19;0,039832285115304;4,48933837046297;0,178820605951355;2018-03-14 11:00:04;2018-03-01
"404";"5cc083e8a2c3613145ed9018";"rio";21;0,0392523364485981;4,37155533480659;0,171593760805492;2018-03-02 01:00:06;2018-03-01
"405";"5cc08416a2c3613145ed9028";"recip";3;0,032967032967033;4,99324355138439;0,164612424770914;2018-03-12 22:30:21;2018-03-01
"406";"5cc084e5a2c3613145ed906a";"butterfli";19;0,0785123966942149;4,44851637594271;0,349263682408726;2018-04-11 07:30:00;2018-04-01
"407";"5cc084e9a2c3613145ed906c";"amoc";15;0,0473186119873817;6,97424502025097;0,330011594018185;2018-04-11 19:00:07;2018-04-01
"408";"5cc0804da2c3613145ed8f23";"flame";13;0,0610328638497653;4,5763497474526;0,279307731065182;2018-04-25 12:10:45;2018-04-01
"409";"5cc084cfa2c3613145ed9061";"orchid";10;0,0364963503649635;6,28109783969103;0,229237147433979;2018-04-05 13:37:42;2018-04-01
"410";"5cc08498a2c3613145ed9056";"vegan";145;0,0515280739161336;4,35320619613839;0,22431233064679;2018-04-01 10:00:13;2018-04-01
"411";"5cc084d8a2c3613145ed9066";"cement";11;0,0531400966183575;4,15584676197989;0,2208420984627;2018-04-09 10:31:34;2018-04-01
"412";"5cc084f5a2c3613145ed906f";"evangel";3;0,04;5,18248555102292;0,207299422040917;2018-04-13 13:26:32;2018-04-01
"413";"5cc08517a2c3613145ed907d";"coral";26;0,0766961651917404;2,65675690671466;0,203763066591685;2018-04-18 20:00:32;2018-04-01
"414";"5cc084d7a2c3613145ed9065";"butterfli";14;0,0447284345047923;4,44851637594271;0,19897517336485;2018-04-07 07:30:52;2018-04-01
"415";"5cc0803fa2c3613145ed8f1c";"maputo";10;0,0255754475703325;7,66739220081091;0,196096987233016;2018-04-22 01:05:05;2018-04-01
"416";"5cc08053a2c3613145ed8f27";"hillman";15;0,0276243093922652;6,97424502025097;0,192658702216878;2018-04-26 06:00:07;2018-04-01
"417";"5cc0803aa2c3613145ed8f19";"vehicl";13;0,0787878787878788;2,39439264224717;0,188649117267959;2018-04-19 15:16:48;2018-04-01
"418";"5cc084cfa2c3613145ed9061";"orchid’";6;0,0218978102189781;8,36053938137086;0,183077504701552;2018-04-05 13:37:42;2018-04-01
"419";"5cc084d4a2c3613145ed9063";"pond";9;0,0371900826446281;4,8341788567547;0,179783511201621;2018-04-06 14:17:51;2018-04-01
"420";"5cc08514a2c3613145ed907b";"mississippi";6;0,0346820809248555;5,18248555102292;0,179739383272471;2018-04-18 13:00:22;2018-04-01
"421";"5cc07e1aa2c3613145ed8e55";"insect";10;0,0775193798449612;3,68771054690895;0,285869034644105;2018-05-20 17:00:01;2018-05-01
"422";"5cc07e4ca2c3613145ed8e66";"cloud";8;0,0761904761904762;3,53222564406856;0,269121953833795;2018-05-28 22:30:03;2018-05-01
"423";"5cc07dbea2c3613145ed8e3a";"hybrid";12;0,0645161290322581;4,01673395951718;0,259144126420463;2018-05-04 19:35:37;2018-05-01
"424";"5cc07e23a2c3613145ed8e5a";"brook";2;0,0487804878048781;4,99324355138439;0,243572856165092;2018-05-21 20:56:04;2018-05-01
"425";"5cc07e52a2c3613145ed8e68";"cricket";23;0,0438095238095238;5,4701676234747;0,239645438742701;2018-05-29 13:55:46;2018-05-01
"426";"5cc07ddca2c3613145ed8e42";"aluminium";12;0,0446096654275093;5,36480710781687;0,239322250162834;2018-05-10 20:30:19;2018-05-01
"427";"5cc07dcea2c3613145ed8e3b";"föhn";3;0,0309278350515464;7,66739220081091;0,237135841262193;2018-05-04 22:30:32;2018-05-01
"428";"5cc07e4ca2c3613145ed8e66";"aerosol";5;0,0476190476190476;4,80519131988145;0,228818634280069;2018-05-28 22:30:03;2018-05-01
"429";"5cc07de0a2c3613145ed8e44";"vegan";9;0,0523255813953488;4,35320619613839;0,227784045146776;2018-05-11 14:43:27;2018-05-01
"430";"5cc07e11a2c3613145ed8e50";"brook";8;0,0441988950276243;4,99324355138439;0,220695847575001;2018-05-17 22:33:25;2018-05-01
"431";"5cc07db7a2c3613145ed8e37";"ship";39;0,0754352030947776;2,90950092780516;0,219478793393426;2018-05-03 15:00:41;2018-05-01
"432";"5cc07dafa2c3613145ed8e33";"everglad";10;0,0366300366300366;5,7214820517556;0,209578097133905;2018-05-02 16:52:10;2018-05-01
"433";"5cc07dd0a2c3613145ed8e3c";"finlayson";6;0,0247933884297521;8,36053938137086;0,207286100364567;2018-05-07 09:34:33;2018-05-01
"434";"5cc07e23a2c3613145ed8e5a";"hpv";1;0,024390243902439;8,36053938137086;0,203915594667582;2018-05-21 20:56:04;2018-05-01
"435";"5cc07da6a2c3613145ed8e30";"basalt";3;0,0297029702970297;6,56877991214281;0,195112274618103;2018-05-01 22:30:03;2018-05-01
"436";"5cc06e61a2c3613145ed897c";"moth";17;0,0584192439862543;5,26949692801254;0,307840026722382;2018-06-14 07:00:38;2018-06-01
"437";"5cc07e9fa2c3613145ed8e83";"shrimp";13;0,052;5,58795065913108;0,290573434274816;2018-06-07 12:00:39;2018-06-01
"438";"5cc07e9ea2c3613145ed8e82";"ridd";16;0,0346320346320346;6,97424502025097;0,241532295073627;2018-06-07 01:00:26;2018-06-01
"439";"5cc06f22a2c3613145ed8992";"plastic";27;0,0613636363636364;3,3499040872746;0,205562296264578;2018-06-25 15:31:37;2018-06-01
"440";"5cc06edea2c3613145ed898d";"cloth";14;0,049469964664311;3,8607297110406;0,190990162383634;2018-06-22 07:01:19;2018-06-01
"441";"5cc06e38a2c3613145ed8973";"baobab";8;0,023598820058997;7,66739220081091;0,180941408868694;2018-06-12 00:13:42;2018-06-01
"442";"5cc06db5a2c3613145ed896b";"aef";15;0,0211864406779661;8,36053938137086;0,177130071639213;2018-06-14 20:00:07;2018-06-01
"443";"5cc06db0a2c3613145ed896a";"cloud";9;0,0463917525773196;3,53222564406856;0,163866138126892;2018-06-25 22:30:13;2018-06-01
"444";"5cc06e55a2c3613145ed8979";"baobab";8;0,0208333333333333;7,66739220081091;0,159737337516894;2018-06-13 12:23:46;2018-06-01
"445";"5cc06eaaa2c3613145ed8983";"haig";6;0,0180722891566265;8,36053938137086;0,151094085205497;2018-06-15 15:56:46;2018-06-01
"446";"5cc06ec8a2c3613145ed8988";"yr";10;0,0212765957446809;6,97424502025097;0,148388191920233;2018-06-18 12:00:40;2018-06-01
"447";"5cc06dbba2c3613145ed896c";"nuclear";28;0,0525328330206379;2,74741127498279;0,144329297747689;2018-06-08 13:30:51;2018-06-01
"448";"5cc06eafa2c3613145ed8984";"insect";40;0,0391006842619746;3,68771054690895;0,144192005744241;2018-06-17 10:00:09;2018-06-01
"449";"5cc06e61a2c3613145ed897c";"pyralid";5;0,0171821305841924;8,36053938137086;0,143651879404998;2018-06-14 07:00:38;2018-06-01
"450";"5cc07e86a2c3613145ed8e77";"seabird";16;0,0266666666666667;5,26949692801254;0,140519918080335;2018-06-03 07:59:39;2018-06-01
"451";"5cc070a4a2c3613145ed89cc";"suicid";14;0,0498220640569395;4,64696731466655;0,231521503221821;2018-07-23 17:00:37;2018-07-01
"452";"5cc0712ba2c3613145ed89e4";"penguin";10;0,04;5,18248555102292;0,207299422040917;2018-07-30 22:50:28;2018-07-01
"453";"5cc07122a2c3613145ed89e2";"fgr";3;0,0208333333333333;8,36053938137086;0,17417790377856;2018-07-30 10:58:10;2018-07-01
"454";"5cc0712ba2c3613145ed89e4";"cochon";5;0,02;8,36053938137086;0,167210787627417;2018-07-30 22:50:28;2018-07-01
"455";"5cc0712ba2c3613145ed89e4";"île";5;0,02;8,36053938137086;0,167210787627417;2018-07-30 22:50:28;2018-07-01
"456";"5cc0712ba2c3613145ed89e4";"aux";5;0,02;7,66739220081091;0,153347844016218;2018-07-30 22:50:28;2018-07-01
"457";"5cc07122a2c3613145ed89e2";"vegan";5;0,0347222222222222;4,35320619613839;0,151152992921472;2018-07-30 10:58:10;2018-07-01
"458";"5cc07122a2c3613145ed89e2";"footbal";5;0,0347222222222222;4,33518769063571;0,150527350369296;2018-07-30 10:58:10;2018-07-01
"459";"5cc0710ca2c3613145ed89dd";"fire";21;0,0810810810810811;1,79386695156762;0,145448671748726;2018-07-27 21:45:46;2018-07-01
"460";"5cc06fc4a2c3613145ed89a9";"pruitt";17;0,0388127853881279;3,5565183366376;0,138038382928857;2018-07-06 08:32:18;2018-07-01
"461";"5cc06f70a2c3613145ed89a1";"wick";6;0,0202020202020202;6,75110146893676;0,136385888261349;2018-07-02 08:30:01;2018-07-01
"462";"5cc0712ba2c3613145ed89e4";"weimerskirch";4;0,016;8,36053938137086;0,133768630101934;2018-07-30 22:50:28;2018-07-01
"463";"5cc07122a2c3613145ed89e2";"club’";3;0,0208333333333333;6,41462923231555;0,133638109006574;2018-07-30 10:58:10;2018-07-01
"464";"5cc07073a2c3613145ed89c5";"glacier";14;0,0416666666666667;3,13479270765766;0,130616362819069;2018-07-18 00:54:42;2018-07-01
"465";"5cc070d2a2c3613145ed89d6";"morano";11;0,0196779964221825;6,41462923231555;0,126227051083132;2018-07-25 12:00:14;2018-07-01
"466";"5cc071ada2c3613145ed8a11";"shark";28;0,0777777777777778;4,8341788567547;0,375991688858699;2018-08-12 13:36:08;2018-08-01
"467";"5cc071baa2c3613145ed8a15";"kmart";10;0,0462962962962963;7,26192709270275;0,336200328365868;2018-08-13 08:18:57;2018-08-01
"468";"5cc07279a2c3613145ed8a4d";"hemp";20;0,0427350427350427;7,66739220081091;0,327666333367988;2018-08-30 12:10:47;2018-08-01
"469";"5cc07153a2c3613145ed89ef";"rosqvist";5;0,0387596899224806;8,36053938137086;0,324051914006623;2018-08-01 19:32:03;2018-08-01
"470";"5cc071a0a2c3613145ed8a0a";"hothous";5;0,0588235294117647;5,4701676234747;0,321774566086747;2018-08-09 13:58:39;2018-08-01
"471";"5cc071f2a2c3613145ed8a23";"oyster";16;0,0555555555555556;5,65248918026865;0,314027176681592;2018-08-16 05:02:39;2018-08-01
"472";"5cc07196a2c3613145ed8a05";"manafort";15;0,0408719346049046;6,97424502025097;0,285050886386279;2018-08-08 16:06:56;2018-08-01
"473";"5cc071aca2c3613145ed8a10";"potato";8;0,051948051948052;5,22504516544171;0,271430917685284;2018-08-10 11:15:23;2018-08-01
"474";"5cc07164a2c3613145ed89f5";"butterfli";12;0,0571428571428571;4,44851637594271;0,254200935768155;2018-08-02 19:44:50;2018-08-01
"475";"5cc07251a2c3613145ed8a44";"agnew";10;0,0303030303030303;7,66739220081091;0,232345218206391;2018-08-29 07:00:35;2018-08-01
"476";"5cc0724aa2c3613145ed8a41";"finlai";8;0,0262295081967213;8,36053938137086;0,219292836232678;2018-08-27 23:21:01;2018-08-01
"477";"5cc071aca2c3613145ed8a10";"frite";4;0,025974025974026;8,36053938137086;0,217156867048594;2018-08-10 11:15:23;2018-08-01
"478";"5cc071a9a2c3613145ed8a0f";"lippen";7;0,025830258302583;8,36053938137086;0,215954891769727;2018-08-11 15:00:34;2018-08-01
"479";"5cc0725ca2c3613145ed8a49";"hulot";9;0,0328467153284672;6,56877991214281;0,215762843829508;2018-08-29 14:27:34;2018-08-01
"480";"5cc07168a2c3613145ed89f7";"aerosol";15;0,0428571428571429;4,80519131988145;0,205936770852062;2018-08-03 12:00:10;2018-08-01
"481";"5cc0731ca2c3613145ed8a81";"plastic";13;0,0670103092783505;3,3499040872746;0,224478108941082;2018-09-13 11:16:35;2018-09-01
"482";"5cc07f2ea2c3613145ed8eb1";"nuclear";15;0,0802139037433155;2,74741127498279;0,220380583554769;2018-09-26 19:07:31;2018-09-01
"483";"5cc07efda2c3613145ed8ea0";"flanneri";11;0,0392857142857143;5,58795065913108;0,219526633037292;2018-09-23 03:18:22;2018-09-01
"484";"5cc07d85a2c3613145ed8e21";"park";25;0,0816993464052288;2,65342911662198;0,21678342456062;2018-09-25 12:00:19;2018-09-01
"485";"5cc07f30a2c3613145ed8eb3";"unep";14;0,0385674931129477;5,58795065913108;0,215513248561529;2018-09-27 12:41:26;2018-09-01
"486";"5cc07edfa2c3613145ed8e97";"beach";25;0,0598086124401914;3,44055845554274;0,205775027245379;2018-09-20 11:00:20;2018-09-01
"487";"5cc072d7a2c3613145ed8a6e";"beer";10;0,0452488687782805;4,5103917796608;0,204090125776507;2018-09-10 12:27:43;2018-09-01
"488";"5cc072e3a2c3613145ed8a72";"guterr";12;0,0383386581469649;5,06470251536653;0,19417389835271;2018-09-11 12:49:53;2018-09-01
"489";"5cc07edda2c3613145ed8e96";"asic";7;0,029045643153527;6,56877991214281;0,190794437282156;2018-09-20 09:01:37;2018-09-01
"490";"5cc07331a2c3613145ed8a87";"hurrican";6;0,0705882352941176;2,68036677235379;0,189202360401444;2018-09-14 22:30:35;2018-09-01
"491";"5cc072d7a2c3613145ed8a6e";"lambic";5;0,0226244343891403;8,36053938137086;0,189152474691648;2018-09-10 12:27:43;2018-09-01
"492";"5cc07f13a2c3613145ed8ead";"coalswarm";5;0,0246305418719212;7,66739220081091;0,188852024650515;2018-09-26 07:00:10;2018-09-01
"493";"5cc07ef7a2c3613145ed8e9d";"solheim";13;0,032994923857868;5,65248918026865;0,186503450110387;2018-09-21 13:54:12;2018-09-01
"494";"5cc07efea2c3613145ed8ea1";"summari";12;0,0409556313993174;4,31748811353631;0,176825451748927;2018-09-23 09:00:17;2018-09-01
"495";"5cc07299a2c3613145ed8a5b";"rugi";6;0,020979020979021;8,36053938137086;0,17539593107771;2018-09-04 19:41:53;2018-09-01
"496";"5cc07f7ea2c3613145ed8ece";"medican";5;0,0537634408602151;8,36053938137086;0,449491364589831;2018-10-05 22:30:02;2018-10-01
"497";"5cc07b71a2c3613145ed8d63";"dishwash";11;0,0445344129554656;6,75110146893676;0,30065634072188;2018-10-21 17:51:04;2018-10-01
"498";"5cc07bd5a2c3613145ed8d80";"lightn";12;0,0576923076923077;4,95934199970871;0,286115884598579;2018-10-30 07:25:35;2018-10-01
"499";"5cc07b32a2c3613145ed8d4b";"beer";21;0,0558510638297872;4,5103917796608;0,251910179183183;2018-10-15 17:00:00;2018-10-01
"500";"5cc07f4ea2c3613145ed8ec1";"mep";8;0,05;4,80519131988145;0,240259565994072;2018-10-03 17:35:56;2018-10-01
"501";"5cc07b65a2c3613145ed8d5f";"tong";11;0,037542662116041;6,28109783969103;0,235809133913315;2018-10-19 23:46:41;2018-10-01
"502";"5cc07bd8a2c3613145ed8d82";"verd";14;0,0320366132723112;6,97424502025097;0,223431190580123;2018-10-30 13:00:16;2018-10-01
"503";"5cc07feca2c3613145ed8efe";"tip";6;0,0740740740740741;2,8552078454385;0,211496877439889;2018-10-11 07:00:17;2018-10-01
"504";"5cc07b97a2c3613145ed8d69";"uber";11;0,037542662116041;5,58795065913108;0,209786543516866;2018-10-23 13:34:39;2018-10-01
"505";"5cc07bcda2c3613145ed8d7c";"poiner";8;0,0246913580246914;8,36053938137086;0,20643307114496;2018-10-29 05:34:36;2018-10-01
"506";"5cc07b63a2c3613145ed8d5e";"insect";11;0,0541871921182266;3,68771054690895;0,199826679881766;2018-10-19 18:18:02;2018-10-01
"507";"5cc07b58a2c3613145ed8d58";"tong";7;0,0301724137931034;6,28109783969103;0,189515883094126;2018-10-18 07:52:33;2018-10-01
"508";"5cc07f7ea2c3613145ed8ece";"zorba";2;0,021505376344086;8,36053938137086;0,179796545835933;2018-10-05 22:30:02;2018-10-01
"509";"5cc07bcca2c3613145ed8d7b";"shelf";10;0,0378787878787879;4,48933837046297;0,17005069585087;2018-10-28 09:00:13;2018-10-01
"510";"5cc08013a2c3613145ed8f0b";"supplier";8;0,0406091370558376;4,14103167619475;0,168163722891158;2018-10-13 08:00:25;2018-10-01
"511";"5cc07c3ca2c3613145ed8da2";"crime";11;0,0763888888888889;3,8279398882176;0,2924120747944;2018-11-13 22:23:36;2018-11-01
"512";"5cc07b22a2c3613145ed8d43";"sargassum";13;0,0342105263157895;7,66739220081091;0,262305522659321;2018-11-16 10:26:57;2018-11-01
"513";"5cc07c1ea2c3613145ed8d9a";"drax";7;0,037037037037037;6,16331480403464;0,22827091866795;2018-11-11 16:03:40;2018-11-01
"514";"5cc07c94a2c3613145ed8dc7";"imo";8;0,0347826086956522;6,28109783969103;0,218472968337079;2018-11-20 18:38:12;2018-11-01
"515";"5cc07c53a2c3613145ed8dae";"crab";17;0,0377777777777778;5,41610040220442;0,204608237416611;2018-11-14 23:58:39;2018-11-01
"516";"5cc07ca7a2c3613145ed8dce";"vanuatu";9;0,0330882352941176;5,79559002390932;0,191765846379353;2018-11-22 08:00:05;2018-11-01
"517";"5cc07c3ba2c3613145ed8da1";"bear";18;0,0689655172413793;2,76955240086;0,191003613852414;2018-11-13 18:22:46;2018-11-01
"518";"5cc07b25a2c3613145ed8d44";"whale";11;0,044;4,28300193746514;0,188452085248466;2018-11-05 18:03:47;2018-11-01
"519";"5cc07d16a2c3613145ed8dfa";"fashion";16;0,049079754601227;3,83875080432182;0,188404947451378;2018-11-29 07:00:14;2018-11-01
"520";"5cc07ce9a2c3613145ed8dea";"niño";14;0,0585774058577406;3,09268122230753;0,181161243147722;2018-11-27 11:00:04;2018-11-01
"521";"5cc07caba2c3613145ed8dd0";"hydrogen";10;0,0395256916996047;4,42871374864654;0,175047974254804;2018-11-22 12:17:18;2018-11-01
"522";"5cc07c02a2c3613145ed8d8b";"vegan";10;0,0395256916996047;4,35320619613839;0,172063486013375;2018-11-01 19:24:29;2018-11-01
"523";"5cc07d16a2c3613145ed8dfa";"mccartnei";8;0,0245398773006135;6,97424502025097;0,171147117061374;2018-11-29 07:00:14;2018-11-01
"524";"5cc07ce9a2c3613145ed8dea";"el";14;0,0585774058577406;2,91380200970455;0,170682962911564;2018-11-27 11:00:04;2018-11-01
"525";"5cc07d26a2c3613145ed8e04";"manafort";4;0,024390243902439;6,97424502025097;0,170103537079292;2018-11-29 16:50:56;2018-11-01
"526";"5cc079dda2c3613145ed8cc3";"rat";39;0,103174603174603;5,31601694364744;0,548477938630291;2018-12-21 07:00:23;2018-12-01
"527";"5cc079c4a2c3613145ed8cb8";"lichen";8;0,0769230769230769;6,75110146893676;0,51931549761052;2018-12-18 22:30:11;2018-12-01
"528";"5cc07936a2c3613145ed8c7e";"lobster";39;0,0884353741496599;5,7214820517556;0,50598140593757;2018-12-08 12:00:43;2018-12-01
"529";"5cc079b8a2c3613145ed8cb1";"blackcurr";7;0,0445859872611465;8,36053938137086;0,372762902354115;2018-12-17 01:01:53;2018-12-01
"530";"5cc079f5a2c3613145ed8cce";"turtl";37;0,0737051792828685;4,92655217688571;0,363112411443768;2018-12-26 07:00:18;2018-12-01
"531";"5cc079f8a2c3613145ed8ccf";"ota";13;0,0364145658263305;8,36053938137086;0,304445411646558;2018-12-27 12:31:41;2018-12-01
"532";"5cc079f9a2c3613145ed8cd0";"mushroom";11;0,0509259259259259;5,87563273158286;0,299222037256535;2018-12-28 08:00:17;2018-12-01
"533";"5cc07a00a2c3613145ed8cd4";"castor";7;0,0348258706467662;8,36053938137086;0,291163063032816;2018-12-29 20:25:39;2018-12-01
"534";"5cc079b3a2c3613145ed8cae";"bbc";11;0,0743243243243243;3,8279398882176;0,284509045745903;2018-12-16 18:09:55;2018-12-01
"535";"5cc078f5a2c3613145ed8c5f";"sall";9;0,0339622641509434;8,36053938137086;0,283942846914482;2018-12-10 18:52:42;2018-12-01
"536";"5cc07d31a2c3613145ed8e09";"cannabi";20;0,0396825396825397;6,97424502025097;0,276755754771864;2018-12-01 18:30:10;2018-12-01
"537";"5cc07991a2c3613145ed8c9f";"rinaudo";11;0,0323529411764706;8,36053938137086;0,270488038809057;2018-12-14 00:17:44;2018-12-01
"538";"5cc07d50a2c3613145ed8e0f";"insur";23;0,0812720848056537;3,17315357553011;0,257888806491846;2018-12-03 07:00:14;2018-12-01
"539";"5cc07931a2c3613145ed8c7b";"monarch";16;0,0403022670025189;6,05795428837681;0,244149291219217;2018-12-08 07:00:38;2018-12-01
"540";"5cc0792da2c3613145ed8c78";"ferri";4;0,0476190476190476;5,10244284334938;0,242973468730923;2018-12-07 22:30:27;2018-12-01
"541";"5cc07a27a2c3613145ed8ce5";"ruskin";13;0,0541666666666667;6,75110146893676;0,365684662900741;2019-01-06 06:59:04;2019-01-01
"542";"5cc07a23a2c3613145ed8ce2";"plastic";28;0,0962199312714777;3,3499040872746;0,322327541043605;2019-01-03 07:00:06;2019-01-01
"543";"5cc07aa3a2c3613145ed8d14";"eubank";13;0,0418006430868167;7,66739220081091;0,320501924792739;2019-01-22 10:00:13;2019-01-01
"544";"5cc07a34a2c3613145ed8ce8";"coffe";39;0,0691489361702128;4,33518769063571;0,299773616905661;2019-01-07 01:12:47;2019-01-01
"545";"5cc07a4da2c3613145ed8cf3";"beach";14;0,0765027322404372;3,44055845554274;0,263212122281958;2019-01-14 01:07:07;2019-01-01
"546";"5cc078e2a2c3613145ed8c54";"wave";8;0,0860215053763441;2,72932759954949;0,234780868778451;2019-01-11 22:30:21;2019-01-01
"547";"5cc07a5aa2c3613145ed8cf8";"lister";10;0,03003003003003;7,26192709270275;0,218075888669752;2019-01-15 07:00:13;2019-01-01
"548";"5cc07a51a2c3613145ed8cf5";"batteri";52;0,0624249699879952;3,20148408215633;0,199852547745653;2019-01-14 08:00:31;2019-01-01
"549";"5cc07ab1a2c3613145ed8d1b";"cleg";2;0,0232558139534884;8,36053938137086;0,194431148403974;2019-01-22 22:30:30;2019-01-01
"550";"5cc07a37a2c3613145ed8ce9";"energiesprong";5;0,0232558139534884;8,36053938137086;0,194431148403974;2019-01-07 15:00:15;2019-01-01
"551";"5cc07aefa2c3613145ed8d34";"wall";6;0,0681818181818182;2,84308648490615;0,193846805789056;2019-01-28 22:30:13;2019-01-01
"552";"5cc07aefa2c3613145ed8d34";"amorit";2;0,0227272727272727;8,36053938137086;0,19001225866752;2019-01-28 22:30:13;2019-01-01
"553";"5cc07a5aa2c3613145ed8cf8";"insect";17;0,0510510510510511;3,68771054690895;0,188261499391748;2019-01-15 07:00:13;2019-01-01
"554";"5cc07ac6a2c3613145ed8d1f";"rumin";8;0,0313725490196078;5,96264410857249;0,187063344582666;2019-01-24 04:39:32;2019-01-01
"555";"5cc07a62a2c3613145ed8cfa";"nsw";11;0,05;3,73556656808659;0,18677832840433;2019-01-15 18:00:22;2019-01-01
"556";"5cc074f2a2c3613145ed8af8";"beech";6;0,0681818181818182;6,41462923231555;0,437361084021515;2019-02-18 22:30:51;2019-02-01
"557";"5cc07834a2c3613145ed8c18";"phytoplankton";14;0,0571428571428571;6,05795428837681;0,346168816478675;2019-02-04 11:00:26;2019-02-01
"558";"5cc07550a2c3613145ed8b18";"possum";20;0,0417536534446764;6,97424502025097;0,291200209613819;2019-02-25 00:01:58;2019-02-01
"559";"5cc074f2a2c3613145ed8af8";"oak";5;0,0568181818181818;4,95934199970871;0,281780795437995;2019-02-18 22:30:51;2019-02-01
"560";"5cc07881a2c3613145ed8c3d";"freedom";38;0,0743639921722113;3,61560725300761;0,268870989460449;2019-02-07 13:00:09;2019-02-01
"561";"5cc0755ba2c3613145ed8b1e";"snow";18;0,0886699507389163;2,95786199949858;0,262273477788052;2019-02-25 17:26:48;2019-02-01
"562";"5cc07550a2c3613145ed8b18";"moth";23;0,0480167014613779;5,26949692801254;0,253023860844026;2019-02-25 00:01:58;2019-02-01
"563";"5cc074ada2c3613145ed8ae2";"watercolour";11;0,0286458333333333;7,66739220081091;0,219638839085729;2019-02-14 08:45:08;2019-02-01
"564";"5cc07834a2c3613145ed8c18";"hickman";7;0,0285714285714286;7,66739220081091;0,219068348594598;2019-02-04 11:00:26;2019-02-01
"565";"5cc07569a2c3613145ed8b23";"costa";14;0,0434782608695652;4,77702044291475;0,207696540996294;2019-02-25 22:13:10;2019-02-01
"566";"5cc074b0a2c3613145ed8ae3";"meal";8;0,0451977401129944;4,55387689160054;0,205824944253132;2019-02-14 21:00:03;2019-02-01
"567";"5cc07544a2c3613145ed8b13";"sewag";15;0,0424929178470255;4,74962146872664;0,20182527487507;2019-02-22 18:20:31;2019-02-01
"568";"5cc078a0a2c3613145ed8c43";"holli";10;0,032258064516129;5,96264410857249;0,192343358341048;2019-02-08 16:12:09;2019-02-01
"569";"5cc0750ca2c3613145ed8aff";"insle";14;0,0297872340425532;6,41462923231555;0,191074062239187;2019-02-20 07:00:30;2019-02-01
"570";"5cc0787da2c3613145ed8c3b";"thwait";6;0,0288461538461538;6,56877991214281;0,189484035927196;2019-02-06 23:09:55;2019-02-01
"571";"5cc0761fa2c3613145ed8b54";"adder";14;0,0777777777777778;7,66739220081091;0,596352726729738;2019-03-06 07:30:11;2019-03-01
"572";"5cc077aaa2c3613145ed8bd9";"mosquito";11;0,0647058823529412;4,86403181990438;0,314731470699695;2019-03-28 19:00:40;2019-03-01
"573";"5cc0761aa2c3613145ed8b52";"frog";22;0,0564102564102564;5,26949692801254;0,297253672862246;2019-03-05 18:01:06;2019-03-01
"574";"5cc0772ea2c3613145ed8bac";"hydrogen";19;0,0622950819672131;4,42871374864654;0,27588708598126;2019-03-19 03:26:13;2019-03-01
"575";"5cc0761ca2c3613145ed8b53";"bjornerud";2;0,0266666666666667;8,36053938137086;0,222947716836556;2019-03-05 22:30:04;2019-03-01
"576";"5cc0775aa2c3613145ed8bbb";"festiv";19;0,049738219895288;4,37155533480659;0,217433380527029;2019-03-21 03:21:35;2019-03-01
"577";"5cc07615a2c3613145ed8b50";"oliv";18;0,0502793296089385;4,20165629801119;0,211256461911177;2019-03-05 07:00:46;2019-03-01
"578";"5cc07749a2c3613145ed8bb2";"weatheril";8;0,0363636363636364;5,65248918026865;0,205545061100678;2019-03-19 18:00:24;2019-03-01
"579";"5cc07614a2c3613145ed8b4f";"carryov";10;0,0350877192982456;5,52732603731464;0,19394126446718;2019-03-05 00:19:44;2019-03-01
"580";"5cc0768da2c3613145ed8b75";"jlr";5;0,0226244343891403;8,36053938137086;0,189152474691648;2019-03-13 16:05:02;2019-03-01
"581";"5cc07798a2c3613145ed8bd1";"fenzi";3;0,0223880597014925;8,36053938137086;0,18717625480681;2019-03-26 06:10:02;2019-03-01
"582";"5cc07798a2c3613145ed8bd1";"galton";3;0,0223880597014925;8,36053938137086;0,18717625480681;2019-03-26 06:10:02;2019-03-01
"583";"5cc07798a2c3613145ed8bd1";"glacier";8;0,0597014925373134;3,13479270765766;0,187151803442248;2019-03-26 06:10:02;2019-03-01
"584";"5cc0772ba2c3613145ed8baa";"bevan";8;0,0273037542662116;6,75110146893676;0,184330415534109;2019-03-18 23:00:11;2019-03-01
"585";"5cc077b6a2c3613145ed8bdf";"defra";7;0,0309734513274336;5,87563273158286;0,181988624429558;2019-03-30 12:40:44;2019-03-01
"586";"5cc07802a2c3613145ed8c01";"sikh";8;0,0465116279069767;8,36053938137086;0,388862296807947;2019-04-05 10:23:14;2019-04-01
"587";"5cc073c4a2c3613145ed8ab4";"mcgrath";15;0,0462962962962963;6,97424502025097;0,322881713900508;2019-04-15 23:26:04;2019-04-01
"588";"5cc07814a2c3613145ed8c0d";"malpass";9;0,0365853658536585;8,36053938137086;0,305873392001373;2019-04-09 20:52:28;2019-04-01
"589";"5cc077dea2c3613145ed8bf0";"landslid";6;0,0631578947368421;4,80519131988145;0,30348576757146;2019-04-02 22:30:15;2019-04-01
"590";"5cc07803a2c3613145ed8c02";"ineo";7;0,0353535353535354;8,36053938137086;0,295574624593919;2019-04-05 18:39:06;2019-04-01
"591";"5cc073d2a2c3613145ed8abd";"chloroplast";3;0,0309278350515464;8,36053938137086;0,258573382928996;2019-04-16 22:30:01;2019-04-01
"592";"5cc0739fa2c3613145ed8aaa";"natal";10;0,0480769230769231;5,36480710781687;0,257923418645042;2019-04-14 04:50:31;2019-04-01
"593";"5cc077cda2c3613145ed8be5";"bleach";13;0,0807453416149068;3,13479270765766;0,253119908071736;2019-04-01 05:33:02;2019-04-01
"594";"5cc073c8a2c3613145ed8ab6";"ridd";8;0,0361990950226244;6,97424502025097;0,25246135819913;2019-04-16 12:34:54;2019-04-01
"595";"5cc077d3a2c3613145ed8be9";"ryanair";7;0,0296610169491525;7,66739220081091;0,227422650024053;2019-04-01 19:00:19;2019-04-01
"596";"5cc04c29a2c36117d7eb0f37";"easter";7;0,0419161676646707;5,14166355650266;0,215518831709692;2019-04-17 22:30:05;2019-04-01
"597";"5cc07392a2c3613145ed8aa4";"jai";4;0,0444444444444444;4,80519131988145;0,213564058661398;2019-04-12 22:30:11;2019-04-01
"598";"5cc15d0ba2c3615169989596";"girl";12;0,0506329113924051;4,14103167619475;0,209672489933912;2019-04-25 01:01:46;2019-04-01
"599";"5cc077cda2c3613145ed8be5";"leggat";4;0,0248447204968944;8,36053938137086;0,207715264133438;2019-04-01 05:33:02;2019-04-01
"600";"5cc077dea2c3613145ed8bf0";"idai";3;0,0315789473684211;6,41462923231555;0,202567238915228;2019-04-02 22:30:15;2019-04-01
