"id";"word";"n";"tf";"idf";"tf_idf";"date_published";"month"
"5cc195b6a2c361516998a048";"cent";11;0,0808823529411765;4,53189798488177;0,366550572306613;2016-01-07;2016-01-01
"5cc18e16a2c3615169989ebd";"themes";1;0,0714285714285714;4,95934199970871;0,354238714264907;2016-01-19;2016-01-01
"5cc19601a2c361516998a04f";"bumblebee";7;0,048951048951049;6,97424502025097;0,341396609382915;2016-01-11;2016-01-01
"5cc18e5ca2c3615169989ecb";"lyft";18;0,0467532467532468;7,26192709270275;0,33951866926922;2016-01-21;2016-01-01
"5cc18e16a2c3615169989ebd";"dominate";1;0,0714285714285714;4,37155533480659;0,312253952486185;2016-01-19;2016-01-01
"5cc18e16a2c3615169989ebd";"features";1;0,0714285714285714;4,33518769063571;0,309656263616837;2016-01-19;2016-01-01
"5cc18e16a2c3615169989ebd";"defining";1;0,0714285714285714;4,31748811353631;0,308392008109736;2016-01-19;2016-01-01
"5cc18e13a2c3615169989ebc";"chubb";14;0,043613707165109;6,97424502025097;0,304172680010946;2016-01-19;2016-01-01
"5cc18e16a2c3615169989ebd";"editorial";1;0,0714285714285714;4,21740465497933;0,301243189641381;2016-01-19;2016-01-01
"5cc1963da2c361516998a05b";"score";132;0,0558139534883721;5,02833487119566;0,280651248624874;2016-01-12;2016-01-01
"5cc18e16a2c3615169989ebd";"emerge";1;0,0714285714285714;3,80666248977032;0,271904463555023;2016-01-19;2016-01-01
"5cc18e16a2c3615169989ebd";"we’d";1;0,0714285714285714;3,66005901557844;0,261432786827032;2016-01-19;2016-01-01
"5cc18ddba2c3615169989eb1";"murres";14;0,035;7,26192709270275;0,254167448244596;2016-01-14;2016-01-01
"5cc18e5ca2c3615169989ecb";"uber";17;0,0441558441558442;5,65248918026865;0,249590431336538;2016-01-21;2016-01-01
"5cc18e16a2c3615169989ebd";"inform";1;0,0714285714285714;3,48534205816971;0,248953004154979;2016-01-19;2016-01-01
"5cc18fdca2c3615169989f17";"rspo";18;0,0478723404255319;7,26192709270275;0,347645445927259;2016-02-09;2016-02-01
"5cc190e8a2c3615169989f4e";"argo";25;0,0477099236641221;6,16331480403464;0,294051278818447;2016-02-24;2016-02-01
"5cc18f51a2c3615169989ef8";"cent";7;0,0569105691056911;4,53189798488177;0,257912893448556;2016-02-01;2016-02-01
"5cc1911da2c3615169989f51";"hennessy";4;0,0307692307692308;8,36053938137086;0,257247365580642;2016-02-24;2016-02-01
"5cc190dfa2c3615169989f4a";"vesey";18;0,0350877192982456;6,97424502025097;0,244710351587753;2016-02-23;2016-02-01
"5cc19009a2c3615169989f1c";"ccs";18;0,0520231213872832;4,53189798488177;0,235763478982288;2016-02-10;2016-02-01
"5cc19031a2c3615169989f24";"award";14;0,0566801619433198;4,14103167619475;0,234714346019136;2016-02-10;2016-02-01
"5cc19049a2c3615169989f29";"teachers";17;0,0551948051948052;4,24966551719755;0,2345594603648;2016-02-11;2016-02-01
"5cc18f65a2c3615169989f00";"bowman";7;0,031390134529148;6,97424502025097;0,218922489424918;2016-02-04;2016-02-01
"5cc18f58a2c3615169989efb";"candlemas";3;0,0260869565217391;8,36053938137086;0,218101027340109;2016-02-01;2016-02-01
"5cc19062a2c3615169989f33";"masdar";17;0,0294627383015598;7,26192709270275;0,213956257497308;2016-02-16;2016-02-01
"5cc18f6fa2c3615169989f04";"whetton";10;0,0251889168765743;8,36053938137086;0,210592931520677;2016-02-05;2016-02-01
"5cc19136a2c3615169989f5c";"clearing";33;0,0494752623688156;4,02980604108453;0,199375711178095;2016-02-28;2016-02-01
"5cc1911da2c3615169989f51";"knight";4;0,0307692307692308;6,28109783969103;0,19326454891357;2016-02-24;2016-02-01
"5cc1908fa2c3615169989f39";"pemba";8;0,0221606648199446;8,36053938137086;0,185275110944507;2016-02-19;2016-02-01
"5cc191a6a2c3615169989f6f";"rss";14;0,0447284345047923;6,41462923231555;0,286916323490152;2016-03-03;2016-03-01
"5cc19288a2c3615169989f9d";"anu";13;0,0490566037735849;5,58795065913108;0,274125881391336;2016-03-14;2016-03-01
"5cc1922fa2c3615169989f87";"windsor";15;0,0408719346049046;6,41462923231555;0,262178306497911;2016-03-09;2016-03-01
"5cc191f5a2c3615169989f82";"faison";11;0,0307262569832402;8,36053938137086;0,256888081550501;2016-03-08;2016-03-01
"5cc1936aa2c3615169989fc8";"cefc";8;0,0404040404040404;5,87563273158286;0,237399302286176;2016-03-22;2016-03-01
"5cc191eda2c3615169989f7f";"shower";11;0,03886925795053;5,96264410857249;0,231763551923312;2016-03-08;2016-03-01
"5cc19322a2c3615169989fb7";"rafts";4;0,027972027972028;7,66739220081091;0,214472509113592;2016-03-18;2016-03-01
"5cc191e7a2c3615169989f7d";"csiro";17;0,0564784053156146;3,64204051007577;0,205696640103947;2016-03-08;2016-03-01
"5cc193a8a2c3615169989fd4";"anz";9;0,0330882352941176;6,16331480403464;0,203933210427617;2016-03-24;2016-03-01
"5cc19378a2c3615169989fce";"cefc";9;0,0327272727272727;5,87563273158286;0,192293434851803;2016-03-23;2016-03-01
"5cc1937aa2c3615169989fcf";"cryoconite";6;0,0229007633587786;8,36053938137086;0,191462733924524;2016-03-23;2016-03-01
"5cc193c2a2c3615169989fdd";"meteorologists";12;0,0387096774193548;4,80519131988145;0,186007405930895;2016-03-28;2016-03-01
"5cc19376a2c3615169989fcd";"days";15;0,103448275862069;1,77574798898514;0,183698067826049;2016-03-23;2016-03-01
"5cc19337a2c3615169989fbf";"bond";17;0,0348360655737705;5,06470251536653;0,176434308936949;2016-03-20;2016-03-01
"5cc19322a2c3615169989fb7";"tiki";3;0,020979020979021;8,36053938137086;0,17539593107771;2016-03-18;2016-03-01
"5cc18b37a2c3615169989e34";"ea";8;0,0484848484848485;6,75110146893676;0,327326131827237;2016-04-14;2016-04-01
"5cc18bfca2c3615169989e5f";"songs";6;0,0571428571428571;5,18248555102292;0,296142031487024;2016-04-21;2016-04-01
"5cc18b71a2c3615169989e40";"dpf";16;0,0357142857142857;7,66739220081091;0,273835435743247;2016-04-17;2016-04-01
"5cc18b24a2c3615169989e2d";"dmi";2;0,03125;8,36053938137086;0,261266855667839;2016-04-13;2016-04-01
"5cc18a83a2c3615169989e15";"ecotricity";9;0,037037037037037;6,75110146893676;0,250040795145806;2016-04-06;2016-04-01
"5cc18c56a2c3615169989e6e";"vw";11;0,0476190476190476;5,18248555102292;0,246785026239186;2016-04-25;2016-04-01
"5cc18be9a2c3615169989e58";"buses";14;0,0551181102362205;4,40929566278943;0,243032044405717;2016-04-21;2016-04-01
"5cc18a7aa2c3615169989e11";"obbard";7;0,0278884462151394;8,36053938137086;0,233162452866916;2016-04-05;2016-04-01
"5cc18bf5a2c3615169989e5c";"loomis";11;0,0269607843137255;8,36053938137086;0,225406699007548;2016-04-21;2016-04-01
"5cc18b31a2c3615169989e32";"bets";17;0,0407673860911271;5,4701676234747;0,223004435489376;2016-04-14;2016-04-01
"5cc18b61a2c3615169989e3a";"enso";13;0,0305164319248826;7,26192709270275;0,221608103767924;2016-04-15;2016-04-01
"5cc18c4fa2c3615169989e6b";"cod";17;0,0435897435897436;5,06470251536653;0,220769084003156;2016-04-25;2016-04-01
"5cc18a7aa2c3615169989e11";"bears";15;0,0597609561752988;3,65100918005853;0,218187799605091;2016-04-05;2016-04-01
"5cc18ac1a2c3615169989e1b";"clouds";12;0,052863436123348;4,07007994022247;0,215158410936871;2016-04-07;2016-04-01
"5cc18ca6a2c3615169989e7b";"jones";12;0,0515021459227468;3,91788812488054;0,201779645916595;2016-04-27;2016-04-01
"5cc18979a2c3615169989de5";"contrails";6;0,06;7,26192709270275;0,435715625562165;2016-05-16;2016-05-01
"5cc182baa2c3615169989c95";"ethane";6;0,0483870967741935;8,36053938137086;0,404542228130848;2016-05-29;2016-05-01
"5cc188d3a2c3615169989dbf";"lecture";2;0,0769230769230769;4,5993392656773;0,353795328129023;2016-05-04;2016-05-01
"5cc1896da2c3615169989de1";"frisby";13;0,0382352941176471;8,36053938137086;0,319667682228886;2016-05-12;2016-05-01
"5cc181a1a2c3615169989c6e";"gloucester";5;0,0416666666666667;6,97424502025097;0,290593542510457;2016-05-20;2016-05-01
"5cc18d11a2c3615169989e8f";"qbe";10;0,034965034965035;7,66739220081091;0,26809063639199;2016-05-01;2016-05-01
"5cc181cca2c3615169989c77";"seiu";13;0,0305164319248826;8,36053938137086;0,255133830886904;2016-05-24;2016-05-01
"5cc1895ca2c3615169989ddb";"400ppm";14;0,045016077170418;5,65248918026865;0,254452889143926;2016-05-11;2016-05-01
"5cc1895ba2c3615169989dda";"plp";4;0,0294117647058824;8,36053938137086;0,245898217099143;2016-05-10;2016-05-01
"5cc188d3a2c3615169989dbf";"predictability";1;0,0384615384615385;6,28109783969103;0,241580686141963;2016-05-04;2016-05-01
"5cc188d3a2c3615169989dbf";"computational";1;0,0384615384615385;6,16331480403464;0,237050569385948;2016-05-04;2016-05-01
"5cc189e0a2c3615169989dee";"landvogt";5;0,027027027027027;8,36053938137086;0,225960523820834;2016-05-18;2016-05-01
"5cc1822ca2c3615169989c8b";"gk";12;0,026431718061674;8,36053938137086;0,220983419771917;2016-05-27;2016-05-01
"5cc1823aa2c3615169989c8e";"g7";10;0,0471698113207547;4,55387689160054;0,214805513754742;2016-05-27;2016-05-01
"5cc188d3a2c3615169989dbf";"perimeter";1;0,0384615384615385;5,52732603731464;0,21258946297364;2016-05-04;2016-05-01
"5cc184aca2c3615169989cf5";"thunder";12;0,104347826086957;6,28109783969103;0,655418905011237;2016-06-26;2016-06-01
"5cc1846aa2c3615169989ce9";"kidney";7;0,0546875;6,75110146893676;0,369200861582479;2016-06-20;2016-06-01
"5cc18399a2c3615169989cc4";"assignments";2;0,0425531914893617;6,97424502025097;0,296776383840467;2016-06-12;2016-06-01
"5cc18334a2c3615169989ca9";"louvre";10;0,037037037037037;7,66739220081091;0,283977488918923;2016-06-06;2016-06-01
"5cc18399a2c3615169989cc4";"photos";3;0,0638297872340425;4,31748811353631;0,27558434767253;2016-06-12;2016-06-01
"5cc18440a2c3615169989ce4";"cefc";27;0,0436187399030695;5,87563273158286;0,256287695884874;2016-06-20;2016-06-01
"5cc1839ca2c3615169989cc5";"cruise";20;0,0479616306954436;5,18248555102292;0,248560458082634;2016-06-12;2016-06-01
"5cc182d0a2c3615169989c9a";"vitol";13;0,0286975717439294;8,36053938137086;0,239927178714837;2016-06-01;2016-06-01
"5cc1839ca2c3615169989cc5";"foe";14;0,0335731414868106;6,56877991214281;0,220534577386089;2016-06-12;2016-06-01
"5cc184aca2c3615169989cf5";"rumble";3;0,0260869565217391;8,36053938137086;0,218101027340109;2016-06-26;2016-06-01
"5cc18389a2c3615169989cbe";"psychological";14;0,0457516339869281;4,72295322164447;0,216082827134061;2016-06-10;2016-06-01
"5cc18437a2c3615169989ce0";"ccs";13;0,0471014492753623;4,53189798488177;0,213458963056025;2016-06-19;2016-06-01
"5cc18464a2c3615169989ce7";"tourists";11;0,05;4,26619481914876;0,213309740957438;2016-06-20;2016-06-01
"5cc1843ca2c3615169989ce3";"ppas";10;0,0235849056603774;8,36053938137086;0,197182532579501;2016-06-20;2016-06-01
"5cc18485a2c3615169989cf4";"eavis";5;0,0230414746543779;8,36053938137086;0,192639156252785;2016-06-26;2016-06-01
"5cc1853aa2c3615169989d18";"gormley";9;0,0357142857142857;7,66739220081091;0,273835435743247;2016-07-06;2016-07-01
"5cc18637a2c3615169989d44";"duterte";6;0,038961038961039;6,97424502025097;0,27172383195783;2016-07-19;2016-07-01
"5cc186bfa2c3615169989d5a";"regen";20;0,0297619047619048;8,36053938137086;0,248825576826514;2016-07-25;2016-07-01
"5cc18577a2c3615169989d24";"possingham";11;0,0284237726098191;8,36053938137086;0,237638070271523;2016-07-08;2016-07-01
"5cc18132a2c3615169989c5c";"ridley";16;0,0390243902439024;5,96264410857249;0,232688550578439;2016-07-15;2016-07-01
"5cc1856ba2c3615169989d1f";"sq";10;0,0510204081632653;4,02980604108453;0,205602349034925;2016-07-07;2016-07-01
"5cc1856da2c3615169989d20";"kelp";13;0,0379008746355685;5,41610040220442;0,205274942357602;2016-07-07;2016-07-01
"5cc1812da2c3615169989c5a";"centres";13;0,0479704797047971;4,17088463934444;0,200079336942722;2016-07-20;2016-07-01
"5cc18690a2c3615169989d54";"dives";5;0,0294117647058824;6,75110146893676;0,198561807909905;2016-07-22;2016-07-01
"5cc185e6a2c3615169989d38";"leadsom";8;0,0350877192982456;5,52732603731464;0,19394126446718;2016-07-14;2016-07-01
"5cc186b9a2c3615169989d58";"myth";21;0,0450643776824034;4,26619481914876;0,192253414596833;2016-07-25;2016-07-01
"5cc1851ca2c3615169989d0c";"otto";11;0,0333333333333333;5,58795065913108;0,186265021971036;2016-07-01;2016-07-01
"5cc185d5a2c3615169989d32";"ttip";9;0,0306122448979592;5,79559002390932;0,177416021140081;2016-07-13;2016-07-01
"5cc186b4a2c3615169989d56";"nouakchott";8;0,0211640211640212;8,36053938137086;0,176942632409965;2016-07-25;2016-07-01
"5cc185dea2c3615169989d35";"treaty";14;0,0510948905109489;3,45526460293243;0,17654636657319;2016-07-14;2016-07-01
"5cc17e1fa2c3615169989bbf";"coffee";22;0,0849420849420849;4,33518769063571;0,36823988105786;2016-08-29;2016-08-01
"5cc187efa2c3615169989d96";"tortoises";11;0,0424710424710425;7,66739220081091;0,32564213980278;2016-08-16;2016-08-01
"5cc187b2a2c3615169989d85";"tweets";7;0,0569105691056911;4,92655217688571;0,280372888115447;2016-08-10;2016-08-01
"5cc187f2a2c3615169989d97";"shishmaref";6;0,0377358490566038;6,56877991214281;0,247878487250672;2016-08-16;2016-08-01
"5cc1875ea2c3615169989d7a";"bight";9;0,0416666666666667;5,87563273158286;0,244818030482619;2016-08-05;2016-08-01
"5cc187bda2c3615169989d89";"organic";28;0,060475161987041;4,04305126783455;0,244504180344206;2016-08-14;2016-08-01
"5cc18715a2c3615169989d6b";"speckled";11;0,0380622837370242;6,28109783969103;0,23907292815433;2016-08-01;2016-08-01
"5cc187dba2c3615169989d90";"katoatau";6;0,0298507462686567;7,66739220081091;0,228877379128684;2016-08-16;2016-08-01
"5cc18834a2c3615169989da6";"severn";2;0,0327868852459016;6,97424502025097;0,228663771155769;2016-08-21;2016-08-01
"5cc18766a2c3615169989d7d";"runway";12;0,0470588235294118;4,64696731466655;0,218680814807838;2016-08-08;2016-08-01
"5cc1883ca2c3615169989da9";"conditioning";7;0,0526315789473684;4,00383055468127;0,210727923930593;2016-08-22;2016-08-01
"5cc187b5a2c3615169989d86";"elephants";17;0,0391705069124424;5,26949692801254;0,206408865843809;2016-08-12;2016-08-01
"5cc18825a2c3615169989da1";"shishmaref";7;0,0311111111111111;6,56877991214281;0,204362041711109;2016-08-18;2016-08-01
"5cc18754a2c3615169989d76";"csiro";10;0,0526315789473684;3,64204051007577;0,191686342635567;2016-08-04;2016-08-01
"5cc18715a2c3615169989d6b";"butterfly";11;0,0380622837370242;5,02833487119566;0,191389908592222;2016-08-01;2016-08-01
"5cc17f6da2c3615169989bfc";"turbulence";17;0,0548387096774194;5,7214820517556;0,313758693160791;2016-09-11;2016-09-01
"5cc17f9fa2c3615169989c05";"milk";20;0,0626959247648903;4,5763497474526;0,286918479464113;2016-09-13;2016-09-01
"5cc18015a2c3615169989c26";"conroy";9;0,039647577092511;6,97424502025097;0,276511917102461;2016-09-20;2016-09-01
"5cc18004a2c3615169989c1e";"doggerland";5;0,0359712230215827;7,66739220081091;0,275805474849314;2016-09-19;2016-09-01
"5cc1807ba2c3615169989c3e";"coffee";18;0,0548780487804878;4,33518769063571;0,237906641559277;2016-09-27;2016-09-01
"5cc1805fa2c3615169989c33";"lobsters";8;0,0347826086956522;6,75110146893676;0,23482092065867;2016-09-24;2016-09-01
"5cc17eeca2c3615169989be2";"qut";10;0,0298507462686567;7,66739220081091;0,228877379128684;2016-09-05;2016-09-01
"5cc17f03a2c3615169989bed";"authority";24;0,0776699029126214;2,83907846350861;0,220510948622028;2016-09-06;2016-09-01
"5cc1804aa2c3615169989c2d";"alec";7;0,0360824742268041;6,05795428837681;0,218585979477514;2016-09-21;2016-09-01
"5cc17feaa2c3615169989c17";"coffee";15;0,0496688741721854;4,33518769063571;0,215323891918992;2016-09-16;2016-09-01
"5cc180b3a2c3615169989c43";"agl";14;0,0445859872611465;4,74962146872664;0,211766562299914;2016-09-27;2016-09-01
"5cc180bda2c3615169989c45";"greenhill";6;0,024896265560166;8,36053938137086;0,208146208664835;2016-09-28;2016-09-01
"5cc17fb1a2c3615169989c0c";"dosan";10;0,0240963855421687;8,36053938137086;0,201458780273997;2016-09-14;2016-09-01
"5cc18007a2c3615169989c20";"reef";23;0,0721003134796238;2,77704307258916;0,200225676080096;2016-09-20;2016-09-01
"5cc17dd6a2c3615169989bab";"salt";21;0,0504807692307692;3,92972258252755;0,198375418829516;2016-09-23;2016-09-01
"5cc1792da2c3615169989a83";"catholics";14;0,0415430267062315;6,75110146893676;0,280461188620518;2016-10-24;2016-10-01
"5cc180e2a2c3615169989c54";"kress";11;0,0294906166219839;8,36053938137086;0,246557461649007;2016-10-02;2016-10-01
"5cc1795ca2c3615169989a8c";"macrocritical";9;0,0275229357798165;8,36053938137086;0,230106588478097;2016-10-17;2016-10-01
"5cc17937a2c3615169989a88";"yoga";10;0,0336700336700337;6,75110146893676;0,227309813768914;2016-10-16;2016-10-01
"5cc180e2a2c3615169989c54";"puffin";12;0,032171581769437;6,56877991214281;0,211328040068937;2016-10-02;2016-10-01
"5cc17963a2c3615169989a90";"nicole";4;0,0333333333333333;6,16331480403464;0,205443826801155;2016-10-17;2016-10-01
"5cc17d61a2c3615169989b95";"mars";15;0,0432276657060519;4,72295322164447;0,204162243010568;2016-10-12;2016-10-01
"5cc17ceca2c3615169989b78";"health";27;0,113445378151261;1,7771301592121;0,201607202935826;2016-10-02;2016-10-01
"5cc17d54a2c3615169989b8f";"gallery";11;0,041044776119403;4,80519131988145;0,197228001935433;2016-10-10;2016-10-01
"5cc1798fa2c3615169989aa0";"dicaprio";4;0,037037037037037;5,06470251536653;0,187581574643205;2016-10-20;2016-10-01
"5cc17caba2c3615169989b6e";"lemon";9;0,028391167192429;6,56877991214281;0,186495328735916;2016-10-08;2016-10-01
"5cc17ceca2c3615169989b78";"hanna";7;0,0294117647058824;6,28109783969103;0,184738171755618;2016-10-02;2016-10-01
"5cc17cf6a2c3615169989b7c";"corbell";8;0,0253968253968254;7,26192709270275;0,184429894417848;2016-10-04;2016-10-01
"5cc179caa2c3615169989aac";"reef";18;0,0659340659340659;2,77704307258916;0,183101741049835;2016-10-24;2016-10-01
"5cc17d65a2c3615169989b97";"brandt";9;0,0214285714285714;8,36053938137086;0,17915441531509;2016-10-12;2016-10-01
"5cc17bf7a2c3615169989b42";"wasps";8;0,0776699029126214;6,75110146893676;0,524357395645573;2016-11-20;2016-11-01
"5cc1791ba2c3615169989a7b";"kelp";18;0,0821917808219178;5,41610040220442;0,445158937167487;2016-11-14;2016-11-01
"5cc17c37a2c3615169989b51";"seaweed";9;0,0737704918032787;5,4701676234747;0,403536955830101;2016-11-23;2016-11-01
"5cc17a8ca2c3615169989ada";"fireworks";5;0,0568181818181818;6,97424502025097;0,396263921605169;2016-11-03;2016-11-01
"5cc17a8aa2c3615169989ad9";"bamboo";9;0,0520231213872832;6,97424502025097;0,362821995273172;2016-11-03;2016-11-01
"5cc17aa2a2c3615169989ae5";"voepel";10;0,0387596899224806;8,36053938137086;0,324051914006623;2016-11-04;2016-11-01
"5cc17c3ca2c3615169989b53";"lignite";8;0,05;6,16331480403464;0,308165740201732;2016-11-24;2016-11-01
"5cc17a8aa2c3615169989ad9";"rawles";6;0,0346820809248555;8,36053938137086;0,289960903400145;2016-11-03;2016-11-01
"5cc17baaa2c3615169989b2a";"de";58;0,0857988165680473;3,21304490455741;0,27567545039102;2016-11-16;2016-11-01
"5cc17c7ca2c3615169989b63";"reef";17;0,0904255319148936;2,77704307258916;0,251115596989445;2016-11-28;2016-11-01
"5cc17b5ba2c3615169989b14";"dams";10;0,0552486187845304;4,48933837046297;0,248029744224473;2016-11-14;2016-11-01
"5cc17bf4a2c3615169989b41";"reef";20;0,0888888888888889;2,77704307258916;0,246848273119037;2016-11-20;2016-11-01
"5cc17bf4a2c3615169989b41";"kelleher";7;0,0311111111111111;7,66739220081091;0,238541090691895;2016-11-20;2016-11-01
"5cc17c79a2c3615169989b61";"alto";10;0,0303030303030303;7,66739220081091;0,232345218206391;2016-11-28;2016-11-01
"5cc17c7aa2c3615169989b62";"lyon";10;0,0301204819277108;7,66739220081091;0,230945548217196;2016-11-28;2016-11-01
"5cc1777fa2c3615169989a1e";"reindeer";10;0,0578034682080925;5,26949692801254;0,304595198151014;2016-12-12;2016-12-01
"5cc17674a2c36151699899e7";"tennessee";8;0,0540540540540541;5,58795065913108;0,302051386980058;2016-12-02;2016-12-01
"5cc1777ca2c3615169989a1d";"wood";9;0,0769230769230769;3,68771054690895;0,28367004206992;2016-12-11;2016-12-01
"5cc17874a2c3615169989a55";"reindeer";13;0,0537190082644628;5,26949692801254;0,283072149025467;2016-12-27;2016-12-01
"5cc177f5a2c3615169989a34";"basu";15;0,0334821428571429;8,36053938137086;0,279928773929828;2016-12-15;2016-12-01
"5cc1774ea2c3615169989a17";"ecb";10;0,0316455696202532;8,36053938137086;0,26457403105604;2016-12-09;2016-12-01
"5cc17820a2c3615169989a43";"bears";15;0,0649350649350649;3,65100918005853;0,237078518185619;2016-12-20;2016-12-01
"5cc17704a2c3615169989a08";"palm";39;0,0558739255014327;4,20165629801119;0,234763030977703;2016-12-07;2016-12-01
"5cc17856a2c3615169989a4e";"sellers";10;0,032258064516129;7,26192709270275;0,234255712667831;2016-12-24;2016-12-01
"5cc176eca2c36151699899fd";"planting";17;0,0590277777777778;3,66005901557844;0,216045150225117;2016-12-06;2016-12-01
"5cc175e1a2c36151699899c6";"kiribati";34;0,0440414507772021;4,77702044291475;0,210386910698318;2016-12-20;2016-12-01
"5cc17807a2c3615169989a39";"centrica";9;0,0266272189349112;7,66739220081091;0,204161330790823;2016-12-16;2016-12-01
"5cc17869a2c3615169989a51";"krebs";9;0,0323741007194245;6,16331480403464;0,199531774231337;2016-12-26;2016-12-01
"5cc177a9a2c3615169989a23";"methane";17;0,0613718411552347;3,02782058810549;0,185822924179759;2016-12-12;2016-12-01
"5cc175eaa2c36151699899c9";"soot";22;0,0341085271317829;5,36480710781687;0,182985668793754;2016-12-21;2016-12-01
"5cc173dca2c3615169989967";"dory";13;0,0431893687707641;7,66739220081091;0,331149829270903;2017-01-30;2017-01-01
"5cc172d1a2c3615169989924";"zinke";6;0,0447761194029851;5,65248918026865;0,25309653045979;2017-01-18;2017-01-01
"5cc173c1a2c361516998995d";"badlands";6;0,0326086956521739;7,26192709270275;0,23680197041422;2017-01-25;2017-01-01
"5cc173c7a2c361516998995f";"clearing";12;0,0568720379146919;4,02980604108453;0,229183281957414;2017-01-26;2017-01-01
"5cc178cca2c3615169989a6c";"ice";47;0,120204603580563;1,88049481944421;0,226044134306593;2017-01-08;2017-01-01
"5cc172aca2c3615169989923";"majic";9;0,0253521126760563;8,36053938137086;0,21195733642912;2017-01-17;2017-01-01
"5cc173b8a2c361516998995b";"erm";6;0,0292682926829268;6,97424502025097;0,20412424449515;2017-01-25;2017-01-01
"5cc178b5a2c3615169989a62";"losses";9;0,0671641791044776;3,03752940223245;0,204013168806657;2017-01-04;2017-01-01
"5cc1728ca2c3615169989917";"koalas";9;0,0267857142857143;7,26192709270275;0,194515904268824;2017-01-16;2017-01-01
"5cc17286a2c3615169989914";"ladybird";8;0,0285714285714286;6,75110146893676;0,192888613398193;2017-01-15;2017-01-01
"5cc172daa2c3615169989927";"sark";11;0,0225409836065574;8,36053938137086;0,188454781137458;2017-01-18;2017-01-01
"5cc1728ca2c3615169989917";"koala";9;0,0267857142857143;6,75110146893676;0,180833075060806;2017-01-16;2017-01-01
"5cc178cca2c3615169989a6c";"multi";17;0,0434782608695652;4,02980604108453;0,175208958308023;2017-01-08;2017-01-01
"5cc173e7a2c361516998996c";"loan";7;0,0366492146596859;4,69697773524121;0,17214054527062;2017-01-30;2017-01-01
"5cc17375a2c3615169989952";"ret";11;0,0338461538461538;5,06470251536653;0,171420700520098;2017-01-22;2017-01-01
"5cc1745fa2c361516998997f";"wasp";5;0,05;7,66739220081091;0,383369610040546;2017-02-06;2017-02-01
"5cc1745fa2c361516998997f";"wasps";4;0,04;6,75110146893676;0,27004405875747;2017-02-06;2017-02-01
"5cc174dca2c3615169989999";"oxygen";21;0,0564516129032258;3,95382013410661;0,223199523699567;2017-02-20;2017-02-01
"5cc17524a2c36151699899a2";"humphries";6;0,0265486725663717;8,36053938137086;0,221961222514271;2017-02-21;2017-02-01
"5cc17567a2c36151699899b2";"anxiety";21;0,0508474576271186;4,23340499632577;0,215257881169107;2017-02-24;2017-02-01
"5cc17422a2c3615169989975";"teabags";9;0,0252808988764045;8,36053938137086;0,211361950652634;2017-02-02;2017-02-01
"5cc1755da2c36151699899ae";"nest";12;0,0404040404040404;5,22504516544171;0,211112935977443;2017-02-24;2017-02-01
"5cc17526a2c36151699899a3";"inglis";10;0,029940119760479;6,56877991214281;0,196670057249785;2017-02-22;2017-02-01
"5cc174e5a2c361516998999d";"mild";5;0,0420168067226891;4,24966551719755;0,178557374672166;2017-02-20;2017-02-01
"5cc1742ba2c3615169989979";"lövin";7;0,0240549828178694;7,26192709270275;0,174685531439585;2017-02-04;2017-02-01
"5cc17464a2c3615169989981";"bernardi";17;0,0315985130111524;5,4701676234747;0,17284916282355;2017-02-07;2017-02-01
"5cc17521a2c36151699899a1";"happer";18;0,0315789473684211;5,4701676234747;0,172742135478148;2017-02-21;2017-02-01
"5cc17422a2c3615169989975";"wetlands";14;0,0393258426966292;4,35320619613839;0,17119350209533;2017-02-02;2017-02-01
"5cc17417a2c3615169989970";"imielska";5;0,02;8,36053938137086;0,167210787627417;2017-02-01;2017-02-01
"5cc17540a2c36151699899aa";"sweetman";8;0,0197044334975369;8,36053938137086;0,164739692243761;2017-02-23;2017-02-01
"5cc16eefa2c3615169989841";"captain";16;0,0599250936329588;5,02833487119566;0,301323437974272;2017-03-22;2017-03-01
"5cc16ee8a2c361516998983e";"brightening";4;0,0388349514563107;7,26192709270275;0,282016586124379;2017-03-21;2017-03-01
"5cc16ea4a2c361516998982d";"www.epa.gov";13;0,0286343612334802;8,36053938137086;0,23939870475291;2017-03-15;2017-03-01
"5cc16e8aa2c3615169989821";"hamilton";17;0,0430379746835443;5,36480710781687;0,230890432488321;2017-03-10;2017-03-01
"5cc16e40a2c3615169989816";"tits";6;0,0350877192982456;6,56877991214281;0,230483505689221;2017-03-08;2017-03-01
"5cc16e95a2c3615169989826";"mangroves";21;0,042;5,14166355650266;0,215949869373112;2017-03-13;2017-03-01
"5cc16e95a2c3615169989826";"dieback";17;0,034;6,28109783969103;0,213557326549495;2017-03-13;2017-03-01
"5cc16ee8a2c361516998983e";"dimming";3;0,029126213592233;6,97424502025097;0,203133350104397;2017-03-21;2017-03-01
"5cc16e4aa2c361516998981a";"wootton";5;0,0241545893719807;8,36053938137086;0,201945395685286;2017-03-08;2017-03-01
"5cc16e37a2c3615169989812";"mueller";13;0,0315533980582524;6,28109783969103;0,1981899803786;2017-03-07;2017-03-01
"5cc16e9ea2c3615169989829";"exxon";8;0,051948051948052;3,7454188645296;0,194567213741797;2017-03-14;2017-03-01
"5cc16e9fa2c361516998982a";"bioluminescent";1;0,0217391304347826;8,36053938137086;0,181750856116758;2017-03-15;2017-03-01
"5cc16e9fa2c361516998982a";"sparkle";1;0,0217391304347826;8,36053938137086;0,181750856116758;2017-03-15;2017-03-01
"5cc16e40a2c3615169989816";"tit";5;0,0292397660818713;6,05795428837681;0,177133166326807;2017-03-08;2017-03-01
"5cc16f19a2c3615169989844";"synlight";3;0,0208333333333333;8,36053938137086;0,17417790377856;2017-03-23;2017-03-01
"5cc16fe7a2c361516998987b";"violets";13;0,0802469135802469;7,66739220081091;0,615284559324333;2017-04-05;2017-04-01
"5cc170a4a2c36151699898a1";"derwin";18;0,0485175202156334;8,36053938137086;0,40563263844926;2017-04-19;2017-04-01
"5cc17063a2c3615169989892";"chaff";7;0,04375;7,26192709270275;0,317709310305745;2017-04-13;2017-04-01
"5cc17063a2c3615169989892";"chiff";6;0,0375;8,36053938137086;0,313520226801407;2017-04-13;2017-04-01
"5cc17065a2c3615169989893";"de";79;0,0834213305174234;3,21304490455741;0,268036480950407;2017-04-13;2017-04-01
"5cc16fd0a2c3615169989871";"ama";16;0,0381861575178998;6,97424502025097;0,266319618911732;2017-04-02;2017-04-01
"5cc1702ea2c3615169989888";"ammonia";5;0,0413223140495868;6,28109783969103;0,259549497507894;2017-04-09;2017-04-01
"5cc170c4a2c36151699898b0";"slag";13;0,0385756676557863;6,56877991214281;0,253395070794826;2017-04-23;2017-04-01
"5cc17019a2c361516998987e";"icebergs";10;0,045662100456621;5,02833487119566;0,229604332018067;2017-04-06;2017-04-01
"5cc1705ea2c3615169989890";"roof";24;0,051948051948052;4,17088463934444;0,216669331913997;2017-04-13;2017-04-01
"5cc170caa2c36151699898b3";"chamber";22;0,0477223427331887;4,18615211147522;0,199772985797082;2017-04-24;2017-04-01
"5cc17021a2c3615169989881";"insurance";20;0,0584795321637427;3,39769475111095;0,198695599480173;2017-04-07;2017-04-01
"5cc170c4a2c36151699898b0";"renforth";8;0,0237388724035608;8,36053938137086;0,198469777599308;2017-04-23;2017-04-01
"5cc170fba2c36151699898b7";"asset";16;0,048048048048048;4,07007994022247;0,195559396527206;2017-04-25;2017-04-01
"5cc16fd0a2c3615169989871";"gannon";10;0,0238663484486874;7,66739220081091;0,182992653957301;2017-04-02;2017-04-01
"5cc16d10a2c36151699897c2";"vault";11;0,0482456140350877;6,16331480403464;0,297352907212198;2017-05-19;2017-05-01
"5cc17156a2c36151699898cf";"westpac";12;0,038961038961039;6,16331480403464;0,240129148209142;2017-05-03;2017-05-01
"5cc171afa2c36151699898e4";"dawood";13;0,0281385281385281;8,36053938137086;0,235253272635977;2017-05-07;2017-05-01
"5cc1719aa2c36151699898de";"meat";21;0,0646153846153846;3,4047123237696;0,219996796305113;2017-05-05;2017-05-01
"5cc171e5a2c36151699898f4";"glaciers";20;0,0657894736842105;3,28536556613703;0,216142471456384;2017-05-11;2017-05-01
"5cc1716aa2c36151699898d7";"ringlet";4;0,0294117647058824;7,26192709270275;0,213586090961846;2017-05-04;2017-05-01
"5cc16d4ea2c36151699897d2";"bleaching";8;0,062015503875969;3,16758253048065;0,196439226696474;2017-05-29;2017-05-01
"5cc16d60a2c36151699897db";"guterres";12;0,0378548895899054;5,06470251536653;0,191723754524916;2017-05-30;2017-05-01
"5cc1716aa2c36151699898d7";"mountain";7;0,0514705882352941;3,50850911745124;0,180585028104108;2017-05-04;2017-05-01
"5cc171e5a2c36151699898f4";"farge";6;0,0197368421052632;8,36053938137086;0,165010645684951;2017-05-11;2017-05-01
"5cc171bfa2c36151699898e8";"inoculation";10;0,0234741784037559;6,56877991214281;0,154196711552648;2017-05-08;2017-05-01
"5cc171bfa2c36151699898e8";"misinformation";16;0,0375586854460094;4,09785950432954;0,153910216125053;2017-05-08;2017-05-01
"5cc1714ba2c36151699898ca";"ri";8;0,0217391304347826;6,97424502025097;0,151614022179369;2017-05-01;2017-05-01
"5cc17219a2c36151699898ff";"stephens";12;0,025;6,05795428837681;0,15144885720942;2017-05-16;2017-05-01
"5cc16d50a2c36151699897d3";"water";24;0,119402985074627;1,26133763781777;0,15060747914242;2017-05-29;2017-05-01
"5cc16899a2c36151699896c2";"vault";17;0,0553745928338762;6,16331480403464;0,34129104778042;2017-06-13;2017-06-01
"5cc1677ba2c3615169989679";"ozone";19;0,0678571428571429;4,30009637082444;0,291792253734516;2017-06-27;2017-06-01
"5cc167bba2c3615169989684";"pittsburgh";20;0,0574712643678161;5,02833487119566;0,288984762712394;2017-06-02;2017-06-01
"5cc1688ea2c36151699896be";"de";101;0,085593220338983;3,21304490455741;0,275014860474829;2017-06-12;2017-06-01
"5cc1691ea2c36151699896d8";"coffee";25;0,0589622641509434;4,33518769063571;0,255612481759181;2017-06-19;2017-06-01
"5cc1688ea2c36151699896be";"agua";39;0,0330508474576271;6,75110146893676;0,223129624820791;2017-06-12;2017-06-01
"5cc168c7a2c36151699896c9";"nord";9;0,0289389067524116;7,66739220081091;0,221885947933435;2017-06-14;2017-06-01
"5cc16809a2c361516998969e";"rank";8;0,0425531914893617;5,02833487119566;0,213971696646624;2017-06-05;2017-06-01
"5cc167daa2c3615169989693";"haley";5;0,0289017341040462;7,26192709270275;0,209882285916264;2017-06-03;2017-06-01
"5cc16810a2c36151699896a1";"missouri";11;0,0340557275541796;5,79559002390932;0,197373034869977;2017-06-06;2017-06-01
"5cc16899a2c36151699896c2";"tunnel";11;0,0358306188925081;5,41610040220442;0,194062229394947;2017-06-13;2017-06-01
"5cc169b6a2c36151699896fc";"car’s";4;0,031496062992126;6,05795428837681;0,190801709870136;2017-06-29;2017-06-01
"5cc167d8a2c3615169989692";"mattis";8;0,0306513409961686;6,16331480403464;0,1889138637252;2017-06-03;2017-06-01
"5cc16dcaa2c36151699897f9";"luckman";5;0,0252525252525253;7,26192709270275;0,183381997290474;2017-06-02;2017-06-01
"5cc16da9a2c36151699897f4";"pittsburgh";10;0,0344827586206897;5,02833487119566;0,173390857627436;2017-06-01;2017-06-01
"5cc16b13a2c3615169989753";"capercaillie";12;0,0413793103448276;8,36053938137086;0,345953353711898;2017-07-25;2017-07-01
"5cc16b1aa2c3615169989756";"yarsha";9;0,0410958904109589;8,36053938137086;0,343583810193323;2017-07-26;2017-07-01
"5cc16b11a2c3615169989752";"nye";24;0,0517241379310345;6,16331480403464;0,318792145036275;2017-07-25;2017-07-01
"5cc16a0da2c3615169989712";"cemex";7;0,035;8,36053938137086;0,29261887834798;2017-07-06;2017-07-01
"5cc16b45a2c3615169989761";"peatlands";43;0,0484234234234234;5,26949692801254;0,25516708097358;2017-07-28;2017-07-01
"5cc16b1aa2c3615169989756";"fungus";10;0,045662100456621;5,4701676234747;0,249779343537657;2017-07-26;2017-07-01
"5cc16a91a2c3615169989733";"biofuels";17;0,0481586402266289;4,62286976308749;0,222631121735092;2017-07-13;2017-07-01
"5cc16a13a2c3615169989715";"mofs";12;0,0258064516129032;8,36053938137086;0,215755855003119;2017-07-07;2017-07-01
"5cc16a68a2c3615169989729";"iceberg";25;0,0466417910447761;4,48933837046297;0,20939078220443;2017-07-12;2017-07-01
"5cc16adda2c361516998974b";"aboriginal";10;0,0347222222222222;5,4701676234747;0,189936375815094;2017-07-22;2017-07-01
"5cc16a1ba2c3615169989719";"mpa";10;0,0246913580246914;7,66739220081091;0,189318325945948;2017-07-08;2017-07-01
"5cc16ac8a2c3615169989741";"diesel";8;0,0555555555555556;3,2791350163864;0,182174167577022;2017-07-19;2017-07-01
"5cc16a13a2c3615169989715";"mof";10;0,021505376344086;8,36053938137086;0,179796545835933;2017-07-07;2017-07-01
"5cc16a68a2c3615169989729";"larsen";17;0,0317164179104478;5,4701676234747;0,173494122386324;2017-07-12;2017-07-01
"5cc169f6a2c361516998970c";"cca";8;0,0283687943262411;6,05795428837681;0,171856859244732;2017-07-05;2017-07-01
"5cc16b98a2c361516998976f";"clovis";15;0,0672645739910314;6,56877991214281;0,44184618243113;2017-08-02;2017-08-01
"5cc16c5ca2c361516998979d";"brum";9;0,0445544554455446;7,26192709270275;0,323551207100618;2017-08-23;2017-08-01
"5cc1676fa2c3615169989673";"tibet";23;0,0482180293501048;6,28109783969103;0,302862159985102;2017-08-07;2017-08-01
"5cc16c6aa2c36151699897a3";"nickel";23;0,0501089324618736;5,96264410857249;0,298781730930648;2017-08-24;2017-08-01
"5cc16c1fa2c3615169989794";"spruce";5;0,043859649122807;6,56877991214281;0,288104382111527;2017-08-17;2017-08-01
"5cc16b86a2c361516998976c";"herons";6;0,0357142857142857;7,26192709270275;0,259354539025098;2017-08-02;2017-08-01
"5cc16c1fa2c3615169989794";"swiss";6;0,0526315789473684;4,86403181990438;0,25600167473181;2017-08-17;2017-08-01
"5cc163dca2c36151699895b0";"edmondson";10;0,0304878048780488;8,36053938137086;0,254894493334477;2017-08-29;2017-08-01
"5cc16be6a2c3615169989789";"volcanoes";14;0,0444444444444444;5,14166355650266;0,228518380289007;2017-08-12;2017-08-01
"5cc16b84a2c361516998976b";"shelf";16;0,0479041916167665;4,48933837046297;0,21505812553116;2017-08-02;2017-08-01
"5cc16bc8a2c361516998977e";"indigenous";55;0,0654761904761905;3,14018355629254;0,205607256662011;2017-08-09;2017-08-01
"5cc16baea2c3615169989779";"algae";7;0,0479452054794521;4,14103167619475;0,198542614612077;2017-08-08;2017-08-01
"5cc16b86a2c361516998976c";"heron";5;0,0297619047619048;6,56877991214281;0,195499402147107;2017-08-02;2017-08-01
"5cc16bc8a2c361516998977e";"peoples";41;0,0488095238095238;3,84967987485401;0,187901041510731;2017-08-09;2017-08-01
"5cc16b84a2c361516998976b";"hogg";8;0,0239520958083832;7,66739220081091;0,183650112594273;2017-08-02;2017-08-01
"5cc16424a2c36151699895c1";"parasites";16;0,0704845814977974;6,75110146893676;0,475848561687173;2017-09-06;2017-09-01
"5cc164efa2c36151699895fa";"lightning";9;0,0714285714285714;4,95934199970871;0,354238714264907;2017-09-19;2017-09-01
"5cc1651fa2c3615169989606";"hufkens";13;0,0366197183098592;8,36053938137086;0,306160597064285;2017-09-22;2017-09-01
"5cc164fda2c36151699895fe";"nq";1;0,0384615384615385;7,66739220081091;0,294899700031189;2017-09-20;2017-09-01
"5cc1655aa2c3615169989611";"butterflies";13;0,0616113744075829;4,64696731466655;0,286306043083721;2017-09-25;2017-09-01
"5cc1644ca2c36151699895d4";"peat";9;0,0576923076923077;4,95934199970871;0,286115884598579;2017-09-10;2017-09-01
"5cc1652ca2c361516998960b";"varieties";19;0,0489690721649485;5,10244284334938;0,2498618918135;2017-09-24;2017-09-01
"5cc164fda2c36151699895fe";"perish";1;0,0384615384615385;6,41462923231555;0,246716508935213;2017-09-20;2017-09-01
"5cc164fda2c36151699895fe";"macdonald";1;0,0384615384615385;6,05795428837681;0,232998241860647;2017-09-20;2017-09-01
"5cc16421a2c36151699895bf";"nq";1;0,0303030303030303;7,66739220081091;0,232345218206391;2017-09-06;2017-09-01
"5cc164fda2c36151699895fe";"dorset";1;0,0384615384615385;5,79559002390932;0,222907308611897;2017-09-20;2017-09-01
"5cc164fda2c36151699895fe";"jo";1;0,0384615384615385;5,41610040220442;0,208311553930939;2017-09-20;2017-09-01
"5cc16446a2c36151699895d1";"rapa";6;0,0227272727272727;8,36053938137086;0,19001225866752;2017-09-09;2017-09-01
"5cc16414a2c36151699895bd";"angling";3;0,0265486725663717;6,97424502025097;0,185156947440291;2017-09-05;2017-09-01
"5cc164fda2c36151699895fe";"surviving";1;0,0384615384615385;4,80519131988145;0,184815050764671;2017-09-20;2017-09-01
"5cc166d3a2c361516998966c";"wine";19;0,060126582278481;4,95934199970871;0,298188284792612;2017-10-24;2017-10-01
"5cc166f8a2c361516998966e";"lagarde";6;0,0434782608695652;6,56877991214281;0,285599126614905;2017-10-25;2017-10-01
"5cc165f4a2c3615169989633";"butterfly";7;0,0555555555555556;5,02833487119566;0,279351937288648;2017-10-05;2017-10-01
"5cc166bca2c3615169989661";"norman";11;0,035031847133758;5,65248918026865;0,198017136888392;2017-10-20;2017-10-01
"5cc165eaa2c361516998962f";"clearing";21;0,0467706013363029;4,02980604108453;0,18847645181019;2017-10-05;2017-10-01
"5cc166b0a2c361516998965c";"cli";10;0,0278551532033426;6,75110146893676;0,188052965708545;2017-10-18;2017-10-01
"5cc165c4a2c3615169989629";"assisi";4;0,021978021978022;8,36053938137086;0,183748118271887;2017-10-03;2017-10-01
"5cc166c5a2c3615169989665";"acidification";16;0,0459770114942529;3,97851274669698;0,182920126284919;2017-10-23;2017-10-01
"5cc1664ba2c361516998964c";"anemones";6;0,0269058295964126;6,75110146893676;0,181643985711303;2017-10-12;2017-10-01
"5cc16679a2c3615169989651";"electric";19;0,0708955223880597;2,54640884954579;0,180528985602127;2017-10-13;2017-10-01
"5cc165d5a2c361516998962d";"september";13;0,0680628272251309;2,56448163060549;0,174545870145923;2017-10-05;2017-10-01
"5cc166b3a2c361516998965d";"bible";12;0,03;5,58795065913108;0,167638519773932;2017-10-19;2017-10-01
"5cc166f6a2c361516998966d";"zealand";23;0,0425925925925926;3,70657903121334;0,157872810588716;2017-10-25;2017-10-01
"5cc166b0a2c361516998965c";"fi";10;0,0278551532033426;5,58795065913108;0,155653221702816;2017-10-18;2017-10-01
"5cc07339a2c3613145ed8a8b";"freeze";13;0,0369318181818182;4,14103167619475;0,152935828950374;2017-10-28;2017-10-01
"5cc0853ba2c3613145ed9088";"truffle";13;0,0673575129533679;7,66739220081091;0,516456469484673;2017-11-06;2017-11-01
"5cc085b6a2c3613145ed90ac";"rwe";12;0,0425531914893617;6,56877991214281;0,279522549452885;2017-11-14;2017-11-01
"5cc085b9a2c3613145ed90ae";"tailings";17;0,0361702127659574;7,26192709270275;0,262665448033929;2017-11-14;2017-11-01
"5cc08581a2c3613145ed909f";"ofgem";5;0,0292397660818713;8,36053938137086;0,244460215829557;2017-11-10;2017-11-01
"5cc080d1a2c3613145ed8f47";"paine";3;0,0280373831775701;8,36053938137086;0,23440764620666;2017-11-29;2017-11-01
"5cc085e9a2c3613145ed90b5";"swidden";8;0,026578073089701;8,36053938137086;0,222207026747398;2017-11-15;2017-11-01
"5cc085bfa2c3613145ed90b0";"arts";12;0,047808764940239;4,55387689160054;0,217715229877317;2017-11-14;2017-11-01
"5cc080d2a2c3613145ed8f48";"summerhayes";9;0,0309278350515464;6,05795428837681;0,187359410980726;2017-11-29;2017-11-01
"5cc080cda2c3613145ed8f45";"reefs";21;0,0589887640449438;3,15653269429407;0,186199962303863;2017-11-28;2017-11-01
"5cc080d1a2c3613145ed8f47";"chile’s";3;0,0280373831775701;6,56877991214281;0,184171399405873;2017-11-29;2017-11-01
"5cc0857aa2c3613145ed909b";"mullan";5;0,0220264317180617;8,36053938137086;0,184152849809931;2017-11-10;2017-11-01
"5cc085aaa2c3613145ed90a7";"medibank";5;0,0232558139534884;7,66739220081091;0,178311446530486;2017-11-13;2017-11-01
"5cc080a5a2c3613145ed8f3e";"reef";8;0,0625;2,77704307258916;0,173565192036823;2017-11-26;2017-11-01
"5cc08540a2c3613145ed908a";"bridenstine";15;0,0245901639344262;6,97424502025097;0,171497828366827;2017-11-06;2017-11-01
"5cc080a5a2c3613145ed8f3e";"coral";8;0,0625;2,74376828370429;0,171485517731518;2017-11-26;2017-11-01
"5cc081d6a2c3613145ed8f8c";"reef";25;0,0936329588014981;2,77704307258916;0,260022759605727;2017-12-26;2017-12-01
"5cc08130a2c3613145ed8f62";"meat";23;0,0660919540229885;3,4047123237696;0,225024090364083;2017-12-11;2017-12-01
"5cc081a5a2c3613145ed8f7f";"bhp";15;0,0449101796407186;4,95934199970871;0,222724940106678;2017-12-19;2017-12-01
"5cc081a3a2c3613145ed8f7e";"nss";7;0,0256410256410256;8,36053938137086;0,214372804650535;2017-12-19;2017-12-01
"5cc080eda2c3613145ed8f53";"parkinson";10;0,0305810397553517;6,16331480403464;0,188480575046931;2017-12-05;2017-12-01
"5cc08113a2c3613145ed8f54";"engine";8;0,0484848484848485;3,83875080432182;0,186121251118634;2017-12-06;2017-12-01
"5cc08136a2c3613145ed8f64";"wind";24;0,0926640926640927;1,98721959179385;0,184143900397886;2017-12-11;2017-12-01
"5cc081d6a2c3613145ed8f8c";"barrier";18;0,0674157303370786;2,67356402503104;0,180240271350407;2017-12-26;2017-12-01
"5cc080eba2c3613145ed8f52";"refuge";11;0,0378006872852234;4,69697773524121;0,17754898655551;2017-12-05;2017-12-01
"5cc081b2a2c3613145ed8f86";"narramore";3;0,0206896551724138;8,36053938137086;0,172976676855949;2017-12-22;2017-12-01
"5cc081e4a2c3613145ed8f92";"lingang";8;0,0205128205128205;8,36053938137086;0,171498243720428;2017-12-28;2017-12-01
"5cc08113a2c3613145ed8f54";"bmw";5;0,0303030303030303;5,41610040220442;0,164124254612255;2017-12-06;2017-12-01
"5cc081a5a2c3613145ed8f7f";"mca";9;0,0269461077844311;6,05795428837681;0,163238289207758;2017-12-19;2017-12-01
"5cc0811aa2c3613145ed8f57";"ventura";8;0,0257234726688103;6,28109783969103;0,161571648609415;2017-12-08;2017-12-01
"5cc08113a2c3613145ed8f54";"petrol";7;0,0424242424242424;3,66005901557844;0,155275230963934;2017-12-06;2017-12-01
"5cc08094a2c3613145ed8f35";"microwaves";19;0,0716981132075472;6,97424502025097;0,500040208999126;2018-01-18;2018-01-01
"5cc08276a2c3613145ed8fbe";"bitcoin";21;0,0534351145038168;6,56877991214281;0,351003506755722;2018-01-17;2018-01-01
"5cc082aca2c3613145ed8fc9";"blended";10;0,0335570469798658;6,05795428837681;0,20328705665694;2018-01-23;2018-01-01
"5cc082b0a2c3613145ed8fcb";"midwinter";6;0,032258064516129;6,16331480403464;0,198816606581763;2018-01-24;2018-01-01
"5cc082b2a2c3613145ed8fcc";"glasgow";7;0,0364583333333333;5,06470251536653;0,184650612539405;2018-01-24;2018-01-01
"5cc08269a2c3613145ed8fbc";"ccc";11;0,0387323943661972;4,74962146872664;0,183964211816877;2018-01-17;2018-01-01
"5cc08251a2c3613145ed8faf";"irukandji";4;0,0216216216216216;8,36053938137086;0,180768419056667;2018-01-10;2018-01-01
"5cc082daa2c3613145ed8fd3";"particles";4;0,0416666666666667;4,21740465497933;0,175725193957472;2018-01-29;2018-01-01
"5cc082b5a2c3613145ed8fce";"mercer";18;0,0276923076923077;6,16331480403464;0,170676409957882;2018-01-26;2018-01-01
"5cc08225a2c3613145ed8fa2";"nesting";3;0,0309278350515464;5,4701676234747;0,169180441963135;2018-01-03;2018-01-01
"5cc08277a2c3613145ed8fbf";"tetrodotoxin";9;0,0201793721973094;8,36053938137086;0,168710435946946;2018-01-17;2018-01-01
"5cc08267a2c3613145ed8fbb";"airlines";12;0,0338983050847458;4,86403181990438;0,16488243457303;2018-01-16;2018-01-01
"5cc0822fa2c3613145ed8fa8";"metcalfe";7;0,0212765957446809;7,66739220081091;0,163136004272573;2018-01-05;2018-01-01
"5cc08231a2c3613145ed8fa9";"turtles";9;0,0298013245033113;5,4701676234747;0,163018240434676;2018-01-08;2018-01-01
"5cc0822ba2c3613145ed8fa6";"oxygen";14;0,0402298850574713;3,95382013410661;0,159061729533024;2018-01-04;2018-01-01
"5cc08365a2c3613145ed8ff6";"drones";16;0,0573476702508961;5,87563273158286;0,336953848406186;2018-02-13;2018-02-01
"5cc082f1a2c3613145ed8fde";"pesquet";13;0,0358126721763085;8,36053938137086;0,299413256082152;2018-02-02;2018-02-01
"5cc0833da2c3613145ed8ff1";"glenridding";3;0,0357142857142857;8,36053938137086;0,298590692191816;2018-02-12;2018-02-01
"5cc0836fa2c3613145ed8ffb";"ahn";14;0,0294117647058824;8,36053938137086;0,245898217099143;2018-02-15;2018-02-01
"5cc0838ba2c3613145ed9008";"category";13;0,0631067961165049;3,88320256689265;0,245056472667983;2018-02-22;2018-02-01
"5cc0831fa2c3613145ed8fe3";"ozone";16;0,0522875816993464;4,30009637082444;0,224841640304546;2018-02-06;2018-02-01
"5cc08384a2c3613145ed9005";"seagrasses";3;0,032967032967033;6,56877991214281;0,216553183916796;2018-02-20;2018-02-01
"5cc0836da2c3613145ed8ffa";"ccs";22;0,0463157894736842;4,53189798488177;0,209898432983998;2018-02-16;2018-02-01
"5cc082f3a2c3613145ed8fdf";"eggborough";6;0,0258620689655172;7,66739220081091;0,198294625883041;2018-02-02;2018-02-01
"5cc082fba2c3613145ed8fe2";"boulders";3;0,0319148936170213;6,05795428837681;0,193338966650324;2018-02-05;2018-02-01
"5cc08387a2c3613145ed9006";"graham";19;0,0416666666666667;4,5993392656773;0,191639136069887;2018-02-21;2018-02-01
"5cc0832ea2c3613145ed8fea";"cig";6;0,021978021978022;8,36053938137086;0,183748118271887;2018-02-07;2018-02-01
"5cc0832ba2c3613145ed8fe9";"tourism";15;0,0482315112540193;3,66005901557844;0,176530177600247;2018-02-07;2018-02-01
"5cc08367a2c3613145ed8ff7";"adani";11;0,0441767068273092;3,68771054690895;0,162910907694773;2018-02-14;2018-02-01
"5cc083ada2c3613145ed900c";"fracking";32;0,049079754601227;3,2667891805641;0,160333211316029;2018-02-26;2018-02-01
"5cc08437a2c3613145ed9035";"seagrass";20;0,0604229607250755;5,4701676234747;0,330523723472791;2018-03-20;2018-03-01
"5cc0848fa2c3613145ed9051";"petrol";8;0,0808080808080808;3,66005901557844;0,295762344693208;2018-03-29;2018-03-01
"5cc0848fa2c3613145ed9051";"diesel";8;0,0808080808080808;3,2791350163864;0,264980607384759;2018-03-29;2018-03-01
"5cc083e5a2c3613145ed9017";"wood";6;0,0659340659340659;3,68771054690895;0,243145750345645;2018-03-01;2018-03-01
"5cc08453a2c3613145ed903b";"rfas";9;0,0330882352941176;7,26192709270275;0,240284352332076;2018-03-21;2018-03-01
"5cc0846ea2c3613145ed9049";"hydrogen";8;0,0536912751677852;4,42871374864654;0,237783288517935;2018-03-26;2018-03-01
"5cc08456a2c3613145ed903d";"submarine";4;0,036036036036036;6,56877991214281;0,236712789626768;2018-03-21;2018-03-01
"5cc08456a2c3613145ed903d";"submarines";4;0,036036036036036;6,41462923231555;0,231157810173533;2018-03-21;2018-03-01
"5cc083f5a2c3613145ed9020";"clearing";22;0,0562659846547315;4,02980604108453;0,226741004869206;2018-03-08;2018-03-01
"5cc08456a2c3613145ed903d";"sonar";3;0,027027027027027;7,26192709270275;0,196268299802777;2018-03-21;2018-03-01
"5cc08452a2c3613145ed903a";"hour";5;0,0625;2,9899013532432;0,1868688345777;2018-03-21;2018-03-01
"5cc083fea2c3613145ed9022";"ncc";4;0,0218579234972678;8,36053938137086;0,182744030193899;2018-03-10;2018-03-01
"5cc0848fa2c3613145ed9051";"litre";3;0,0303030303030303;5,96264410857249;0,180686185108257;2018-03-29;2018-03-01
"5cc08416a2c3613145ed9028";"clouds";4;0,043956043956044;4,07007994022247;0,178904612757032;2018-03-12;2018-03-01
"5cc083e8a2c3613145ed9018";"rio";21;0,0392523364485981;4,37155533480659;0,171593760805492;2018-03-02;2018-03-01
"5cc0804da2c3613145ed8f23";"flame";13;0,0610328638497653;5,7214820517556;0,349198435083675;2018-04-25;2018-04-01
"5cc084e9a2c3613145ed906c";"amoc";15;0,0473186119873817;6,97424502025097;0,330011594018185;2018-04-11;2018-04-01
"5cc084d8a2c3613145ed9066";"cement";11;0,0531400966183575;4,31748811353631;0,22943173550193;2018-04-09;2018-04-01
"5cc084cfa2c3613145ed9061";"orchid";8;0,0291970802919708;6,97424502025097;0,203627591832145;2018-04-05;2018-04-01
"5cc08510a2c3613145ed9079";"cooling";13;0,0604651162790698;3,2667891805641;0,197526787662015;2018-04-17;2018-04-01
"5cc0803fa2c3613145ed8f1c";"maputo";10;0,0255754475703325;7,66739220081091;0,196096987233016;2018-04-21;2018-04-01
"5cc08053a2c3613145ed8f27";"hillman";15;0,0276243093922652;6,97424502025097;0,192658702216878;2018-04-26;2018-04-01
"5cc084e5a2c3613145ed906a";"butterflies";10;0,0413223140495868;4,64696731466655;0,192023442754816;2018-04-11;2018-04-01
"5cc084d4a2c3613145ed9063";"pond";8;0,0330578512396694;5,79559002390932;0,191589752856507;2018-04-06;2018-04-01
"5cc084e5a2c3613145ed906a";"butterfly";9;0,0371900826446281;5,02833487119566;0,187004189424632;2018-04-11;2018-04-01
"5cc08087a2c3613145ed8f2c";"bubbles";7;0,0344827586206897;5,36480710781687;0,184993348545409;2018-04-11;2018-04-01
"5cc084cfa2c3613145ed9061";"orchid’s";6;0,0218978102189781;8,36053938137086;0,183077504701552;2018-04-05;2018-04-01
"5cc08517a2c3613145ed907d";"corals";16;0,0471976401179941;3,84967987485401;0,181695805302844;2018-04-18;2018-04-01
"5cc08514a2c3613145ed907b";"mississippi";6;0,0346820809248555;5,18248555102292;0,179739383272471;2018-04-18;2018-04-01
"5cc08047a2c3613145ed8f20";"composite";6;0,0229885057471264;7,66739220081091;0,176261889673814;2018-04-23;2018-04-01
"5cc08047a2c3613145ed8f20";"graphene";6;0,0229885057471264;7,66739220081091;0,176261889673814;2018-04-23;2018-04-01
"5cc07e23a2c3613145ed8e5a";"brooks";2;0,0487804878048781;5,79559002390932;0,282711708483382;2018-05-21;2018-05-01
"5cc07e11a2c3613145ed8e50";"brooks";8;0,0441988950276243;5,79559002390932;0,256158675089915;2018-05-17;2018-05-01
"5cc07e4ca2c3613145ed8e66";"aerosols";5;0,0476190476190476;5,26949692801254;0,250928425143454;2018-05-28;2018-05-01
"5cc07e1aa2c3613145ed8e55";"insects";8;0,062015503875969;3,94169877357426;0,244446435570497;2018-05-20;2018-05-01
"5cc07ddca2c3613145ed8e42";"aluminium";12;0,0446096654275093;5,36480710781687;0,239322250162834;2018-05-10;2018-05-01
"5cc07dcea2c3613145ed8e3b";"föhn";3;0,0309278350515464;7,66739220081091;0,237135841262193;2018-05-04;2018-05-01
"5cc07e52a2c3613145ed8e68";"cricket";22;0,0419047619047619;5,65248918026865;0,236866213268401;2018-05-29;2018-05-01
"5cc07dafa2c3613145ed8e33";"everglades";10;0,0366300366300366;5,7214820517556;0,209578097133905;2018-05-02;2018-05-01
"5cc07dd0a2c3613145ed8e3c";"finlayson";6;0,0247933884297521;8,36053938137086;0,207286100364567;2018-05-07;2018-05-01
"5cc07e23a2c3613145ed8e5a";"hpv";1;0,024390243902439;8,36053938137086;0,203915594667582;2018-05-21;2018-05-01
"5cc07da6a2c3613145ed8e30";"basalt";3;0,0297029702970297;6,56877991214281;0,195112274618103;2018-05-01;2018-05-01
"5cc07e4ca2c3613145ed8e66";"clouds";5;0,0476190476190476;4,07007994022247;0,193813330486784;2018-05-28;2018-05-01
"5cc07e78a2c3613145ed8e70";"sayer";27;0,0225;8,36053938137086;0,188112136080844;2018-05-30;2018-05-01
"5cc07ddca2c3613145ed8e42";"smelting";7;0,0260223048327138;6,97424502025097;0,181485929895007;2018-05-10;2018-05-01
"5cc07e23a2c3613145ed8e5a";"mo";1;0,024390243902439;6,97424502025097;0,170103537079292;2018-05-21;2018-05-01
"5cc07e9fa2c3613145ed8e83";"shrimp";13;0,052;5,87563273158286;0,305532902042309;2018-06-07;2018-06-01
"5cc07e9ea2c3613145ed8e82";"ridd";16;0,0346320346320346;6,97424502025097;0,241532295073627;2018-06-06;2018-06-01
"5cc06f22a2c3613145ed8992";"plastic";27;0,0613636363636364;3,50072697700919;0,214817337225564;2018-06-25;2018-06-01
"5cc06e61a2c3613145ed897c";"moth";10;0,0343642611683849;5,52732603731464;0,189942475509094;2018-06-14;2018-06-01
"5cc06db5a2c3613145ed896b";"aef";15;0,0211864406779661;8,36053938137086;0,177130071639213;2018-06-14;2018-06-01
"5cc06ec8a2c3613145ed8988";"yr";10;0,0212765957446809;7,66739220081091;0,163136004272573;2018-06-18;2018-06-01
"5cc06edea2c3613145ed898d";"fashion";10;0,0353356890459364;4,35320619613839;0,15382354049959;2018-06-22;2018-06-01
"5cc06eaaa2c3613145ed8983";"haig";6;0,0180722891566265;8,36053938137086;0,151094085205497;2018-06-15;2018-06-01
"5cc06e61a2c3613145ed897c";"moths";7;0,0240549828178694;6,16331480403464;0,148258431712174;2018-06-14;2018-06-01
"5cc06dbba2c3613145ed896c";"nuclear";28;0,0525328330206379;2,74741127498279;0,144329297747689;2018-06-08;2018-06-01
"5cc06e55a2c3613145ed8979";"baobab";7;0,0182291666666667;7,66739220081091;0,139770170327282;2018-06-13;2018-06-01
"5cc06ec8a2c3613145ed8988";"mm";10;0,0212765957446809;6,56877991214281;0,139761274726443;2018-06-18;2018-06-01
"5cc06e33a2c3613145ed8972";"hayward";7;0,0163170163170163;8,36053938137086;0,136419057504886;2018-06-11;2018-06-01
"5cc06edea2c3613145ed898d";"clothing";8;0,0282685512367491;4,62286976308749;0,130681830758657;2018-06-22;2018-06-01
"5cc06ef2a2c3613145ed8991";"michaels";12;0,0192926045016077;6,56877991214281;0,126728872903077;2018-06-25;2018-06-01
"5cc0710ca2c3613145ed89dd";"fire";18;0,0694980694980695;2,76955240086;0,192478545233514;2018-07-27;2018-07-01
"5cc0712ba2c3613145ed89e4";"penguins";8;0,032;5,58795065913108;0,178814421092195;2018-07-30;2018-07-01
"5cc07122a2c3613145ed89e2";"fgr";3;0,0208333333333333;8,36053938137086;0,17417790377856;2018-07-30;2018-07-01
"5cc0712ba2c3613145ed89e4";"cochons";5;0,02;8,36053938137086;0,167210787627417;2018-07-30;2018-07-01
"5cc0712ba2c3613145ed89e4";"île";5;0,02;8,36053938137086;0,167210787627417;2018-07-30;2018-07-01
"5cc07122a2c3613145ed89e2";"vegan";5;0,0347222222222222;4,62286976308749;0,160516311218316;2018-07-30;2018-07-01
"5cc070a4a2c3613145ed89cc";"suicides";7;0,0249110320284698;6,41462923231555;0,159795034256971;2018-07-23;2018-07-01
"5cc0712ba2c3613145ed89e4";"aux";5;0,02;7,66739220081091;0,153347844016218;2018-07-30;2018-07-01
"5cc07122a2c3613145ed89e2";"football";5;0,0347222222222222;4,37155533480659;0,151790115791895;2018-07-30;2018-07-01
"5cc06f70a2c3613145ed89a1";"wicked";6;0,0202020202020202;6,97424502025097;0,140893838792949;2018-07-02;2018-07-01
"5cc06fc4a2c3613145ed89a9";"pruitt";17;0,0388127853881279;3,5565183366376;0,138038382928857;2018-07-06;2018-07-01
"5cc0712ba2c3613145ed89e4";"weimerskirch";4;0,016;8,36053938137086;0,133768630101934;2018-07-30;2018-07-01
"5cc07122a2c3613145ed89e2";"club’s";3;0,0208333333333333;6,41462923231555;0,133638109006574;2018-07-30;2018-07-01
"5cc0706ea2c3613145ed89c3";"litres";8;0,026578073089701;4,74962146872664;0,12623578654423;2018-07-17;2018-07-01
"5cc070d2a2c3613145ed89d6";"morano";11;0,0196779964221825;6,41462923231555;0,126227051083132;2018-07-25;2018-07-01
"5cc071baa2c3613145ed8a15";"kmart";10;0,0462962962962963;7,26192709270275;0,336200328365868;2018-08-13;2018-08-01
"5cc07279a2c3613145ed8a4d";"hemp";20;0,0427350427350427;7,66739220081091;0,327666333367988;2018-08-30;2018-08-01
"5cc07153a2c3613145ed89ef";"rosqvist";5;0,0387596899224806;8,36053938137086;0,324051914006623;2018-08-01;2018-08-01
"5cc071a0a2c3613145ed8a0a";"hothouse";5;0,0588235294117647;5,4701676234747;0,321774566086747;2018-08-09;2018-08-01
"5cc07196a2c3613145ed8a05";"manafort";15;0,0408719346049046;6,97424502025097;0,285050886386279;2018-08-08;2018-08-01
"5cc071ada2c3613145ed8a11";"shark";16;0,0444444444444444;5,65248918026865;0,251221741345273;2018-08-12;2018-08-01
"5cc07251a2c3613145ed8a44";"agnew";10;0,0303030303030303;7,66739220081091;0,232345218206391;2018-08-29;2018-08-01
"5cc071aca2c3613145ed8a10";"potatoes";6;0,038961038961039;5,7214820517556;0,222914885133335;2018-08-10;2018-08-01
"5cc07164a2c3613145ed89f5";"butterflies";10;0,0476190476190476;4,64696731466655;0,221284157841264;2018-08-02;2018-08-01
"5cc0724aa2c3613145ed8a41";"finlay";8;0,0262295081967213;8,36053938137086;0,219292836232678;2018-08-27;2018-08-01
"5cc071a9a2c3613145ed8a0f";"lippens";7;0,025830258302583;8,36053938137086;0,215954891769727;2018-08-11;2018-08-01
"5cc0725ca2c3613145ed8a49";"hulot";9;0,0328467153284672;6,56877991214281;0,215762843829508;2018-08-29;2018-08-01
"5cc07167a2c3613145ed89f6";"denialism";80;0,0405885337392187;4,5993392656773;0,186680436963056;2018-08-03;2018-08-01
"5cc071a9a2c3613145ed8a0f";"knokke";6;0,022140221402214;8,36053938137086;0,18510419294548;2018-08-11;2018-08-01
"5cc07242a2c3613145ed8a40";"towns";5;0,0537634408602151;3,41889695876156;0,183811664449546;2018-08-27;2018-08-01
"5cc07f2ea2c3613145ed8eb1";"nuclear";15;0,0802139037433155;2,74741127498279;0,220380583554769;2018-09-26;2018-09-01
"5cc07efda2c3613145ed8ea0";"flannery";11;0,0392857142857143;5,58795065913108;0,219526633037292;2018-09-23;2018-09-01
"5cc0731ca2c3613145ed8a81";"plastic";12;0,0618556701030928;3,50072697700919;0,216539813010878;2018-09-13;2018-09-01
"5cc07f30a2c3613145ed8eb3";"unep";14;0,0385674931129477;5,58795065913108;0,215513248561529;2018-09-27;2018-09-01
"5cc072d7a2c3613145ed8a6e";"beer";10;0,0452488687782805;4,5763497474526;0,207074649206;2018-09-10;2018-09-01
"5cc072e3a2c3613145ed8a72";"guterres";12;0,0383386581469649;5,06470251536653;0,19417389835271;2018-09-11;2018-09-01
"5cc07edda2c3613145ed8e96";"asic";7;0,029045643153527;6,56877991214281;0,190794437282156;2018-09-20;2018-09-01
"5cc072d7a2c3613145ed8a6e";"lambic";5;0,0226244343891403;8,36053938137086;0,189152474691648;2018-09-10;2018-09-01
"5cc07f13a2c3613145ed8ead";"coalswarm";5;0,0246305418719212;7,66739220081091;0,188852024650515;2018-09-26;2018-09-01
"5cc07ef7a2c3613145ed8e9d";"solheim";13;0,032994923857868;5,65248918026865;0,186503450110387;2018-09-21;2018-09-01
"5cc07efea2c3613145ed8ea1";"summary";12;0,0409556313993174;4,35320619613839;0,178288308374269;2018-09-23;2018-09-01
"5cc07299a2c3613145ed8a5b";"rugy";6;0,020979020979021;8,36053938137086;0,17539593107771;2018-09-04;2018-09-01
"5cc07290a2c3613145ed8a58";"co2";7;0,0795454545454545;2,1846721112651;0,17378073612336;2018-09-03;2018-09-01
"5cc07f30a2c3613145ed8eb3";"solheim";11;0,0303030303030303;5,65248918026865;0,171287550917232;2018-09-27;2018-09-01
"5cc07edfa2c3613145ed8e97";"beach";18;0,0430622009569378;3,79619118990302;0,163472347890561;2018-09-20;2018-09-01
"5cc07f7ea2c3613145ed8ece";"medicanes";4;0,043010752688172;8,36053938137086;0,359593091671865;2018-10-05;2018-10-01
"5cc07bd5a2c3613145ed8d80";"lightning";12;0,0576923076923077;4,95934199970871;0,286115884598579;2018-10-30;2018-10-01
"5cc07b32a2c3613145ed8d4b";"beer";20;0,0531914893617021;4,5763497474526;0,243422858907053;2018-10-15;2018-10-01
"5cc07b65a2c3613145ed8d5f";"tong";11;0,037542662116041;6,28109783969103;0,235809133913315;2018-10-19;2018-10-01
"5cc07b71a2c3613145ed8d63";"dishwasher";8;0,0323886639676113;7,26192709270275;0,235204116362842;2018-10-21;2018-10-01
"5cc07bd8a2c3613145ed8d82";"verde";14;0,0320366132723112;6,97424502025097;0,223431190580123;2018-10-30;2018-10-01
"5cc07feca2c3613145ed8efe";"tipping";5;0,0617283950617284;3,50072697700919;0,216094257840073;2018-10-11;2018-10-01
"5cc07b97a2c3613145ed8d69";"uber";11;0,037542662116041;5,65248918026865;0,212209491409403;2018-10-23;2018-10-01
"5cc07bcda2c3613145ed8d7c";"poiner";8;0,0246913580246914;8,36053938137086;0,20643307114496;2018-10-29;2018-10-01
"5cc07b58a2c3613145ed8d58";"tong";7;0,0301724137931034;6,28109783969103;0,189515883094126;2018-10-18;2018-10-01
"5cc07bcda2c3613145ed8d7c";"reef";21;0,0648148148148148;2,77704307258916;0,179993532482631;2018-10-29;2018-10-01
"5cc07f7ea2c3613145ed8ece";"zorba";2;0,021505376344086;8,36053938137086;0,179796545835933;2018-10-05;2018-10-01
"5cc07b6da2c3613145ed8d61";"hawking";3;0,0294117647058824;6,05795428837681;0,17817512612873;2018-10-21;2018-10-01
"5cc07bcca2c3613145ed8d7b";"shelf";10;0,0378787878787879;4,48933837046297;0,17005069585087;2018-10-28;2018-10-01
"5cc07f4ea2c3613145ed8ec1";"meps";5;0,03125;5,36480710781687;0,167650222119277;2018-10-03;2018-10-01
"5cc07c3ca2c3613145ed8da2";"crime";10;0,0694444444444444;4,05647428816669;0,281699603344909;2018-11-13;2018-11-01
"5cc07b22a2c3613145ed8d43";"sargassum";13;0,0342105263157895;7,66739220081091;0,262305522659321;2018-11-16;2018-11-01
"5cc07c1ea2c3613145ed8d9a";"drax";7;0,037037037037037;6,16331480403464;0,22827091866795;2018-11-11;2018-11-01
"5cc07c94a2c3613145ed8dc7";"imo";8;0,0347826086956522;6,41462923231555;0,223117538515323;2018-11-20;2018-11-01
"5cc07c8aa2c3613145ed8dc5";"arts";16;0,0453257790368272;4,55387689160054;0,2064080177496;2018-11-20;2018-11-01
"5cc07d16a2c3613145ed8dfa";"fashion";15;0,0460122699386503;4,35320619613839;0,200300898595325;2018-11-29;2018-11-01
"5cc07c3ba2c3613145ed8da1";"bears";14;0,053639846743295;3,65100918005853;0,195839572876703;2018-11-13;2018-11-01
"5cc07ca7a2c3613145ed8dce";"vanuatu";9;0,0330882352941176;5,79559002390932;0,191765846379353;2018-11-22;2018-11-01
"5cc07ce9a2c3613145ed8dea";"niño";14;0,0585774058577406;3,10304400934308;0,18176826832972;2018-11-27;2018-11-01
"5cc07caba2c3613145ed8dd0";"hydrogen";10;0,0395256916996047;4,42871374864654;0,175047974254804;2018-11-22;2018-11-01
"5cc07c3ba2c3613145ed8da1";"inuit";8;0,0306513409961686;5,58795065913108;0,171278181122792;2018-11-13;2018-11-01
"5cc07d16a2c3613145ed8dfa";"mccartney";8;0,0245398773006135;6,97424502025097;0,171147117061374;2018-11-29;2018-11-01
"5cc07ce9a2c3613145ed8dea";"el";14;0,0585774058577406;2,91380200970455;0,170682962911564;2018-11-27;2018-11-01
"5cc07d26a2c3613145ed8e04";"manafort";4;0,024390243902439;6,97424502025097;0,170103537079292;2018-11-29;2018-11-01
"5cc07cb8a2c3613145ed8dd6";"bears";12;0,0459770114942529;3,65100918005853;0,167862491037174;2018-11-23;2018-11-01
"5cc079c4a2c3613145ed8cb8";"lichens";8;0,0769230769230769;7,26192709270275;0,55860977636175;2018-12-18;2018-12-01
"5cc079dda2c3613145ed8cc3";"rats";25;0,0661375661375661;5,79559002390932;0,383306218512521;2018-12-21;2018-12-01
"5cc079f5a2c3613145ed8cce";"turtles";28;0,0557768924302789;5,4701676234747;0,305108951110142;2018-12-26;2018-12-01
"5cc079f8a2c3613145ed8ccf";"ota";13;0,0364145658263305;8,36053938137086;0,304445411646558;2018-12-27;2018-12-01
"5cc07a00a2c3613145ed8cd4";"castor";7;0,0348258706467662;8,36053938137086;0,291163063032816;2018-12-29;2018-12-01
"5cc07936a2c3613145ed8c7e";"lobsters";19;0,0430839002267574;6,75110146893676;0,290863782108386;2018-12-08;2018-12-01
"5cc079b3a2c3613145ed8cae";"bbc";11;0,0743243243243243;3,8279398882176;0,284509045745903;2018-12-16;2018-12-01
"5cc078f5a2c3613145ed8c5f";"salles";9;0,0339622641509434;8,36053938137086;0,283942846914482;2018-12-10;2018-12-01
"5cc07d31a2c3613145ed8e09";"cannabis";20;0,0396825396825397;6,97424502025097;0,276755754771864;2018-12-01;2018-12-01
"5cc07991a2c3613145ed8c9f";"rinaudo";11;0,0323529411764706;8,36053938137086;0,270488038809057;2018-12-13;2018-12-01
"5cc07936a2c3613145ed8c7e";"lobster";17;0,0385487528344671;5,96264410857249;0,229852493981252;2018-12-08;2018-12-01
"5cc079dda2c3613145ed8cc3";"rat";14;0,037037037037037;5,96264410857249;0,22083867068787;2018-12-21;2018-12-01
"5cc07912a2c3613145ed8c69";"pesutto";4;0,0303030303030303;7,26192709270275;0,220058396748568;2018-12-05;2018-12-01
"5cc079bfa2c3613145ed8cb5";"song";4;0,0459770114942529;4,64696731466655;0,213653669639841;2018-12-17;2018-12-01
"5cc079b8a2c3613145ed8cb1";"blackcurrants";4;0,0254777070063694;8,36053938137086;0,21300737277378;2018-12-17;2018-12-01
"5cc07a27a2c3613145ed8ce5";"ruskin";13;0,0541666666666667;6,75110146893676;0,365684662900741;2019-01-06;2019-01-01
"5cc07aa3a2c3613145ed8d14";"eubank";13;0,0418006430868167;8,36053938137086;0,349475922693959;2019-01-22;2019-01-01
"5cc07a23a2c3613145ed8ce2";"plastic";28;0,0962199312714777;3,50072697700919;0,336839709128032;2019-01-03;2019-01-01
"5cc07a34a2c3613145ed8ce8";"coffee";38;0,0673758865248227;4,33518769063571;0,29208711390808;2019-01-07;2019-01-01
"5cc078e2a2c3613145ed8c54";"waves";7;0,0752688172043011;3,37010679459212;0,253663952281128;2019-01-11;2019-01-01
"5cc07a5aa2c3613145ed8cf8";"lister";10;0,03003003003003;7,26192709270275;0,218075888669752;2019-01-15;2019-01-01
"5cc07ab1a2c3613145ed8d1b";"cleg";2;0,0232558139534884;8,36053938137086;0,194431148403974;2019-01-22;2019-01-01
"5cc07a37a2c3613145ed8ce9";"energiesprong";5;0,0232558139534884;8,36053938137086;0,194431148403974;2019-01-07;2019-01-01
"5cc07aefa2c3613145ed8d34";"amorites";2;0,0227272727272727;8,36053938137086;0,19001225866752;2019-01-28;2019-01-01
"5cc07a62a2c3613145ed8cfa";"nsw";11;0,05;3,73556656808659;0,18677832840433;2019-01-15;2019-01-01
"5cc07a4da2c3613145ed8cf3";"beach";9;0,0491803278688525;3,79619118990302;0,18669792737228;2019-01-14;2019-01-01
"5cc07ae0a2c3613145ed8d2e";"steggall";13;0,0300230946882217;6,05795428837681;0,181878535216856;2019-01-27;2019-01-01
"5cc07a9ca2c3613145ed8d11";"baltic";3;0,0309278350515464;5,79559002390932;0,179245052285855;2019-01-21;2019-01-01
"5cc07adba2c3613145ed8d2c";"river";5;0,0588235294117647;3,01820512940605;0,177541478200356;2019-01-25;2019-01-01
"5cc07adea2c3613145ed8d2d";"steggall";10;0,0271739130434783;6,05795428837681;0,164618323053718;2019-01-27;2019-01-01
"5cc074f2a2c3613145ed8af8";"beech";6;0,0681818181818182;6,41462923231555;0,437361084021515;2019-02-18;2019-02-01
"5cc07834a2c3613145ed8c18";"phytoplankton";14;0,0571428571428571;6,05795428837681;0,346168816478675;2019-02-04;2019-02-01
"5cc0755ba2c3613145ed8b1e";"snow";18;0,0886699507389163;2,9806420278304;0,264293381778065;2019-02-25;2019-02-01
"5cc07881a2c3613145ed8c3d";"freedom";34;0,0665362035225049;3,68771054690895;0,245366259481222;2019-02-07;2019-02-01
"5cc07550a2c3613145ed8b18";"moths";19;0,0396659707724426;6,16331480403464;0,244473864878201;2019-02-24;2019-02-01
"5cc0756ba2c3613145ed8b24";"forecasters";4;0,0412371134020619;5,52732603731464;0,227930970610913;2019-02-25;2019-02-01
"5cc074f2a2c3613145ed8af8";"oaks";3;0,0340909090909091;6,56877991214281;0,22393567882305;2019-02-18;2019-02-01
"5cc07834a2c3613145ed8c18";"hickman";7;0,0285714285714286;7,66739220081091;0,219068348594598;2019-02-04;2019-02-01
"5cc07569a2c3613145ed8b23";"costa";14;0,0434782608695652;4,77702044291475;0,207696540996294;2019-02-25;2019-02-01
"5cc07544a2c3613145ed8b13";"sewage";15;0,0424929178470255;4,74962146872664;0,20182527487507;2019-02-22;2019-02-01
"5cc078a0a2c3613145ed8c43";"holly";10;0,032258064516129;5,96264410857249;0,192343358341048;2019-02-08;2019-02-01
"5cc0750ca2c3613145ed8aff";"inslee";14;0,0297872340425532;6,41462923231555;0,191074062239187;2019-02-20;2019-02-01
"5cc0787da2c3613145ed8c3b";"thwaites";6;0,0288461538461538;6,56877991214281;0,189484035927196;2019-02-06;2019-02-01
"5cc074b0a2c3613145ed8ae3";"kits";5;0,0282485875706215;6,56877991214281;0,185558754580305;2019-02-14;2019-02-01
"5cc0755fa2c3613145ed8b1f";"cement";25;0,0420168067226891;4,31748811353631;0,181407063593963;2019-02-25;2019-02-01
"5cc0761fa2c3613145ed8b54";"adders";8;0,0444444444444444;7,66739220081091;0,340772986702707;2019-03-06;2019-03-01
"5cc0761fa2c3613145ed8b54";"adder";6;0,0333333333333333;8,36053938137086;0,278684646045695;2019-03-06;2019-03-01
"5cc0772ea2c3613145ed8bac";"hydrogen";19;0,0622950819672131;4,42871374864654;0,27588708598126;2019-03-19;2019-03-01
"5cc07615a2c3613145ed8b50";"olive";16;0,0446927374301676;5,96264410857249;0,266486887533966;2019-03-05;2019-03-01
"5cc077aaa2c3613145ed8bd9";"mosquitoes";8;0,0470588235294118;5,26949692801254;0,24797632602412;2019-03-28;2019-03-01
"5cc0761ca2c3613145ed8b53";"bjornerud";2;0,0266666666666667;8,36053938137086;0,222947716836556;2019-03-05;2019-03-01
"5cc0761ca2c3613145ed8b53";"timefulness";2;0,0266666666666667;8,36053938137086;0,222947716836556;2019-03-05;2019-03-01
"5cc077c9a2c3613145ed8be2";"lights";10;0,0561797752808989;3,83875080432182;0,21566015754617;2019-03-30;2019-03-01
"5cc07749a2c3613145ed8bb2";"weatherill";8;0,0363636363636364;5,65248918026865;0,205545061100678;2019-03-19;2019-03-01
"5cc07614a2c3613145ed8b4f";"carryover";10;0,0350877192982456;5,58795065913108;0,196068444180038;2019-03-04;2019-03-01
"5cc0775aa2c3613145ed8bbb";"festival";16;0,0418848167539267;4,62286976308749;0,193628052904188;2019-03-21;2019-03-01
"5cc0768da2c3613145ed8b75";"jlr";5;0,0226244343891403;8,36053938137086;0,189152474691648;2019-03-13;2019-03-01
"5cc07798a2c3613145ed8bd1";"fenzi";3;0,0223880597014925;8,36053938137086;0,18717625480681;2019-03-26;2019-03-01
"5cc07798a2c3613145ed8bd1";"galton";3;0,0223880597014925;8,36053938137086;0,18717625480681;2019-03-26;2019-03-01
"5cc0761aa2c3613145ed8b52";"frogs";13;0,0333333333333333;5,58795065913108;0,186265021971036;2019-03-05;2019-03-01
"5cc07392a2c3613145ed8aa4";"jays";4;0,0444444444444444;8,36053938137086;0,371579528060927;2019-04-12;2019-04-01
"5cc073c4a2c3613145ed8ab4";"mcgrath";15;0,0462962962962963;6,97424502025097;0,322881713900508;2019-04-15;2019-04-01
"5cc07814a2c3613145ed8c0d";"malpass";9;0,0365853658536585;8,36053938137086;0,305873392001373;2019-04-09;2019-04-01
"5cc073d2a2c3613145ed8abd";"leaves";9;0,0927835051546392;3,24855159301432;0,301412003475555;2019-04-16;2019-04-01
"5cc07803a2c3613145ed8c02";"ineos";7;0,0353535353535354;8,36053938137086;0,295574624593919;2019-04-05;2019-04-01
"5cc0739fa2c3613145ed8aaa";"natale";10;0,0480769230769231;5,41610040220442;0,260389442413674;2019-04-14;2019-04-01
"5cc073d2a2c3613145ed8abd";"chloroplasts";3;0,0309278350515464;8,36053938137086;0,258573382928996;2019-04-16;2019-04-01
"5cc077cda2c3613145ed8be5";"bleaching";13;0,0807453416149068;3,16758253048065;0,255767533517071;2019-04-01;2019-04-01
"5cc073c8a2c3613145ed8ab6";"ridd";8;0,0361990950226244;6,97424502025097;0,25246135819913;2019-04-16;2019-04-01
"5cc0739fa2c3613145ed8aaa";"di";10;0,0480769230769231;5,22504516544171;0,25120409449239;2019-04-14;2019-04-01
"5cc073c6a2c3613145ed8ab5";"graves";15;0,037037037037037;6,41462923231555;0,237578860456131;2019-04-16;2019-04-01
"5cc077d3a2c3613145ed8be9";"ryanair";7;0,0296610169491525;7,66739220081091;0,227422650024053;2019-04-01;2019-04-01
"5cc077dea2c3613145ed8bf0";"landslides";4;0,0421052631578947;5,31601694364744;0,223832292364103;2019-04-02;2019-04-01
"5cc04c29a2c36117d7eb0f37";"easter";7;0,0419161676646707;5,18248555102292;0,21722993327641;2019-04-17;2019-04-01
"5cc077cda2c3613145ed8be5";"leggat";4;0,0248447204968944;8,36053938137086;0,207715264133438;2019-04-01;2019-04-01
