date,topic,sum_probability
2017-03-02,1,0.283281177943211
2017-03-02,2,0.06570536047609636
2017-03-02,3,0.007939148384829918
2017-03-02,4,0.004584733293805038
2017-03-02,5,0.0817307903463118
2017-03-02,6,0.06816489887344358
2017-03-02,7,0.3133666029821903
2017-03-02,8,3.354415091024881e-4
2017-03-02,9,0.174556404681907
2017-03-02,10,3.354415091024881e-4
2017-03-03,1,0.03568077126747382
2017-03-03,2,0.2807017239300244
2017-03-03,3,0.03347326574871002
2017-03-03,4,0.06658584853016697
2017-03-03,5,0.26244261704309885
2017-03-03,6,0.011530583026042016
2017-03-03,7,0.18112992378769996
2017-03-03,8,0.002124351397588165
2017-03-03,9,0.003596021743430697
2017-03-03,10,0.12273489352576514
2017-03-04,1,0.5238178633975482
2017-03-04,2,0.001926444833625219
2017-03-04,3,1.7513134851138354e-4
2017-03-04,4,0.35919439579684764
2017-03-04,5,0.001926444833625219
2017-03-04,6,0.11050788091068302
2017-03-04,7,1.7513134851138354e-4
2017-03-04,8,1.7513134851138354e-4
2017-03-04,9,1.7513134851138354e-4
2017-03-04,10,0.001926444833625219
2017-03-05,1,0.009627329192546583
2017-03-05,2,0.32639751552795027
2017-03-05,3,0.27049689440993785
2017-03-05,4,3.1055900621118014e-4
2017-03-05,5,0.24254658385093167
2017-03-05,6,3.1055900621118014e-4
2017-03-05,7,0.14937888198757765
2017-03-05,8,3.1055900621118014e-4
2017-03-05,9,3.1055900621118014e-4
2017-03-05,10,3.1055900621118014e-4
2017-03-06,1,0.15498616045120212
2017-03-06,2,0.020054993952848214
2017-03-06,3,0.007801342144961002
2017-03-06,4,0.1782618133065037
2017-03-06,5,0.15303688039775667
2017-03-06,6,0.18123563924450267
2017-03-06,7,0.1533073444092971
2017-03-06,8,7.609565574899341e-4
2017-03-06,9,0.13860212134416805
2017-03-06,10,0.011952748191270518
2017-03-07,1,0.06590609881701003
2017-03-07,2,0.38867259206371546
2017-03-07,3,0.021288940612895296
2017-03-07,4,0.12468272197277835
2017-03-07,5,0.3170507907079488
2017-03-07,6,3.09919633874315e-4
2017-03-07,7,0.035857705181659864
2017-03-07,8,3.09919633874315e-4
2017-03-07,9,0.013021784040653975
2017-03-07,10,0.03289952733558964
2017-03-08,1,0.012162609984087773
2017-03-08,2,0.05277466995570158
2017-03-08,3,0.12182647553030626
2017-03-08,4,0.11597065951969149
2017-03-08,5,0.22643533447824998
2017-03-08,6,0.0560970065925386
2017-03-08,7,0.22644569966411895
2017-03-08,8,0.03252700734765451
2017-03-08,9,0.0813324353810844
2017-03-08,10,0.07442810154656641
2017-03-09,1,0.028051845743565337
2017-03-09,2,0.22915159627480422
2017-03-09,3,0.021951009184732702
2017-03-09,4,0.012655439104848894
2017-03-09,5,0.2712550354007714
2017-03-09,6,0.09429612956906877
2017-03-09,7,0.04624546377746878
2017-03-09,8,0.11063879199016258
2017-03-09,9,0.10304029494239016
2017-03-09,10,0.08271439401218715
2017-03-10,1,0.124767954382848
2017-03-10,2,0.07458038566514812
2017-03-10,3,0.0959968704069199
2017-03-10,4,0.13454775802614016
2017-03-10,5,0.2243163930928153
2017-03-10,6,0.21104935397093638
2017-03-10,7,0.033493321730422694
2017-03-10,8,0.0033843089428955116
2017-03-10,9,0.02685390481301486
2017-03-10,10,0.071009748968859
2017-03-11,1,0.13408695652173913
2017-03-11,2,0.108
2017-03-11,3,0.028000000000000004
2017-03-11,4,1.7391304347826088e-4
2017-03-11,5,1.7391304347826088e-4
2017-03-11,6,0.03321739130434783
2017-03-11,7,1.7391304347826088e-4
2017-03-11,8,1.7391304347826088e-4
2017-03-11,9,0.6175652173913044
2017-03-11,10,0.07843478260869566
2017-03-12,1,7.246376811594203e-4
2017-03-12,2,0.12391304347826088
2017-03-12,3,0.6891304347826086
2017-03-12,4,7.246376811594203e-4
2017-03-12,5,0.04420289855072464
2017-03-12,6,0.11666666666666668
2017-03-12,7,7.246376811594203e-4
2017-03-12,8,7.246376811594203e-4
2017-03-12,9,0.02246376811594203
2017-03-12,10,7.246376811594203e-4
2017-03-13,1,0.24176863840230176
2017-03-13,2,0.0677058475078277
2017-03-13,3,0.08821866802064822
2017-03-13,4,0.24176863840230176
2017-03-13,5,1.844799864601845e-4
2017-03-13,6,0.17193703985783193
2017-03-13,7,1.844799864601845e-4
2017-03-13,8,0.013004992806973004
2017-03-13,9,0.14683760683760685
2017-03-13,10,0.02838960819158839
2017-03-14,1,0.03154828080952278
2017-03-14,2,0.017465747169530182
2017-03-14,3,0.08501526086465416
2017-03-14,4,0.030133105982499273
2017-03-14,5,0.001048902058894921
2017-03-14,6,0.19984341391550528
2017-03-14,7,0.0823017108991413
2017-03-14,8,0.008900436677024828
2017-03-14,9,0.3397994818515875
2017-03-14,10,0.2039436597716398
2017-03-15,1,0.21511296058754056
2017-03-15,2,0.10079232483017182
2017-03-15,3,0.06191306144546454
2017-03-15,4,0.1130171196304665
2017-03-15,5,0.08150760474864018
2017-03-15,6,0.0968000428942914
2017-03-15,7,0.0076465595560238925
2017-03-15,8,0.08170235974843651
2017-03-15,9,0.1364129147120416
2017-03-15,10,0.10509505184692305
2017-03-16,1,2.405705243930335e-4
2017-03-16,2,0.28411053506951556
2017-03-16,3,0.059002360344435074
2017-03-16,4,0.023678070524393035
2017-03-16,5,0.24929007883283677
2017-03-16,6,0.014496782102261886
2017-03-16,7,0.027319221191446398
2017-03-16,8,0.07907531751145398
2017-03-16,9,0.1699849087606021
2017-03-16,10,0.09280215513866218
2017-03-17,1,0.1712868258493704
2017-03-17,2,0.27634599188661113
2017-03-17,3,0.02459095736570178
2017-03-17,4,0.021111074172969792
2017-03-17,5,0.12365541767286164
2017-03-17,6,0.027458657354708992
2017-03-17,7,0.05207617028896856
2017-03-17,8,0.1511348682460825
2017-03-17,9,0.010249620571412361
2017-03-17,10,0.14209041659131286
2017-03-18,1,1.1248593925759281e-4
2017-03-18,2,0.050731158605174353
2017-03-18,3,1.1248593925759281e-4
2017-03-18,4,0.0012373453318335209
2017-03-18,5,1.1248593925759281e-4
2017-03-18,6,0.2925759280089989
2017-03-18,7,1.1248593925759281e-4
2017-03-18,8,0.0203599550056243
2017-03-18,9,0.3780652418447694
2017-03-18,10,0.25658042744656917
2017-03-19,1,2.5575447570332484e-4
2017-03-19,2,0.2227621483375959
2017-03-19,3,2.5575447570332484e-4
2017-03-19,4,2.5575447570332484e-4
2017-03-19,5,0.002813299232736573
2017-03-19,6,2.5575447570332484e-4
2017-03-19,7,0.43503836317135547
2017-03-19,8,0.01815856777493606
2017-03-19,9,0.13580562659846548
2017-03-19,10,0.18439897698209717
2017-03-20,1,0.14284378651060226
2017-03-20,2,0.06459097504197349
2017-03-20,3,0.04105105321059437
2017-03-20,4,0.021193651016377213
2017-03-20,5,0.1742206046716031
2017-03-20,6,0.03899469813679606
2017-03-20,7,0.03428265625197931
2017-03-20,8,0.22014653059752906
2017-03-20,9,0.1794861606851399
2017-03-20,10,0.08318988387740525
2017-03-21,1,0.3339464871075658
2017-03-21,2,0.09542759372791858
2017-03-21,3,0.0316876772519573
2017-03-21,4,0.10284970453372297
2017-03-21,5,4.763817354846712e-4
2017-03-21,6,0.2255014107594243
2017-03-21,7,0.13312004191392185
2017-03-21,8,0.0035344857110198398
2017-03-21,9,0.025264634259288606
2017-03-21,10,0.04819158299969607
2017-03-22,1,0.32487797504210875
2017-03-22,2,0.025773528499382685
2017-03-22,3,0.023323133680971136
2017-03-22,4,0.07136828405088656
2017-03-22,5,3.1499940523122764e-4
2017-03-22,6,0.09229250546724432
2017-03-22,7,0.08202521318195331
2017-03-22,8,0.006285148658962571
2017-03-22,9,0.13397269247011367
2017-03-22,10,0.23976651954314576
2017-03-23,1,0.036427244787091355
2017-03-23,2,0.18256822892390154
2017-03-23,3,0.10852905555743692
2017-03-23,4,0.08284699183332012
2017-03-23,5,0.2126776296536286
2017-03-23,6,0.1425826608381898
2017-03-23,7,0.13659683835129438
2017-03-23,8,0.010129841513106414
2017-03-23,9,0.007457365861339081
2017-03-23,10,0.08018414268069182
2017-03-24,1,0.1236174080455939
2017-03-24,2,0.04527850910607865
2017-03-24,3,0.13131681414174515
2017-03-24,4,0.16132316717575232
2017-03-24,5,0.10472365184595038
2017-03-24,6,0.25529438896928675
2017-03-24,7,0.05531180937684594
2017-03-24,8,2.334640610335992e-4
2017-03-24,9,0.028509311039170655
2017-03-24,10,0.09439147623854265
2017-03-26,1,0.03655870813951563
2017-03-26,2,0.09393426476187323
2017-03-26,3,0.027445827608468937
2017-03-26,4,0.05080741280272806
2017-03-26,5,0.013068830803357115
2017-03-26,6,0.04433072886490423
2017-03-26,7,0.07696659438163188
2017-03-26,8,2.892780877021636e-4
2017-03-26,9,0.3156355013325829
2017-03-26,10,0.3409628532172358
2017-03-27,1,0.10336541040877403
2017-03-27,2,0.11502467017049071
2017-03-27,3,0.07021564514807425
2017-03-27,4,0.043294911420738255
2017-03-27,5,0.15500541907833307
2017-03-27,6,0.14625480451133333
2017-03-27,7,0.06279578060779767
2017-03-27,8,0.07036730493507858
2017-03-27,9,0.17150649644960775
2017-03-27,10,0.06216955726977236
2017-03-28,1,0.052929699801669124
2017-03-28,2,0.21057689579420813
2017-03-28,3,0.03313833860519948
2017-03-28,4,0.0208864151211915
2017-03-28,5,0.10219665293809195
2017-03-28,6,0.057549967246205556
2017-03-28,7,0.12216828178108907
2017-03-28,8,0.05032150461232669
2017-03-28,9,0.2576270794631724
2017-03-28,10,0.09260516463684611
2017-03-29,1,0.1302719893152154
2017-03-29,2,0.081501015801184
2017-03-29,3,0.03468378578533997
2017-03-29,4,0.10111620263268321
2017-03-29,5,0.10286366810797488
2017-03-29,6,0.1342166172228064
2017-03-29,7,0.07074850810536566
2017-03-29,8,0.09932849600245847
2017-03-29,9,0.13726947646565277
2017-03-29,10,0.10800024056131925
2017-03-30,1,0.04065175876298025
2017-03-30,2,0.05959123041136212
2017-03-30,3,0.003321508667242783
2017-03-30,4,0.14516041614527803
2017-03-30,5,0.018910650950662175
2017-03-30,6,0.07499600379595676
2017-03-30,7,0.20875361080965804
2017-03-30,8,0.03259933425530934
2017-03-30,9,0.1855968284337036
2017-03-30,10,0.23041865776784687
2017-04-01,1,0.007600596125186289
2017-04-01,2,0.09254843517138599
2017-04-01,3,0.6782414307004472
2017-04-01,4,1.4903129657228018e-4
2017-04-01,5,1.4903129657228018e-4
2017-04-01,6,1.4903129657228018e-4
2017-04-01,7,0.09105812220566319
2017-04-01,8,0.004619970193740686
2017-04-01,9,1.4903129657228018e-4
2017-04-01,10,0.12533532041728762
2017-04-02,1,0.03717990386816205
2017-04-02,2,0.1392581826504921
2017-04-02,3,0.036344472419317916
2017-04-02,4,2.1492332341496912e-4
2017-04-02,5,0.4090933852140078
2017-04-02,6,0.0202813000686656
2017-04-02,7,0.06672899977111468
2017-04-02,8,0.009626688029297321
2017-04-02,9,0.055509040970473794
2017-04-02,10,0.22576310368505376
2017-04-03,1,0.0597255045347935
2017-04-03,2,0.48544763807264585
2017-04-03,3,0.007229807460783177
2017-04-03,4,0.11480295720260761
2017-04-03,5,0.006369222262848581
2017-04-03,6,0.1337536675198202
2017-04-03,7,0.08320209037482275
2017-04-03,8,3.451258773064129e-4
2017-04-03,9,3.451258773064129e-4
2017-04-03,10,0.10877886081706545
2017-04-04,1,0.02732917846258394
2017-04-04,2,0.09964056847137676
2017-04-04,3,0.051664240541377894
2017-04-04,4,0.11333394701503981
2017-04-04,5,0.16913675337372072
2017-04-04,6,0.11516148796192181
2017-04-04,7,0.1550594334365291
2017-04-04,8,0.037024114481495556
2017-04-04,9,0.12902857352097208
2017-04-04,10,0.10262170273498238
2017-04-05,1,0.13484382731683425
2017-04-05,2,0.15724376861700476
2017-04-05,3,0.052221553675853835
2017-04-05,4,0.29130379641538956
2017-04-05,5,0.006540058549699808
2017-04-05,6,0.07424347971099553
2017-04-05,7,0.10092575888879295
2017-04-05,8,0.00421024778052437
2017-04-05,9,0.003242121225934298
2017-04-05,10,0.17522538781897068
2017-04-06,1,0.31296881091617934
2017-04-06,2,0.029693957115009745
2017-04-06,3,0.06602923976608187
2017-04-06,4,0.18659454191033137
2017-04-06,5,0.05082456140350877
2017-04-06,6,0.045639376218323584
2017-04-06,7,4.541910331384016e-4
2017-04-06,8,4.541910331384016e-4
2017-04-06,9,0.2772573099415205
2017-04-06,10,0.030083820662768032
2017-04-07,1,0.22503079543506396
2017-04-07,2,0.04727016759809321
2017-04-07,3,0.14145384389841956
2017-04-07,4,0.10381739523740637
2017-04-07,5,0.15065546444322117
2017-04-07,6,0.091805306228123
2017-04-07,7,0.053317321548269334
2017-04-07,8,0.04378694680247598
2017-04-07,9,0.0853256027728642
2017-04-07,10,0.05753715603606318
2017-04-09,1,0.08108757325370705
2017-04-09,2,0.13462835135443757
2017-04-09,3,0.05220592011073491
2017-04-09,4,0.1810526143719832
2017-04-09,5,0.06899847198505497
2017-04-09,6,0.055005411316288076
2017-04-09,7,0.09970173018716616
2017-04-09,8,0.1607639134813577
2017-04-09,9,0.014535739741222251
2017-04-09,10,0.15202027419804812
2017-04-10,1,0.26906307977736554
2017-04-10,2,0.06405380333951763
2017-04-10,3,0.13269944341372913
2017-04-10,4,0.02787569573283859
2017-04-10,5,0.07240259740259741
2017-04-10,6,0.04271799628942487
2017-04-10,7,0.025092764378478665
2017-04-10,8,0.2843692022263451
2017-04-10,9,0.025092764378478665
2017-04-10,10,0.056632653061224496
2017-04-11,1,0.2869266055045872
2017-04-11,2,0.04839449541284403
2017-04-11,3,0.025458715596330277
2017-04-11,4,0.025458715596330277
2017-04-11,5,0.025458715596330277
2017-04-11,6,0.23646788990825687
2017-04-11,7,0.025458715596330277
2017-04-11,8,0.2754587155963303
2017-04-11,9,0.025458715596330277
2017-04-11,10,0.025458715596330277
2017-04-12,1,3.5714285714285714e-4
2017-04-12,2,0.018214285714285714
2017-04-12,3,3.5714285714285714e-4
2017-04-12,4,0.4825
2017-04-12,5,0.07535714285714286
2017-04-12,6,0.11821428571428572
2017-04-12,7,3.5714285714285714e-4
2017-04-12,8,3.5714285714285714e-4
2017-04-12,9,3.5714285714285714e-4
2017-04-12,10,0.3039285714285714
2017-04-13,1,0.16341537309512297
2017-04-13,2,0.10293428724520913
2017-04-13,3,0.054030814033183286
2017-04-13,4,0.11179239078577421
2017-04-13,5,0.003105997479139086
2017-04-13,6,0.041166904743292744
2017-04-13,7,0.04759368679295582
2017-04-13,8,0.22158838339961134
2017-04-13,9,0.12574750691310135
2017-04-13,10,0.12862465551261004
2017-04-14,1,0.3495581342993389
2017-04-14,2,0.03643110046867645
2017-04-14,3,0.009356337365178772
2017-04-14,4,0.022698266511123392
2017-04-14,5,2.263563987638403e-4
2017-04-14,6,0.17656331225312621
2017-04-14,7,0.36726755490063656
2017-04-14,8,2.263563987638403e-4
2017-04-14,9,2.263563987638403e-4
2017-04-14,10,0.03744622500562821
2017-04-15,1,1.788908765652952e-4
2017-04-15,2,0.06457960644007156
2017-04-15,3,0.005545617173524151
2017-04-15,4,1.788908765652952e-4
2017-04-15,5,0.021645796064400716
2017-04-15,6,0.2810375670840787
2017-04-15,7,0.08425760286225403
2017-04-15,8,0.061001788908765654
2017-04-15,9,0.3955277280858676
2017-04-15,10,0.08604651162790698
2017-04-16,1,0.072018348623853215
2017-04-16,2,1.5290519877675843e-4
2017-04-16,3,0.03379204892966361
2017-04-16,4,0.5750764525993884
2017-04-16,5,0.17905198776758408
2017-04-16,6,1.5290519877675843e-4
2017-04-16,7,0.010856269113149847
2017-04-16,8,0.003211009174311927
2017-04-16,9,1.5290519877675843e-4
2017-04-16,10,0.12553516819571864
2017-04-17,1,0.31781662522818255
2017-04-17,2,0.15641084045190518
2017-04-17,3,0.001422784485575977
2017-04-17,4,0.09965970789028461
2017-04-17,5,0.06853687844530752
2017-04-17,6,0.2811854566268171
2017-04-17,7,3.042162529137845e-4
2017-04-17,8,3.042162529137845e-4
2017-04-17,9,0.006747584560688871
2017-04-17,10,0.06761168980541066
2017-04-18,1,0.01313331415288808
2017-04-18,2,0.025817577139875786
2017-04-18,3,0.03136590796834865
2017-04-18,4,0.01313331415288808
2017-04-18,5,0.033274985705052405
2017-04-18,6,0.19057675594241527
2017-04-18,7,0.12812103134431468
2017-04-18,8,0.19298206860128667
2017-04-18,9,0.21253837734545603
2017-04-18,10,0.15905666764747434
2017-04-19,1,0.2614829768144685
2017-04-19,2,0.0013186475893658216
2017-04-19,3,0.11137909052273694
2017-04-19,4,0.0978974831184776
2017-04-19,5,0.00960594040704538
2017-04-19,6,3.9783727629031496e-4
2017-04-19,7,0.14864829768144686
2017-04-19,8,3.9783727629031496e-4
2017-04-19,9,0.2665120177551117
2017-04-19,10,0.1023598715587666
2017-04-20,1,0.19060977262353074
2017-04-20,2,0.013099930103845716
2017-04-20,3,0.0424705794248545
2017-04-20,4,0.013099930103845716
2017-04-20,5,0.09915065474152686
2017-04-20,6,0.0926289156110921
2017-04-20,7,0.04747493010384571
2017-04-20,8,0.2970156125185439
2017-04-20,9,0.022942449788885086
2017-04-20,10,0.18150722498002966
2017-04-21,1,0.4673652694610778
2017-04-21,2,0.10209580838323354
2017-04-21,3,2.994011976047904e-4
2017-04-21,4,0.15
2017-04-21,5,2.994011976047904e-4
2017-04-21,6,0.01526946107784431
2017-04-21,7,0.11407185628742515
2017-04-21,8,2.994011976047904e-4
2017-04-21,9,0.04820359281437126
2017-04-21,10,0.10209580838323354
2017-04-22,1,0.0837993312177449
2017-04-22,2,0.14003672849951487
2017-04-22,3,0.036898941789339015
2017-04-22,4,0.04647839684483902
2017-04-22,5,0.026952885114376695
2017-04-22,6,0.10341253339685573
2017-04-22,7,0.033435670223550186
2017-04-22,8,0.17448003485809854
2017-04-22,9,0.14939027800520094
2017-04-22,10,0.2051152000504801
2017-04-23,1,0.01637393253683556
2017-04-23,2,0.2362804753648873
2017-04-23,3,0.04075676220480026
2017-04-23,4,0.01196164198522746
2017-04-23,5,1.9943171136753416e-4
2017-04-23,6,0.059719525232232236
2017-04-23,7,0.07512637910981217
2017-04-23,8,0.03160359118647556
2017-04-23,9,0.29871515919356617
2017-04-23,10,0.22926310147479573
2017-04-24,1,0.07605648370254867
2017-04-24,2,0.012418573076460483
2017-04-24,3,0.04579151994601952
2017-04-24,4,0.07276661559703308
2017-04-24,5,2.7523370254867424e-4
2017-04-24,6,0.12261542638690454
2017-04-24,7,0.05578554243669343
2017-04-24,8,0.0374454974915175
2017-04-24,9,0.2500591609579302
2017-04-24,10,0.3267859467023439
2017-04-25,1,0.01808694767617096
2017-04-25,2,0.048279430938495974
2017-04-25,3,0.17320335059765604
2017-04-25,4,0.08406381925255561
2017-04-25,5,0.050934634833809424
2017-04-25,6,0.11928325634553795
2017-04-25,7,0.0744929123748928
2017-04-25,8,0.15445496700106368
2017-04-25,9,0.20471229113151154
2017-04-25,10,0.07248838984830601
2017-04-26,1,6.024096385542169e-4
2017-04-26,2,0.21144578313253012
2017-04-26,3,0.7716867469879518
2017-04-26,4,6.024096385542169e-4
2017-04-26,5,6.024096385542169e-4
2017-04-26,6,0.012650602409638554
2017-04-26,7,6.024096385542169e-4
2017-04-26,8,6.024096385542169e-4
2017-04-26,9,6.024096385542169e-4
2017-04-26,10,6.024096385542169e-4
2017-04-27,1,0.0992987773722826
2017-04-27,2,0.14056590644156663
2017-04-27,3,0.0016163427565396408
2017-04-27,4,2.93591433788318e-4
2017-04-27,5,0.12529359143378832
2017-04-27,6,0.1884972599979882
2017-04-27,7,0.05096363686446658
2017-04-27,8,0.011044852762921026
2017-04-27,9,0.3306776404715255
2017-04-27,10,0.0517484004651332
2017-04-28,1,0.2139774253408086
2017-04-28,2,0.02397650885943851
2017-04-28,3,0.0595420089892778
2017-04-28,4,0.07458954984770425
2017-04-28,5,0.14157304031866694
2017-04-28,6,0.029241428819263428
2017-04-28,7,0.05632179790574567
2017-04-28,8,0.042489726911145706
2017-04-28,9,0.20306826388482868
2017-04-28,10,0.1552202491231204
2017-04-29,1,0.06616774277944214
2017-04-29,2,0.1275914160244166
2017-04-29,3,0.0015129625873377137
2017-04-29,4,0.014001449175728426
2017-04-29,5,0.0047341986865678245
2017-04-29,6,0.20755363899906978
2017-04-29,7,0.09026368915617805
2017-04-29,8,0.014314856792506828
2017-04-29,9,0.34856937545629685
2017-04-29,10,0.1252906703424558
2017-05-01,1,0.027233910783133582
2017-05-01,2,0.004183894209800945
2017-05-01,3,2.97883847106645e-4
2017-05-01,4,0.25113963468885747
2017-05-01,5,0.044339334624308724
2017-05-01,6,0.2341039933008845
2017-05-01,7,2.97883847106645e-4
2017-05-01,8,0.10274724795450185
2017-05-01,9,2.97883847106645e-4
2017-05-01,10,0.33535833289719297
2017-05-02,1,0.0477983935961171
2017-05-02,2,0.019321398495015078
2017-05-02,3,0.01779468093776317
2017-05-02,4,0.03314607046806661
2017-05-02,5,0.016776869232928565
2017-05-02,6,0.2774525730533446
2017-05-02,7,0.10278195829145273
2017-05-02,8,0.19972852317694895
2017-05-02,9,0.1610435286553838
2017-05-02,10,0.12415600409297946
2017-05-03,1,0.05126759607074766
2017-05-03,2,0.02210513008178234
2017-05-03,3,0.06593359332531644
2017-05-03,4,0.023581826172480287
2017-05-03,5,0.14805426439939867
2017-05-03,6,0.38433093885532466
2017-05-03,7,0.08230264989230535
2017-05-03,8,0.04291515950581362
2017-05-03,9,0.05717656760921008
2017-05-03,10,0.12233227408762087
2017-05-04,1,0.10792893110233727
2017-05-04,2,0.12188961989958455
2017-05-04,3,0.021398239197546843
2017-05-04,4,0.3176183162049916
2017-05-04,5,3.418553672486643e-4
2017-05-04,6,0.31763527196253416
2017-05-04,7,0.021856279865945447
2017-05-04,8,0.0030840857145978413
2017-05-04,9,0.0031570728341090365
2017-05-04,10,0.0850903278511046
2017-05-05,1,0.07753216861245263
2017-05-05,2,0.12037432366799973
2017-05-05,3,0.09804738773288385
2017-05-05,4,0.1319783119200373
2017-05-05,5,0.0651992812257376
2017-05-05,6,0.15790336495188495
2017-05-05,7,0.03363836836716823
2017-05-05,8,0.16113638820067866
2017-05-05,9,0.02741928285579944
2017-05-05,10,0.1267711224653576
2017-05-06,1,2.6171623749639587e-4
2017-05-06,2,0.21117617051478257
2017-05-06,3,0.043034577594428546
2017-05-06,4,2.6171623749639587e-4
2017-05-06,5,0.023123073169649788
2017-05-06,6,0.029932131212988225
2017-05-06,7,0.44867811120722156
2017-05-06,8,0.13151351830904695
2017-05-06,9,0.11175726927939318
2017-05-06,10,2.6171623749639587e-4
2017-05-07,1,0.04185533835547174
2017-05-07,2,0.0386056991379857
2017-05-07,3,0.07632048265859409
2017-05-07,4,0.06932471908657976
2017-05-07,5,0.043070776856261296
2017-05-07,6,0.04517539882162078
2017-05-07,7,0.17732828679514087
2017-05-07,8,0.11599732287403397
2017-05-07,9,0.0928745160578909
2017-05-07,10,0.29944745935642086
2017-05-08,1,0.09322969243637974
2017-05-08,2,0.012890845156894986
2017-05-08,3,0.021028766599169267
2017-05-08,4,0.010315694916763376
2017-05-08,5,0.11822705698290034
2017-05-08,6,0.2804206422272311
2017-05-08,7,0.17836401790854492
2017-05-08,8,0.05452630354498207
2017-05-08,9,0.1280413977806772
2017-05-08,10,0.102955582446457
2017-05-09,1,0.07059709699221924
2017-05-09,2,0.027000324732679482
2017-05-09,3,0.10674365700357111
2017-05-09,4,0.028400757782089926
2017-05-09,5,0.03695677427941142
2017-05-09,6,0.028066293467948766
2017-05-09,7,0.2845036333050437
2017-05-09,8,0.16038610158499247
2017-05-09,9,0.22355561111509836
2017-05-09,10,0.03378974973694553
2017-05-10,1,0.1009364192604416
2017-05-10,2,0.2800798084596967
2017-05-10,3,3.7776004256451185e-4
2017-05-10,4,0.15680234104815108
2017-05-10,5,0.06881351423250864
2017-05-10,6,0.0265682362330407
2017-05-10,7,0.026914072891726527
2017-05-10,8,3.7776004256451185e-4
2017-05-10,9,0.2884729981378026
2017-05-10,10,0.05065708965150306
2017-05-11,1,0.29491304225230713
2017-05-11,2,0.02407688158387007
2017-05-11,3,0.20054202191750173
2017-05-11,4,0.018301518554042752
2017-05-11,5,3.3276855404275297e-4
2017-05-11,6,0.2628317254966329
2017-05-11,7,0.12619373794179786
2017-05-11,8,0.0033633317408559397
2017-05-11,9,0.04370011549281826
2017-05-11,10,0.025744856466130665
2017-05-12,1,0.16009389671361504
2017-05-12,2,0.005164319248826292
2017-05-12,3,4.694835680751174e-4
2017-05-12,4,4.694835680751174e-4
2017-05-12,5,4.694835680751174e-4
2017-05-12,6,0.05211267605633803
2017-05-12,7,0.5685446009389671
2017-05-12,8,4.694835680751174e-4
2017-05-12,9,0.20704225352112676
2017-05-12,10,0.005164319248826292
2017-05-13,1,0.32720218237420073
2017-05-13,2,0.0033246455379482903
2017-05-13,3,0.005948359744231304
2017-05-13,4,0.29003926883514036
2017-05-13,5,0.026260425354462054
2017-05-13,6,0.0017955935501807064
2017-05-13,7,0.16994961078676676
2017-05-13,8,0.028675632471504033
2017-05-13,9,2.6654156241312206e-4
2017-05-13,10,0.14653773978315263
2017-05-14,1,0.009647058823529411
2017-05-14,2,0.08494117647058824
2017-05-14,3,2.3529411764705883e-4
2017-05-14,4,2.3529411764705883e-4
2017-05-14,5,0.009647058823529411
2017-05-14,6,0.3578823529411765
2017-05-14,7,2.3529411764705883e-4
2017-05-14,8,2.3529411764705883e-4
2017-05-14,9,0.492
2017-05-14,10,0.04494117647058824
2017-05-15,1,3.9053476553476557e-4
2017-05-15,2,0.1097258316008316
2017-05-15,3,0.6399146742896742
2017-05-15,4,0.0364265708015708
2017-05-15,5,0.06529438091938092
2017-05-15,6,0.021411555786555785
2017-05-15,7,0.10433341995841997
2017-05-15,8,0.019318116193116193
2017-05-15,9,3.9053476553476557e-4
2017-05-15,10,0.0027943809193809194
2017-05-16,1,0.17583130038045375
2017-05-16,2,0.11634059661555465
2017-05-16,3,0.05786965789213313
2017-05-16,4,0.32840756839227286
2017-05-16,5,0.005368002852952143
2017-05-16,6,0.0907179835325454
2017-05-16,7,0.02614370671760582
2017-05-16,8,0.0173606832179261
2017-05-16,9,0.0865992077812754
2017-05-16,10,0.09536129261728073
2017-05-17,1,2.6246719160104987e-4
2017-05-17,2,2.6246719160104987e-4
2017-05-17,3,0.07112860892388452
2017-05-17,4,2.6246719160104987e-4
2017-05-17,5,0.09212598425196851
2017-05-17,6,0.005511811023622047
2017-05-17,7,0.48582677165354327
2017-05-17,8,0.02125984251968504
2017-05-17,9,0.3230971128608924
2017-05-17,10,2.6246719160104987e-4
2017-05-18,1,0.5865188825088339
2017-05-18,2,0.0038664973498233218
2017-05-18,3,0.002099712897526502
2017-05-18,4,0.1363753312720848
2017-05-18,5,3.3292844522968203e-4
2017-05-18,6,0.2550038648409894
2017-05-18,7,0.01480399734982332
2017-05-18,8,3.3292844522968203e-4
2017-05-18,9,3.3292844522968203e-4
2017-05-18,10,3.3292844522968203e-4
2017-05-19,1,0.24860905607870418
2017-05-19,2,3.263010396558651e-4
2017-05-19,3,0.06299471843061938
2017-05-19,4,0.15932211693923745
2017-05-19,5,0.003839181601716755
2017-05-19,6,0.2567665820701008
2017-05-19,7,0.03311318628555751
2017-05-19,8,0.005010141789070385
2017-05-19,9,3.263010396558651e-4
2017-05-19,10,0.22969241472568175
2017-05-20,1,1.4880952380952382e-4
2017-05-20,2,0.5016369047619048
2017-05-20,3,0.001636904761904762
2017-05-20,4,1.4880952380952382e-4
2017-05-20,5,0.05520833333333334
2017-05-20,6,0.2456845238095238
2017-05-20,7,0.19508928571428572
2017-05-20,8,1.4880952380952382e-4
2017-05-20,9,1.4880952380952382e-4
2017-05-20,10,1.4880952380952382e-4
2017-05-21,1,3.703703703703704e-4
2017-05-21,2,3.703703703703704e-4
2017-05-21,3,0.7262962962962963
2017-05-21,4,3.703703703703704e-4
2017-05-21,5,0.19296296296296298
2017-05-21,6,3.703703703703704e-4
2017-05-21,7,0.07074074074074074
2017-05-21,8,3.703703703703704e-4
2017-05-21,9,3.703703703703704e-4
2017-05-21,10,0.007777777777777778
2017-05-22,1,0.005622429906542056
2017-05-22,2,0.031217445482866046
2017-05-22,3,2.8909657320872275e-4
2017-05-22,4,2.8909657320872275e-4
2017-05-22,5,0.02340436137071651
2017-05-22,6,0.1818467289719626
2017-05-22,7,0.15293707165109036
2017-05-22,8,0.009622429906542057
2017-05-22,9,0.5072922118380062
2017-05-22,10,0.0874791277258567
2017-05-23,1,0.021500092284976003
2017-05-23,2,0.08349252491694353
2017-05-23,3,0.01342515688445921
2017-05-23,4,0.020692598744924327
2017-05-23,5,3.4376153562200074e-4
2017-05-23,6,3.4376153562200074e-4
2017-05-23,7,0.5067575673680325
2017-05-23,8,0.023599575489110375
2017-05-23,9,0.32950119970468805
2017-05-23,10,3.4376153562200074e-4
2017-05-25,1,0.3014432798730892
2017-05-25,2,3.858124031434257e-4
2017-05-25,3,3.858124031434257e-4
2017-05-25,4,0.04038581240314343
2017-05-25,5,9.635131541544021e-4
2017-05-25,6,0.34100349371406563
2017-05-25,7,0.11179347656644016
2017-05-25,8,0.008759722336845388
2017-05-25,9,0.108415852842196
2017-05-25,10,0.0864632243037789
2017-05-26,1,0.10218112255101959
2017-05-26,2,0.04330806020218504
2017-05-26,3,0.026071398095481903
2017-05-26,4,0.21450042399660804
2017-05-26,5,0.013392366194403777
2017-05-26,6,0.011900911459374991
2017-05-26,7,0.07984596789892348
2017-05-26,8,0.014824888067562126
2017-05-26,9,0.03510532582406007
2017-05-26,10,0.45886953571038097
2017-05-27,1,0.035335195530726254
2017-05-27,2,0.025093109869646184
2017-05-27,3,0.025093109869646184
2017-05-27,4,0.026024208566108008
2017-05-27,5,0.025093109869646184
2017-05-27,6,0.025093109869646184
2017-05-27,7,0.31000931098696466
2017-05-27,8,0.2750931098696462
2017-05-27,9,0.14799813780260707
2017-05-27,10,0.10516759776536314
2017-05-28,1,4.921165790731008e-4
2017-05-28,2,0.004839942666029623
2017-05-28,3,0.007013855709507883
2017-05-28,4,4.921165790731008e-4
2017-05-28,5,0.1927998088867654
2017-05-28,6,0.05266602962255136
2017-05-28,7,0.3827424749163879
2017-05-28,8,0.004839942666029623
2017-05-28,9,0.35362159579550884
2017-05-28,10,4.921165790731008e-4
2017-05-29,1,0.07147906602254428
2017-05-29,2,0.2212777777777778
2017-05-29,3,0.04749355877616747
2017-05-29,4,0.4185
2017-05-29,5,0.06900724637681159
2017-05-29,6,0.019892914653784215
2017-05-29,7,0.12770289855072464
2017-05-29,8,0.005400161030595814
2017-05-29,9,0.01534380032206119
2017-05-29,10,0.0039025764895330114
2017-05-30,1,0.0632670642888596
2017-05-30,2,0.1958701514624096
2017-05-30,3,0.05629365250843859
2017-05-30,4,0.024343000590775148
2017-05-30,5,0.1964037958969168
2017-05-30,6,0.03501807487482164
2017-05-30,7,0.2290764789748779
2017-05-30,8,0.035035180749739485
2017-05-30,9,0.10936746426527973
2017-05-30,10,0.05532513638788151
2017-06-01,1,0.017276004775255496
2017-06-01,2,0.08703002938541399
2017-06-01,3,0.011833520645742645
2017-06-01,4,0.006348809653810004
2017-06-01,5,0.054179868468602115
2017-06-01,6,0.01823577237135312
2017-06-01,7,0.35518560660043075
2017-06-01,8,0.07327785483972764
2017-06-01,9,0.3165086278215274
2017-06-01,10,0.06012390543813685
2017-06-02,1,0.03928380494188354
2017-06-02,2,0.033504750043728625
2017-06-02,3,0.02707331921165284
2017-06-02,4,0.016467029293838874
2017-06-02,5,0.037683887203453934
2017-06-02,6,0.03598262946975253
2017-06-02,7,0.2940333291385708
2017-06-02,8,0.13350197330842176
2017-06-02,9,0.23333033805230982
2017-06-02,10,0.14913893933638733
2017-06-03,1,0.016199165691642457
2017-06-03,2,0.06738254297259728
2017-06-03,3,0.036758218978706625
2017-06-03,4,0.047175198621432164
2017-06-03,5,0.06785219181661534
2017-06-03,6,0.02380432017003081
2017-06-03,7,0.2633551252497753
2017-06-03,8,0.0559367959867776
2017-06-03,9,0.30883771306095653
2017-06-03,10,0.11269872745146593
2017-06-04,1,0.0010662994053437925
2017-06-04,2,0.2159065171941601
2017-06-04,3,0.07440624593523021
2017-06-04,4,3.3743643158285955e-4
2017-06-04,5,0.0010662994053437925
2017-06-04,6,0.0024121252282633576
2017-06-04,7,0.3096375371802602
2017-06-04,8,0.09992529972742455
2017-06-04,9,0.23192114993763577
2017-06-04,10,0.06332108955475532
2017-06-05,1,0.009886558633447423
2017-06-05,2,0.0787783304240411
2017-06-05,3,0.0513502281492812
2017-06-05,4,0.04078017246509258
2017-06-05,5,0.0948341364710433
2017-06-05,6,0.02455328794473131
2017-06-05,7,0.1766570640620035
2017-06-05,8,0.16224642408701473
2017-06-05,9,0.2508643885621717
2017-06-05,10,0.11004940920117313
2017-06-06,1,0.0792594502328536
2017-06-06,2,0.1413628049210392
2017-06-06,3,0.00839774635666765
2017-06-06,4,0.09381188461223912
2017-06-06,5,0.03914073113781698
2017-06-06,6,0.07022067507904578
2017-06-06,7,0.22791934075798612
2017-06-06,8,0.042491462593880217
2017-06-06,9,0.18905095377808986
2017-06-06,10,0.10834495053038146
2017-06-07,1,0.1300385053289102
2017-06-07,2,0.20846633202667728
2017-06-07,3,0.0916330501296379
2017-06-07,4,0.013121023849463644
2017-06-07,5,0.26106206955489236
2017-06-07,6,0.03708427584906283
2017-06-07,7,0.12376064562584431
2017-06-07,8,0.035485241101859806
2017-06-07,9,0.04886965178184915
2017-06-07,10,0.0504792047518025
2017-06-08,1,0.01656639656639657
2017-06-08,2,0.09751877751877751
2017-06-08,3,0.006309986309986309
2017-06-08,4,3.2708032708032706e-4
2017-06-08,5,0.00611018611018611
2017-06-08,6,0.1983956783956784
2017-06-08,7,0.2928456728456728
2017-06-08,8,0.055105635105635105
2017-06-08,9,0.22566470566470567
2017-06-08,10,0.10115588115588116
2017-06-09,1,0.04893778301031496
2017-06-09,2,0.18583355300774446
2017-06-09,3,0.03301899334329516
2017-06-09,4,0.10145419438887077
2017-06-09,5,0.2901479278970059
2017-06-09,6,0.047255996369074085
2017-06-09,7,0.058232652408169404
2017-06-09,8,0.04107616335824609
2017-06-09,9,0.026647007668311355
2017-06-09,10,0.1673957285489678
2017-06-11,1,0.03366935483870968
2017-06-11,2,6.720430107526882e-5
2017-06-11,3,0.02493279569892473
2017-06-11,4,6.720430107526882e-5
2017-06-11,5,6.720430107526882e-5
2017-06-11,6,0.006115591397849462
2017-06-11,7,0.05248655913978494
2017-06-11,8,0.06659946236559139
2017-06-11,9,0.14455645161290323
2017-06-11,10,0.6714381720430108
2017-06-12,1,0.09693131965400774
2017-06-12,2,0.06099874641837697
2017-06-12,3,0.06897485499132562
2017-06-12,4,0.03987176363364017
2017-06-12,5,0.2524838941521553
2017-06-12,6,0.042833328394691526
2017-06-12,7,0.11420437221899292
2017-06-12,8,0.1956930861291931
2017-06-12,9,0.07640584382539298
2017-06-12,10,0.05160279058222376
2017-06-13,1,0.04617427537711466
2017-06-13,2,0.08469852280192854
2017-06-13,3,0.08473092026203317
2017-06-13,4,0.1301355910147199
2017-06-13,5,0.29992113837066664
2017-06-13,6,0.015199741033842211
2017-06-13,7,0.10573468604762222
2017-06-13,8,0.06122776470134659
2017-06-13,9,0.03922523051753085
2017-06-13,10,0.13295212987319527
2017-06-14,1,0.15920949241527516
2017-06-14,2,0.1516050672505283
2017-06-14,3,0.06207438660094525
2017-06-14,4,0.010692493699073278
2017-06-14,5,0.2813277373625792
2017-06-14,6,0.1347982096259763
2017-06-14,7,0.02847633668211945
2017-06-14,8,0.0036217866283662077
2017-06-14,9,0.051040193807729554
2017-06-14,10,0.11715429592740724
2017-06-15,1,0.06091781312146157
2017-06-15,2,0.049488193828301524
2017-06-15,3,0.0902382069998058
2017-06-15,4,0.195526383719746
2017-06-15,5,0.031700609261723675
2017-06-15,6,0.07795964891760618
2017-06-15,7,0.13198095290957465
2017-06-15,8,0.028565977457191458
2017-06-15,9,0.14771381781125997
2017-06-15,10,0.18590839597332917
2017-06-16,1,0.16259203886824616
2017-06-16,2,0.17069132841004175
2017-06-16,3,0.09498142463653517
2017-06-16,4,0.0556411522529196
2017-06-16,5,0.2763669841936182
2017-06-16,6,0.01582511710238139
2017-06-16,7,0.05802760803563694
2017-06-16,8,0.004102059063989534
2017-06-16,9,0.03129398558631684
2017-06-16,10,0.1304783018503144
2017-06-17,1,0.18562834745350082
2017-06-17,2,0.04394707371701237
2017-06-17,3,0.3721679326127179
2017-06-17,4,0.2208703379102152
2017-06-17,5,2.354172752945759e-4
2017-06-17,6,0.07719276463141493
2017-06-17,7,0.02087033791021521
2017-06-17,8,2.354172752945759e-4
2017-06-17,9,2.354172752945759e-4
2017-06-17,10,0.07861695393903982
2017-06-18,1,0.3087931034482759
2017-06-18,2,0.12948275862068964
2017-06-18,3,0.20706896551724138
2017-06-18,4,0.07086206896551725
2017-06-18,5,1.724137931034483e-4
2017-06-18,6,0.2346551724137931
2017-06-18,7,1.724137931034483e-4
2017-06-18,8,1.724137931034483e-4
2017-06-18,9,0.038103448275862074
2017-06-18,10,0.010517241379310344
2017-06-19,1,0.2689754532903521
2017-06-19,2,0.10218935121359353
2017-06-19,3,0.03415979498719675
2017-06-19,4,0.25075723354725216
2017-06-19,5,0.0017941741050207867
2017-06-19,6,0.03586054182700703
2017-06-19,7,0.2697373961966293
2017-06-19,8,2.365417062668927e-4
2017-06-19,9,2.365417062668927e-4
2017-06-19,10,0.036052971420414616
2017-06-20,1,0.04946085856591439
2017-06-20,2,0.2016209479905628
2017-06-20,3,0.06069619880887269
2017-06-20,4,2.362874343947195e-4
2017-06-20,5,0.2015337397490816
2017-06-20,6,0.038697805318164254
2017-06-20,7,0.175674633183602
2017-06-20,8,8.110000780728805e-4
2017-06-20,9,0.21723884918834066
2017-06-20,10,0.05402967968299403
2017-06-21,1,0.09207024076662333
2017-06-21,2,0.08348533496477312
2017-06-21,3,0.07114879817327167
2017-06-21,4,0.011034753605085818
2017-06-21,5,0.1528811226393518
2017-06-21,6,0.04497862663069541
2017-06-21,7,0.13554915650589164
2017-06-21,8,0.18699980474443498
2017-06-21,9,0.06024857640844186
2017-06-21,10,0.16160358556143037
2017-06-22,1,3.257328990228013e-4
2017-06-22,2,0.14039087947882736
2017-06-22,3,0.13061889250814332
2017-06-22,4,3.257328990228013e-4
2017-06-22,5,0.2315960912052117
2017-06-22,6,0.04267100977198697
2017-06-22,7,0.4335504885993485
2017-06-22,8,0.01986970684039088
2017-06-22,9,3.257328990228013e-4
2017-06-22,10,3.257328990228013e-4
2017-06-23,1,0.28849371036239513
2017-06-23,2,0.02813273006754328
2017-06-23,3,0.024806617736418696
2017-06-23,4,0.13660166247640534
2017-06-23,5,0.007524039178858607
2017-06-23,6,0.15267956639052188
2017-06-23,7,0.089520185164506
2017-06-23,8,0.004404463718857616
2017-06-23,9,0.16303849850922914
2017-06-23,10,0.1047985263952643
2017-06-24,1,0.14323308270676693
2017-06-24,2,0.1018796992481203
2017-06-24,3,0.20714285714285716
2017-06-24,4,0.00037593984962406017
2017-06-24,5,0.019172932330827067
2017-06-24,6,0.00037593984962406017
2017-06-24,7,0.15827067669172934
2017-06-24,8,0.00037593984962406017
2017-06-24,9,0.368796992481203
2017-06-24,10,0.00037593984962406017
2017-06-26,1,0.03945911508309126
2017-06-26,2,0.04779947883670892
2017-06-26,3,0.04037287493951679
2017-06-26,4,0.013941289096166237
2017-06-26,5,0.11836600285073852
2017-06-26,6,0.2025542665326731
2017-06-26,7,0.2516969795324226
2017-06-26,8,0.11665597630080132
2017-06-26,9,0.09134759339003569
2017-06-26,10,0.07780642343784563
2017-06-27,1,0.14194771541880505
2017-06-27,2,0.11221298908653096
2017-06-27,3,0.0512669455378613
2017-06-27,4,0.09425276987556565
2017-06-27,5,0.22592571469303244
2017-06-27,6,0.18303954155736016
2017-06-27,7,0.11370959150792906
2017-06-27,8,0.0013223384110837319
2017-06-27,9,0.01659119346650824
2017-06-27,10,0.059731200445323415
2017-06-28,1,0.14954638686599767
2017-06-28,2,0.05745552872229268
2017-06-28,3,0.03819236784298428
2017-06-28,4,0.08913751318436328
2017-06-28,5,0.012217571007726673
2017-06-28,6,0.3018328773280369
2017-06-28,7,0.21981388470328633
2017-06-28,8,0.050573735391288316
2017-06-28,9,0.054047267435068866
2017-06-28,10,0.02718286751895505
2017-06-29,1,0.23004111565145516
2017-06-29,2,0.1188927568526099
2017-06-29,3,0.15188949835348986
2017-06-29,4,0.009430221390040232
2017-06-29,5,0.010280003067323778
2017-06-29,6,0.02269314875845841
2017-06-29,7,0.20870071180085198
2017-06-29,8,0.11453218746761606
2017-06-29,9,0.03270696657254557
2017-06-29,10,0.10083339008560901
2017-07-03,1,0.010062383386622367
2017-07-03,2,0.12130429061309222
2017-07-03,3,0.11371289539310345
2017-07-03,4,0.019564705116547003
2017-07-03,5,0.025019984300639748
2017-07-03,6,0.16751759967961105
2017-07-03,7,0.19688047493811603
2017-07-03,8,0.14801686647304357
2017-07-03,9,0.0943597499641421
2017-07-03,10,0.10356105013508242
2017-07-04,1,0.035989185107587626
2017-07-04,2,0.11926795646396943
2017-07-04,3,0.0665990588402453
2017-07-04,4,0.06756861365782965
2017-07-04,5,0.1703599506190574
2017-07-04,6,0.021893196475764435
2017-07-04,7,0.06550083963936658
2017-07-04,8,0.13861123078214493
2017-07-04,9,0.18791968539327475
2017-07-04,10,0.12629028302075992
2017-07-05,1,0.03430555937677048
2017-07-05,2,0.10738546777048558
2017-07-05,3,0.036789333709190665
2017-07-05,4,3.225841679570223e-4
2017-07-05,5,0.14437852822390107
2017-07-05,6,0.26123735839610623
2017-07-05,7,0.21000069624219586
2017-07-05,8,0.040174982691942265
2017-07-05,9,0.143762761982131
2017-07-05,10,0.021642727439319807
2017-07-06,1,0.04290669398076393
2017-07-06,2,0.026234186380836973
2017-07-06,3,0.23176393888639593
2017-07-06,4,0.12670646276037142
2017-07-06,5,0.012964391659429348
2017-07-06,6,0.002721145685108645
2017-07-06,7,0.17753215085759866
2017-07-06,8,0.032220975129722496
2017-07-06,9,0.18696867312794732
2017-07-06,10,0.15998138153182528
2017-07-07,1,0.014703835213525019
2017-07-07,2,0.16970516980842704
2017-07-07,3,0.03170559888195536
2017-07-07,4,0.05585609858801061
2017-07-07,5,0.07708897020735567
2017-07-07,6,0.12769615872619589
2017-07-07,7,0.16613800760007516
2017-07-07,8,0.11254862774430789
2017-07-07,9,0.10085178131721195
2017-07-07,10,0.14370575191293541
2017-07-08,1,0.09827633969773489
2017-07-08,2,0.03557733479413905
2017-07-08,3,0.016840921281837885
2017-07-08,4,0.1425270082924421
2017-07-08,5,0.04423289659047986
2017-07-08,6,0.030582452720206564
2017-07-08,7,0.28965437425094664
2017-07-08,8,0.2043095039144488
2017-07-08,9,0.08150324580880455
2017-07-08,10,0.056495922648959696
2017-07-10,1,0.02166252836238003
2017-07-10,2,0.21599004102026742
2017-07-10,3,0.17621957093829282
2017-07-10,4,0.006024858205341146
2017-07-10,5,0.2540578139366652
2017-07-10,6,0.1713959142905961
2017-07-10,7,0.0346796881514193
2017-07-10,8,0.0022051667500199955
2017-07-10,9,0.025290687227267728
2017-07-10,10,0.09247373111775029
2017-07-11,1,0.11295833600273346
2017-07-11,2,0.05811817968266172
2017-07-11,3,0.24544600337412176
2017-07-11,4,0.23934909347171504
2017-07-11,5,0.08562367864693445
2017-07-11,6,2.669400132402247e-4
2017-07-11,7,0.242627116834305
2017-07-11,8,0.008531402823157579
2017-07-11,9,0.006812309137890533
2017-07-11,10,2.669400132402247e-4
2017-07-12,1,0.18620420025897555
2017-07-12,2,0.11939024114223669
2017-07-12,3,0.06490556233121814
2017-07-12,4,0.0930357190412181
2017-07-12,5,0.1256668394887706
2017-07-12,6,0.058849238777669004
2017-07-12,7,0.07589105328674305
2017-07-12,8,0.1251258014468061
2017-07-12,9,0.017183239338296605
2017-07-12,10,0.13374810488806618
2017-07-13,1,0.020682922814680236
2017-07-13,2,0.21254906373971233
2017-07-13,3,0.06770335870857715
2017-07-13,4,0.09893033047634298
2017-07-13,5,0.16196241033585523
2017-07-13,6,0.06438256868067933
2017-07-13,7,0.07155671003807554
2017-07-13,8,0.010603511079875602
2017-07-13,9,0.07492029704356332
2017-07-13,10,0.21670882708263828
2017-07-14,1,0.01412037037037037
2017-07-14,2,2.314814814814815e-4
2017-07-14,3,2.314814814814815e-4
2017-07-14,4,0.0349537037037037
2017-07-14,5,0.05578703703703704
2017-07-14,6,0.04652777777777778
2017-07-14,7,2.314814814814815e-4
2017-07-14,8,0.0025462962962962965
2017-07-14,9,0.03263888888888889
2017-07-14,10,0.8127314814814816
2017-07-15,1,0.1596875
2017-07-15,2,3.125e-4
2017-07-15,3,3.125e-4
2017-07-15,4,0.38468749999999996
2017-07-15,5,3.125e-4
2017-07-15,6,0.2534375
2017-07-15,7,0.20031249999999998
2017-07-15,8,3.125e-4
2017-07-15,9,3.125e-4
2017-07-15,10,3.125e-4
2017-07-16,1,0.017037358421629522
2017-07-16,2,0.03367662282304226
2017-07-16,3,0.13275864693703568
2017-07-16,4,0.028241840214346607
2017-07-16,5,0.017037358421629522
2017-07-16,6,0.017037358421629522
2017-07-16,7,0.15736740348313238
2017-07-16,8,0.31815780660090126
2017-07-16,9,0.10671127146510777
2017-07-16,10,0.17197433321154548
2017-07-17,1,2.303143479614068e-4
2017-07-17,2,0.08062247121070651
2017-07-17,3,0.07453781512605041
2017-07-17,4,0.011014628073451603
2017-07-17,5,2.303143479614068e-4
2017-07-17,6,0.17576719576719577
2017-07-17,7,2.303143479614068e-4
2017-07-17,8,0.01591658885776533
2017-07-17,9,0.140239651416122
2017-07-17,10,0.5012107065048241
2017-07-18,1,0.1427486553320055
2017-07-18,2,0.1615643853015039
2017-07-18,3,0.22542288485408307
2017-07-18,4,0.03570682870036275
2017-07-18,5,0.001686006793099135
2017-07-18,6,0.02063644411088339
2017-07-18,7,0.07748775606423616
2017-07-18,8,0.005178775895082219
2017-07-18,9,0.2839604441493712
2017-07-18,10,0.04560781879937265
2017-07-19,1,0.10070294505439595
2017-07-19,2,0.19295943260942083
2017-07-19,3,0.32275245827700033
2017-07-19,4,4.2580990883976644e-4
2017-07-19,5,0.08236317260234612
2017-07-19,6,0.14733795449161413
2017-07-19,7,0.05123662071965058
2017-07-19,8,0.019462083024060252
2017-07-19,9,0.06837490333518231
2017-07-19,10,0.014384619977489653
2017-07-20,1,0.1959476499333869
2017-07-20,2,0.1520317610324191
2017-07-20,3,0.12974281914692576
2017-07-20,4,0.1366381451836603
2017-07-20,5,0.06306686793485305
2017-07-20,6,0.06838287987608697
2017-07-20,7,0.07375705202259808
2017-07-20,8,0.01993598492967608
2017-07-20,9,0.10573712451948793
2017-07-20,10,0.05475971542090577
2017-07-21,1,0.02512626262626263
2017-07-21,2,0.041540404040404044
2017-07-21,3,0.02512626262626263
2017-07-21,4,0.12234848484848485
2017-07-21,5,0.06805555555555556
2017-07-21,6,0.02512626262626263
2017-07-21,7,0.1539141414141414
2017-07-21,8,0.3963383838383838
2017-07-21,9,0.056691919191919196
2017-07-21,10,0.08573232323232324
2017-07-22,1,0.05478339220585279
2017-07-22,2,0.12978123833318972
2017-07-22,3,0.09056639671462624
2017-07-22,4,0.3790166135378076
2017-07-22,5,0.13383769851526375
2017-07-22,6,0.03906012176560122
2017-07-22,7,0.06534454783033228
2017-07-22,8,2.7605467964733925e-4
2017-07-22,9,0.007613580885098073
2017-07-22,10,0.0997203555325809
2017-07-24,1,0.3607530588500761
2017-07-24,2,0.10166682898768856
2017-07-24,3,0.042054232624605836
2017-07-24,4,0.03435512501095071
2017-07-24,5,0.019575163041235563
2017-07-24,6,0.11277235009254727
2017-07-24,7,0.12155776515929045
2017-07-24,8,0.09350526407450706
2017-07-24,9,0.060185233738053255
2017-07-24,10,0.053574978421045194
2017-07-25,1,0.013790059892823368
2017-07-25,2,2.7039333123183077e-4
2017-07-25,3,0.04258414766558089
2017-07-25,4,0.3775671605197716
2017-07-25,5,2.7039333123183077e-4
2017-07-25,6,0.23124654127701305
2017-07-25,7,0.005124864277958741
2017-07-25,8,0.03935834121396799
2017-07-25,9,0.0658617911806942
2017-07-25,10,0.22392630730972646
2017-07-26,1,0.05446442825901041
2017-07-26,2,0.10851700452475012
2017-07-26,3,0.3464837884118236
2017-07-26,4,0.09718893353427956
2017-07-26,5,0.022289836857344144
2017-07-26,6,0.0456908542049197
2017-07-26,7,0.11961873199269342
2017-07-26,8,0.06709420284265533
2017-07-26,9,0.07064162163613902
2017-07-26,10,0.06801059773638472
2017-07-27,1,0.2669873161880212
2017-07-27,2,0.08289548336725618
2017-07-27,3,0.22197117637864386
2017-07-27,4,0.09299969466074898
2017-07-27,5,0.03260458000706702
2017-07-27,6,0.15713961840325982
2017-07-27,7,0.012878444343129809
2017-07-27,8,0.055033335401102994
2017-07-27,9,0.0012900618275602834
2017-07-27,10,0.07620028942320987
2017-07-28,1,0.041106076449401646
2017-07-28,2,0.11322760543743464
2017-07-28,3,0.03366762782935665
2017-07-28,4,0.25155581609049715
2017-07-28,5,1.7480486284947771e-4
2017-07-28,6,0.0956599807767462
2017-07-28,7,0.030630987462636122
2017-07-28,8,0.0018304340019223255
2017-07-28,9,0.008548010604476271
2017-07-28,10,0.42359865648467954
2017-07-29,1,0.17204633809411923
2017-07-29,2,0.0014129052791900165
2017-07-29,3,0.04302520700337104
2017-07-29,4,0.08872675221750642
2017-07-29,5,0.005900408424441478
2017-07-29,6,0.04170128526222649
2017-07-29,7,0.06257658999751713
2017-07-29,8,0.026905689114180543
2017-07-29,9,0.13924157364220954
2017-07-29,10,0.4184632509652381
2017-07-30,1,1.7271157167530226e-4
2017-07-30,2,0.18497409326424868
2017-07-30,3,0.5511226252158895
2017-07-30,4,1.7271157167530226e-4
2017-07-30,5,0.1711571675302245
2017-07-30,6,1.7271157167530226e-4
2017-07-30,7,1.7271157167530226e-4
2017-07-30,8,1.7271157167530226e-4
2017-07-30,9,1.7271157167530226e-4
2017-07-30,10,0.09170984455958549
